ESTABLECIMIENTO,GIRO,CALLE,COLONIA,"CODIGO 
POSTAL","MUNICIPIO O 
DELEGACION",ENTIDAD,No. LICENCIA,FECHA EXPEDICION,"LINEAS DE COMERCIALIZACION AUTORIZADAS 
(ESTUPEFACIENTES GRUPO I), (PSICOTRÓPICOS 
GRUPOS  II, III), VACUNAS, TOXOIDES, SUEROS DE 
ORIGEN ANIMAL, ANTITOXINAS DE ORIGEN ANIMAL, 
HEMODERIVADOS, (I,II,III,V,T,S,A,H) METADONA, 
OXYCONTIN)"
SAN JUAN,FARMACIA,"PLAZA CENTENARIO  
NO.3",CENTRO,----,COATLAN DEL RIO,MORELOS,1005000061,----,"VACUNAS, TOXOIDES Y SUEROS DE ORIGEN ANIMAL"
FARMACIA TABACHINES,FARMACIA,RUIZ CORTINES NO.110,ACAPANTZINGO,62440,CUERNAVACA,MORELOS,17007090184,19/08/2009,"PSICOTROPICOS GRUPOS II, III; SUEROS Y 
ANTITOXINAS DE ORIGEN ANIMAL, TOXOIDES, 
HEMODERIVADOS, VACUNAS"
"FARMACIA 
FARMAPRONTO",FARMACIA,"CARRETERA 
CUERNAVACA 
TEPOZTLAN No. 20",AHUATEPEC,62300,CUERNAVACA,MORELOS,17007090252,12/03/2005,"PSICOTROPICOS GRUPOS II, III; SUEROS Y 
ANTITOXINAS DE ORIGEN ANIMAL, TOXOIDES, 
HEMODERIVADOS, VACUNAS"
"FARMACIAS DEL 
AHORRO",FARMACIA,EMILIANO ZAPTA No. 100,BELLAVISTA,62130,CUERNAVACA,MORELOS,17007090210,13/04/2011,"PSICOTROPICOS GRUPOS II Y III, SUEROS Y 
ANTITOXINAS DE ORIGEN ANIMAL, HEMODERIVADOS, 
TOXOIDES, VACUNAS"
FARMACIA PRINCIPAL,FARMACIA,"JUPITER No. 100 LUCAL- 
7",BELLO HORIZONTE,62340,CUERNAVACA,MORELOS,17007090243,04/11/2011,"PSICOTROPICOS GRUPOS II Y III, SUEROS Y 
ANTITOXINAS DE ORIGEN ANIMAL, HEMODERIVADOS, 
TOXOIDES, VACUNAS"
"FARMACIAS DEL 
AHORRO",FARMACIA,"AV. COLEGIO MILITAR N.-
102 LOC.1 Y 2",BUENA VISTA,62130,CUERNAVACA,MORELOS,17007090217,23/05/2011,"PSICOTROPICOS GRUPOS II Y III, SUEROS Y 
ANTITOXINAS DE ORIGEN ANIMAL, HEMODERIVADOS, 
TOXOIDES, VACUNAS"
"COMERCIALIZADORA 
FARMAPRONTO  S.A DE 
C.V SUC. TT",FARMACIA,"FRANCISCO VILLA 
NO.163",BUENA VISTA,62130,CUERNAVACA,MORELOS,17007090187,16/02/2010,"PSICOTROPICOS GRUPOS II, III; SUEROS Y 
ANTITOXINAS DE ORIGEN ANIMAL, TOXOIDES, 
VACUNAS"
"FARMACIAS ""V""",FARMACIA,"AV.DIAZ ORDAZ 
ESQ.ALTA TENSION L-6 
PLAZA SANTA LUCIA",CANTARRANAS,62448,CUERNAVACA,MORELOS,1700709101,15/12/2004,"PSICOTROPICOS GRUPOS II Y III, Y VACUNAS"
FARMACIA PRINCIPAL,FARMACIA,ACTORES NO.203-6,CAROLINA,62190,CUERNAVACA,MORELOS,1007007192,NO TIENE,"PSICOTROPICOS GRUPOS , SUEROS, VACUNAS, 
HEMODERIVADOS"
"FARMACIAS DEL 
AHORRO",FARMACIA,NO REELECCION NO.8-,CENTRO,62000,CUERNAVACA,MORELOS,17007090223,27/04/2011,"PSICOTROPICOS GRUPOS II Y III, SUEROS Y 
ANTITOXINAS DE ORIGEN ANIMAL, HEMODERIVADOS, 
TOXOIDES, VACUNAS"
"FARMACIA BODEGA 
AURRERA",FARMACIA,MORELOS N.-249,CENTRO,62000,CUERNAVACA,MORELOS,17007090073,11/09/2003,"PSICOTROPICOS GRUPOS II Y III Y TOXOIDES, 
VACUNAS"
EL FENIX DEL CENTRO,FARMACIA,"VICENTE GUERRERO 
NO.37",CENTRO,62000,CUERNAVACA,MORELOS,1007006540,NO TIENE,"PSICOTROPICOS, VACUNAS, TOXOIDES Y SUEROS"
FARMACIA ROXY,FARMACIA,ABASOLO NO.38,CENTRO,62000,CUERNAVACA,MORELOS,17007090056,14/03/2003,"PSICOTROPICOS GRUPOS II Y III, SUEROS DE ORIGEN 
ANIMAL, TOXOIDES, VACUNAS"
"FARMACIAS DEL 
AHORRO",FARMACIA,CUAUHTEMOTZIN NO.40,CENTRO,62000,CUERNAVACA,MORELOS,17007090227,04/05/2011,"PSICOTROPICOS GRUPOS II Y III, SUEROS Y 
ANTITOXINAS DE ORIGEN ANIMAL, HEMODERIVADOS, 
TOXOIDES, VACUNAS"
"TIENDAS SORIANA S.A. 
DE C.V.",FARMACIA,MORELOS SUR NO.235,CENTRO,62000,CUERNAVACA,MORELOS,17007090345,22/01/2018,"ESTUPEFACIENTES PSICOTROPICOS GRUPOS II, III; 
SUEROS Y ANTITOXINAS DE ORIGEN ANIMAL, 
TOXOIDES, HEMODERIVADOS, VACUNAS"
"FARMACIAS DEL 
AHORRO",FARMACIA,"DEGOLLADO S/N LOCAL 
1",CENTRO,62000,CUERNAVACA,MORELOS,17007090233,09/05/2011,"PSICOTROPICOS GRUPOS II Y III, SUEROS Y 
ANTITOXINAS DE ORIGEN ANIMAL, HEMODERIVADOS, 
TOXOIDES, VACUNAS"
"FARMACIAS DEL 
AHORRO",FARMACIA,"HIDALGO NO.7,",CENTRO,62000,CUERNAVACA,MORELOS,17007090236,11/05/2011,"PSICOTROPICOS GRUPOS II Y III, SUEROS Y 
ANTITOXINAS DE ORIGEN ANIMAL, HEMODERIVADOS, 
TOXOIDES, VACUNAS"
"SANBORN HERMANOS 
S.A.",FARMACIA,ABASOLO NO.313,CENTRO,62000,CUERNAVACA,MORELOS,17007090016,23/09/2002,"PSICOTROPICOS GRUPOS II Y III, TOXOIDES, 
VACUNAS, SUEROS DE ORIGEN ANIMAL"
FARMACIA CATEDRAL,FARMACIA,MORELOS NO.182,CENTRO,62000,CUERNAVACA,MORELOS,17007090203,07/04/2011,"PSICOTROPICOS GRUPOS II Y III, SUEROS Y 
ANTITOXINAS DE ORIGEN ANIMAL, HEMODERIVADOS, 
TOXOIDES, VACUNAS"
FARMAPRONTO CENTRO,FARMACIA,MORELOS NO.238,CENTRO,62000,CUERNAVACA,MORELOS,17007090001,NO TIENE,PSICOTROPICOS GRUPOS II Y III.
"FARMACIAS DEL 
AHORRO",FARMACIA,MORROW NO.2-A,CENTRO,62000,CUERNAVACA,MORELOS,17007090214,13/04/2011,"PSICOTROPICOS GRUPOS II Y III, SUEROS Y 
ANTITOXINAS DE ORIGEN ANIMAL, HEMODERIVADOS, 
TOXOIDES, VACUNAS"
"JURISDICCION 
SANITARIA NO.1",FARMACIA,CALLEJON BORDA NO.3,CENTRO,62000,CUERNAVACA,MORELOS,17007100123,30/06/2006,"PSICOTROPICOS GRUPOS II Y III, SUEROS Y 
ANTITOXINAS DE ORIGEN ANIMAL, HEMODERIVADOS, 
TOXOIDES, VACUNAS"
"ALMACEN DE LA 
JURISDICCION 
SANITARIA 1",FARMACIA,"CIRCITO CASTILLO DE 
CHAPULTEPEC S/Nº",REVOLICION,62390,CUERNAVACA,MORELOS,17007090241,02/10/2011,"SUEROS Y ANTITOXINAS DE ORIGEN ANIMAL, 
HEMODERIVADOS, TOXOIDES, VACUNAS"
"DROGUERIA Y FARM.SAN 
JOSE DEL CALVARIO",FARMACIA,MATAMOROS NO.79,CENTRO,62000,CUERNAVACA,MORELOS,1007007197,NO TIENE,DROGUERIA CON VENTA DE PSICOTROPICOS
"CLINICA BORDA S.A. DE 
C.V.",FARMACIA,OBREGON NO.105,CENTRO,62000,CUERNAVACA,MORELOS,1007007180,NO TIENE,"ESTUPEFACIENTES, PSICOTROPICOS GRUPOS II Y III, 
VACUNAS SUEROS Y TOXOIDES"
SAN ANTONIO,FARMACIA,UNIVERSIDAD S/N,CHAMILPA,62210,CUERNAVACA,MORELOS,17007090164,12/09/2008,"SUEROS DE ORIGEN ANIMAL,TOXOIDES, VACUNAS"
FARMAPRONTO,FARMACIA,ALDAMA ESQ.HIDALGO,CHAMILPA,62210,CUERNAVACA,MORELOS,17007090081,09/12/2003,"VACUNAS, TOXOIDES, SUEROS Y ANTITOXINAS DE 
ORIGEN ANIMAL, HEMODERIVADOS"
FARMACIA AURRERA,FARMACIA,"CUAUHTEMOC NO.186 
ANTES 1698",CHAPULTEPEC,62450,CUERNAVACA,MORELOS,1007007190,NO TIENE,"PSICOTROPICOS GRUPOS II Y III, VACUNAS, SUEROS, 
TOXOIDES"
"FARMACIAS DEL 
AHORRO",FARMACIA,PLAN DE AYALA S/N,CHAPULTEPEC,62450,CUERNAVACA,MORELOS,17007090208,13/04/2011,"PSICOTROPICOS GRUPOS II Y III, SUEROS Y 
ANTITOXINAS DE ORIGEN ANIMAL, HEMODERIVADOS, 
TOXOIDES, VACUNAS"
"FARMACIAS DEL 
AHORRO",FARMACIA,"AV. MORELOS SUR 
NO.73",CHIPITLAN,62070,CUERNAVACA,MORELOS,17007090206,13/04/2011,"PSICOTROPICOS GRUPOS II Y III, SUEROS Y 
ANTITOXINAS DE ORIGEN ANIMAL, HEMODERIVADOS, 
TOXOIDES, VACUNAS"
"FARMACIA SUCURSAL 
CUERNAVACA",FARMACIA,"FRACC. BASE TRANQ. 
APOLO XI NO.2",DEL EMPLEADO,62250,CUERNAVACA,MORELOS,17007090160,20/06/2008,"PSICOTROPICOS GRUPOS II Y III, SUEROS Y 
ANTITOXINAS DE ORIGEN ANIMAL, HEMODERIVADOS, 
TOXOIDES, VACUNAS"
"WAL MART DOMINGO 
DIEZ",FARMACIA,AV. DOMINGO DIEZ 727,EMPLEADO,62250,CUERNAVACA,MORELOS,17007090112,18/11/2005,"PSICOTROPICOS GRUPOS II Y III, SUEROS Y 
ANTITOXINAS DE ORIGEN ANIMAL, HEMODERIVADOS, 
TOXOIDES, VACUNAS"
"FARMACIAS DEL 
AHORRO",FARMACIA,CUAUHNAHUAC NO.902,ESTRADA CAJIGAL,62460,CUERNAVACA,MORELOS,17007090353,09/05/2018,"PSICOTROPICOS GRUPOS II Y III, SUEROS Y 
ANTITOXINAS DE ORIGEN ANIMAL, HEMODERIVADOS, 
TOXOIDES, VACUNAS"
"MEGA COMERCIAL 
MEXICANA",FARMACIA,"KM.87.5 AUT.MEX-ACAP 
Y AV.50 MTS NO.27",FLORES MAGON,62370,CUERNAVACA,MORELOS,17007090079,24/11/2003,"PSICOTROPICOS GRUPOS II Y III, SUEROS Y 
ANTITOXINAS DE ORIGEN ANIMAL, HEMODERIVADOS, 
TOXOIDES, VACUNAS"
"TIENDAS SORIANA S.A. 
DE C.V.",FARMACIA,"PASEO CUAUHNAHUAC 
NO.101",FLORES MAGON,62370,CUERNAVACA,MORELOS,17007090345,22/01/2018,"ESTUPEFACIENTES PSICOTROPICOS GRUPOS II, III; 
SUEROS Y ANTITOXINAS DE ORIGEN ANIMAL, 
TOXOIDES, HEMODERIVADOS, VACUNAS"
"FARMACOS 
ESPECIALIZADOS S.A. 
DE C.V.",FARMACIA,"PLAN DE AYALA NO.604 
L-1, 2 Y 3","FRACC. 
JACARANDAS",62420,CUERNAVACA,MORELOS,17007090117,01/03/2006,"ESTUPEFACIENTES, PSICOTROPICOS GRUPOS II Y III, 
SUEROS Y ANTITOXINAS DE ORIGEN ANIMAL, 
HEMODERIVADOS, TOXOIDES, VACUNAS"
FARMACIA AL PRECIO,FARMACIA,PLAN DE AYALA NO.832,JACARANDAS,62420,CUERNAVACA,MORELOS,17007090147,22/08/2007,"PSICOTROPICOS GRUPOS II Y III, SUEROS Y 
ANTITOXINAS DE ORIGEN ANIMAL, HEMODERIVADOS, 
TOXOIDES, VACUNAS"
"FARMACIA 
FARMAPRONTO JUAREZ",FARMACIA,BENITO JUAREZ NO.97-A,LAS PALMAS,,CUERNAVACA,MORELOS,1007007170,NO TIENE,"CON VENTA DE MEDICAMENTOS PSICOTROPICOS 
GRUPOS II Y III SUEROS, VACUNAS Y TOXOIDES"
"FARMACIAS DEL 
AHORRO",FARMACIA,MORELOS SUR NO.814,LAS PALMAS,62000,CUERNAVACA,MORELOS,17007090230,06/05/2011,"PSICOTROPICOS GRUPOS II Y III, SUEROS Y 
ANTITOXINAS DE ORIGEN ANIMAL, HEMODERIVADOS, 
TOXOIDES, VACUNAS"
FARMAPRONTO RAPHA,FARMACIA,NUEVA INGLATERRA 500,LOMAS DE CORTES,62240,CUERNAVACA,MORELOS,17007090115,30/1105,"PSICOTROPICOS GRUPOS II, III; SUEROS Y 
ANTITOXINAS DE ORIGEN ANIMAL, TOXOIDES, 
HEMODERIVADOS, VACUNAS"
FARMACIA PRINCIPAL,FARMACIA,"CAMINO ANTIGUO A 
AHUATEPEC 304 LOC-1",LOMAS DE CORTES,62240,CUERNAVACA,MORELOS,17007090137,16/02/2007,"SUEROS DE ORIGEN ANIMAL, TOXOIDES, VACUNAS"
"FARMACIAS DEL 
AHORRO",FARMACIA,"PLAZA GUACAMAYAS 
S/N",PALMIRA,62490,CUERNAVACA,MORELOS,17007090228,04/05/2011,"PSICOTROPICOS GRUPOS II Y III, SUEROS Y 
ANTITOXINAS DE ORIGEN ANIMAL, HEMODERIVADOS, 
TOXOIDES, VACUNAS"
"FARMACIAS DEL 
AHORRO",FARMACIA,"AV. VICENTE GUERRERO 
NO.1160",LOMAS DE LA SELVA,62270,CUERNAVACA,MORELOS,17007090232,06/05/2011,"PSICOTROPICOS GRUPOS II Y III, SUEROS Y 
ANTITOXINAS DE ORIGEN ANIMAL, HEMODERIVADOS, 
TOXOIDES, VACUNAS"
SAMS CLUB,FARMACIA,"VICENTE GUERRERO 
NO.760",LOMAS DE LA SELVA,62230,CUERNAVACA,MORELOS,1007007199,NO TIENE,"PSICOTROPICOS GRUPOS II Y III, VACUNAS, SUEROS, 
TOXOIDES"
"FARMACIAS DEL 
AHORRO",FARMACIA,"SAN CRISTOBAL 
ESQ.ALTA TENSION",LOMAS DE LA SELVA,62270,CUERNAVACA,MORELOS,17007090219,20/04/2011,"PSICOTROPICOS GRUPOS II Y III, SUEROS Y 
ANTITOXINAS DE ORIGEN ANIMAL, HEMODERIVADOS, 
TOXOIDES, VACUNAS"
FARMACIA SUPERAMA,FARMACIA,"VICENTE GUERRERO 
NO.760",LOMAS DE LA SELVA,62270,CUERNAVACA,MORELOS,1007007215,NO TIENE,"PSICOTROPICOS GRUPOS II Y III, SUEROS, TOXOIDES, 
VACUNAS"
"FARMACIAS DEL 
AHORRO",FARMACIA,ALTA TENSION NO.204,LOMAS DE LA SELVA,62270,CUERNAVACA,MORELOS,17007090231,06/05/2011,"PSICOTROPICOS GRUPOS II Y III, SUEROS Y 
ANTITOXINAS DE ORIGEN ANIMAL, HEMODERIVADOS, 
TOXOIDES, VACUNAS"
"FARMACIAS DEL 
AHORRO",FARMACIA,CUAUHTEMOC NO.200,LOMAS DE LA SELVA,62270,CUERNAVACA,MORELOS,17007090222,27/04/2011,"PSICOTROPICOS GRUPOS II Y III, SUEROS Y 
ANTITOXINAS DE ORIGEN ANIMAL, HEMODERIVADOS, 
TOXOIDES, VACUNAS"
"SANBORN HERMANOS 
S.A.",FARMACIA,PLAZA CUERNAVACA,LOMAS DE LA SELVA,62270,CUERNAVACA,MORELOS,1007006567,NO TIENE,"PSICOTROPICOS GRUPOS II Y III, SUEROS, TOXOIDES, 
VACUNAS"
"COSTCO DE MEXICO S.A. 
DE C.V.",FARMACIA,"VICENTE GUERRERO 
NO.205",LOMAS DE LA SELVA,62270,CUERNAVACA,MORELOS,17007090072,01/09/2003,"PSICOTROPICOS GRUPOS II Y III, SUEROS Y 
ANTITOXINAS DE ORIGEN ANIMAL, HEMODERIVADOS, 
TOXOIDES, VACUNAS"
"TIENDAS SORIANA S.A. 
DE C.V.",FARMACIA,"VICENTE GUERRERO 
NO.205",LOMAS DE LA SELVA,62270,CUERNAVACA,MORELOS,1700709348,22/01/2018,"ESTUPEFACIENTES PSICOTROPICOS GRUPOS II, III; 
SUEROS Y ANTITOXINAS DE ORIGEN ANIMAL, 
TOXOIDES, HEMODERIVADOS, VACUNAS"
INNOMINADO,FARMACIA,"PROLONGACION 
AHUATEPEC NO.302",LOMAS DE LA SELVA,62270,CUERNAVACA,MORELOS,17007090131,19/09/2006,"PSICOTROPICOS GRUPOS II Y III, SUEROS Y 
ANTITOXINAS DE ORIGEN ANIMAL, HEMODERIVADOS, 
TOXOIDES, VACUNAS"
CUERNAVACA,FARMACIA,"GUSTAVO GOMEZ 
AZCARATE NO.200",LOMAS DE LA SELVA,62670,CUERNAVACA,MORELOS,17007090010,,"PSICOTROPICOS GRUPOS I, II Y III, SUEROS Y 
ANTITOXINAS DE ORIGEN ANIMAL, HEMODERIVADOS, 
TOXOIDES, VACUNAS"
"FARMACIA DE 
ESPECIALIDADES 
NEUROPSIQUIATRICAS",FARMACIA,"PASEO DEL 
CONQUISTADOR NO.52",MARAVILLAS,62230,CUERNAVACA,MORELOS,17007100125,27/07/2006,PSICOTROPICOS GRUPOS II Y III
"COMERCIALIZADORA 
FARMAPRONTO S.A.DE 
C.V. SUCC.AA",FARMACIA,"VICENTE GUERRERO 
NO.107 P.B.",MARAVILLAS,62230,CUERNAVACA,MORELOS,17007090108,26/09/2005,"PSICOTROPICOS GRUPOS II, III; SUEROS Y 
ANTITOXINAS DE ORIGEN ANIMAL, TOXOIDES, 
HEMODERIVADOS, VACUNAS"
HIDALGO,FARMACIA,"HIMNO NACIONAL 
NO.207",MIGUEL HIDALGO,62040,CUERNAVACA,MORELOS,17007090088,18/02/2004,"PSICOTROPICOS GRUPOS II, III; SUEROS Y 
ANTITOXINAS DE ORIGEN ANIMAL, TOXOIDES, 
VACUNAS"
"SANBORN S CASA DE 
PIEDRA",FARMACIA,PLAN DE AYALA NO.629,MIRADOR,62400,CUERNAVACA,MORELOS,1007007090,NO TIENE,CON VENTA DE MEDICAMENTOS CONTROLADOS
"INST.NAL.MACEL DE 
MED.INTEG.DE MEXICO 
SA.C.V.DROGUERIA",FARMACIA,"FRANCISCO I. MADERO 
NO.619-1",MIRAVAL,62270,CUERNAVACA,MORELOS,1007007157,NO TIENE,DROGUERIA
"FARMACIA 
FARMAPRONTO SUC A",FARMACIA,"MIGUEL HIDALGO No. 
402 LOCAL 3 Y 4",OCOTEPEC,62220,CUERNAVACA,MORELOS,17007090251,09/12/2003,"PSICOTROPICOS GRUPOS II, III; SUEROS Y 
ANTITOXINAS DE ORIGEN ANIMAL, TOXOIDES, 
HEMODERIVADOS, VACUNAS"
"SANTA TERESA DE 
JESUS",FARMACIA,"ZAPATA ESQ.20 DE 
NOVIEMBRE NO.105-A",REVOLUCION,62390,CUERNAVACA,MORELOS,1007007202,NO TIENE,"PSICOTROPICOS GRUPOS II, III; SUEROS, TOXOIDES, 
VACUNAS"
"TIENDAS CHEDRAUI S.A. 
DE C.V.",FARMACIA,"BLVD. CUAUHNAHUAC 
1.5","RICARDO FLORES 
MAGON",62370,CUERNAVACA,MORELOS,17008090127,16/08/2006,"PSICOTROPICOS GRUPOS II, III; SUEROS Y 
ANTITOXINAS DE ORIGEN ANIMAL, TOXOIDES, 
HEMODERIVADOS, VACUNAS"
"FARMACIA SANBORNS 
CUERNAVACA GALERIAS",FARMACIA,"KILOMETRO 87.850 
AUTOPISTA MEX-ACA","RICARDO FLORES 
MAGON",62370,CUERNAVACA,MORELOS,17007090132,19/09/2006,"PSICOTROPICOS GRUPOS II, III; SUEROS Y 
ANTITOXINAS DE ORIGEN ANIMAL, TOXOIDES, 
HEMODERIVADOS, VACUNAS"
SANTA CECILIA,FARMACIA,"ADOLFO RUIZ CORTINEZ 
NO.109-B","SAN MIGUEL 
ACAPANTZINGO",62440,CUERNAVACA,MORELOS,1007006657,NO TIENE,"LA LICENCIA UNICAMENTE DICE ""FARMACIA 
ALOPATICA"""
"FARMACIAS DEL 
AHORRO",FARMACIA,"AV. UNIVERSIDAD 
NO.106","SANTA MARIA 
AHUACATITLAN",62100,CUERNAVACA,MORELOS,17007090218,20/04/2011,"PSICOTROPICOS GRUPOS II, III; SUEROS Y 
ANTITOXINAS DE ORIGEN ANIMAL, TOXOIDES, 
HEMODERIVADOS, VACUNAS"
"FARMACIAS DEL 
AHORRO",FARMACIA,PLAN DE AYALA NO.917,TEOPANZOLCO,62350,CUERNAVACA,MORELOS,17007090207,13/04/2011,"PSICOTROPICOS GRUPOS II, III; SUEROS Y 
ANTITOXINAS DE ORIGEN ANIMAL, TOXOIDES, 
HEMODERIVADOS, VACUNAS"
"FARMACIAS DEL 
AHORRO",FARMACIA,"CALZADA DE LOS REYES 
NO.401",TETELA DEL MONTE,62130,CUERNAVACA,MORELOS,17007090235,09/05/2011,"PSICOTROPICOS GRUPOS II, III; SUEROS Y 
ANTITOXINAS DE ORIGEN ANIMAL, TOXOIDES, 
HEMODERIVADOS, VACUNAS"
FARMACIA SUPERAMA,FARMACIA,"MANUEL AVILA 
CAMACHO NO.606",TLALTENANGO,62170,CUERNAVACA,MORELOS,1007007237,NO TIENE,"PSICOTROPICOS GRUPOS II, III; SUEROS, TOXOIDES, 
VACUNAS"
"FARMACIAS DEL 
AHORRO",FARMACIA,SAN JERONIMO S/N,TLATENANGO,62170,CUERNAVACA,MORELOS,17007090212,13/04/2011,"PSICOTROPICOS GRUPOS II, III; SUEROS Y 
ANTITOXINAS DE ORIGEN ANIMAL, TOXOIDES, 
HEMODERIVADOS, VACUNAS"
"FARMACIAS DEL 
AHORRO",FARMACIA,"TULIPAN HAWAIANO 
NO.104",LOS TULIPANES,62388,CUERNAVACA,MORELOS,17007090229,04/05/2011,"PSICOTROPICOS GRUPOS II, III; SUEROS Y 
ANTITOXINAS DE ORIGEN ANIMAL, TOXOIDES, 
HEMODERIVADOS, VACUNAS"
"FARMACIAS DEL 
AHORRO",FARMACIA,"ADOLFO LOPEZ MATEOS 
No. 13",EL VERGEL,62400,CUERNAVACA,MORELOS,17007090234,09/05/2011,"PSICOTROPICOS GRUPOS II, III; SUEROS Y 
ANTITOXINAS DE ORIGEN ANIMAL, TOXOIDES, 
HEMODERIVADOS, VACUNAS"
"FARMABASTO 
CUERNAVACA",FARMACIA,"PASEO CUAUHNAHUAC 
KM.1.7 LOC-B ESQ. 20 DE 
NOVIEMBRE","VICENTE ESTRADA 
CAJIGAL",62460,CUERNAVACA,MORELOS,17007090106,22/04/2005,"SUEROS Y ANTITOXINAS DE ORIGEN ANIMAL, 
TOXOIDES, HEMODERIVADOS, VACUNAS"
"FARMACIAS DEL 
AHORRO",FARMACIA,AV. SAN DIEGO S/N,VISTA HERMOSA,62290,CUERNAVACA,MORELOS,17007090224,27/04/2011,"PSICOTROPICOS GRUPOS II, III; SUEROS Y 
ANTITOXINAS DE ORIGEN ANIMAL, TOXOIDES, 
HEMODERIVADOS, VACUNAS"
SUPERAMA RIO MAYO,FARMACIA,CALLE RIO MAYO 1209,VISTA HERMOSA,62290,CUERNAVACA,MORELOS,17007090096,05/10/2004,"PSICOTROPICOS GRUPOS II, III; SUEROS Y 
ANTITOXINAS DE ORIGEN ANIMAL, TOXOIDES, 
HEMODERIVADOS, VACUNAS"
SUMESA,FARMACIA,SAN DIEGO NO.326,VISTA HERMOSA,62290,CUERNAVACA,MORELOS,17007090145,17/08/2007,"PSICOTROPICOS GRUPOS II, III; SUEROS DE ORIGEN 
ANIMAL, TOXOIDES, HEMODERIVADOS, VACUNAS"
"FARMACIA 
DERMATOLOGICA S.A.DE 
C.V.",FARMACIA,"RIO MAYO NO.103-A CASI 
ESQ. C/ AMACUZAC",VISTA HERMOSA,62290,CUERNAVACA,MORELOS,17007110158,30/05/2008,"PSICOTROPICOS GRUPOS II, III"
"FARMACIAS DEL 
AHORRO",FARMACIA,AV. NO REELECCION S/N,CENTRO,62760,EMILIANO ZAPATA,MORELOS,17008090021,20/04/2011,"PSICOTROPICOS GRUPOS II, III; SUEROS Y 
ANTITOXINAS DE ORIGEN ANIMAL, TOXOIDES, 
HEMODERIVADOS, VACUNAS"
SAN PEDRO,FARMACIA,"CIRCUITO 
REVOLUC.MZ.2 LOTE 1",PRO-HOGAR,62760,EMILIANO ZAPATA,MORELOS,17008090170,05/11/2008,"SUEROS DE ORIGEN ANIMAL, TOXOIDES, VACUNAS"
"FARMAPRONTO 3 DE 
MAYO",FARMACIA,"EMILIANO ZAPATA 
NO.154",TRES DE MAYO,62767,EMILIANO ZAPATA,MORELOS,17008090082,15/12/2003,"PSICOTROPICOS GRUPOS II, III; SUEROS Y 
ANTITOXINAS DE ORIGEN ANIMAL, HEMODERIVADOS, 
VACUNAS"
DEL CENTRO,FARMACIA,EMILIANO ZAPATA # 25-B,TEZOYUCA,62767,EMILIANO ZAPATA,MORELOS,17008090140,11/04/2007,"SUEROS Y ANTITOXINAS DE ORIGEN ANIMAL, 
HEMODERIVADOS, VACUNAS"
"FARMACIA 
CHAPULTEPEC",FARMACIA,CHAPULTEPEC NO.10-B,ATLACOMULCO,62560,JIUTEPEC,MORELOS,17011090062,27/05/2003,"SUEROS DE ORIGEN ANIMAL, TOXOIDES, VACUNAS"
VALDEZ,FARMACIA,"CARRETERA A ZAPATA 
S/N",CALERA CHICA,62550,JIUTEPEC,MORELOS,17011090116,17/02/2006,"SUEROS Y ANTITOXINAS DE ORIGEN ANIMAL, 
TOXOIDES, HEMODERIVADOS, VACUNAS"
FARMACIA PRINCIPAL,FARMACIA,EMILIANO ZAPATA NO.34,CENTRO,62550,JIUTEPEC,MORELOS,17011090239,17/08/2011,"PSICOTROPICOS GRUPOS II, III; SUEROS Y 
ANTITOXINAS DE ORIGEN ANIMAL, TOXOIDES, 
HEMODERIVADOS, VACUNAS"
"COMERCIALIZADORA 
FARMAPRONTO SA DE 
CV SUC K",FARMACIA,"AV. INSURGENTES  NO.3 
LOCAL 1-A",CENTRO,62550,JIUTEPEC,MORELOS,17011090085,27/01/2004,"PSICOTROPICOS GRUPOS II, III; SUEROS Y 
ANTITOXINAS DE ORIGEN ANIMAL, TOXOIDES, 
HEMODERIVADOS, VACUNAS"
"FARMACIA 
FARMAPRONTO",FARMACIA,HIDALGO NO.41,CENTRO,,JIUTEPEC,MORELOS,17011090001,17/10/2000,"VACUNAS, TOXOIDES, SUEROS, HEMODERIVADOS"
FARMACIA WAL MART,FARMACIA,"CARR. FED. 
CUERNAVACA CUAUTLA 
KM.4.8",CIVAC,62571,JIUTEPEC,MORELOS,,18/07/2003,"PSICOTROPICOS GRUPOS II, III; TOXOIDES, VACUNAS"
FARMAPRONTO,FARMACIA,40 NORTE No. 40 - 6,CIVAC,62578,JIUTEPEC,MORELOS,17011090185,02/02/2010,"SUEROS Y ANTITOXINAS DE ORIGEN ANIMAL, 
TOXOIDES, HEMODERIVADOS, VACUNAS"
FARMAPRECIO,FARMACIA,40 NORTE S/N,CIVAC,62578,JIUTEPEC,MORELOS,17011090148,10/09/2007,"PSICOTROPICOS GRUPOS II, III; SUEROS Y 
ANTITOXINAS DE ORIGEN ANIMAL, TOXOIDES, 
HEMODERIVADOS, VACUNAS"
"TIENDAS SORIANA S.A. 
DE C.V.",FARMACIA,"BLVD. CUAUHNAHUAC 
NO.173 ESQ. CALLE  DE 
LOS GALLOS",TEJALPA,62570,JIUTEPEC,MORELOS,17011090347,23/01/2018,"ESTUPEFACIENTES PSICOTROPICOS GRUPOS II, III; 
SUEROS Y ANTITOXINAS DE ORIGEN ANIMAL, 
TOXOIDES, HEMODERIVADOS, VACUNAS"
"FARMACIA 
PAGUEMENOS SUC. A",FARMACIA,"PASEO CUAUHNAHUAC 
KM.9800",TEJALPA,62570,JIUTEPEC,MORELOS,17011090159,21/04/2007,"PSICOTROPICOS GRUPOS II, III; SUEROS Y 
ANTITOXINAS DE ORIGEN ANIMAL, TOXOIDES, 
HEMODERIVADOS, VACUNAS"
"FARMACIA SAGRADO 
CORAZON",FARMACIA,CHOPO NO.1,"VILLAS DESCANSO 
FRACC.",62550,JIUTEPEC,MORELOS,17011090142,23/05/2007,"PSICOTROPICOS GRUPOS II, III; SUEROS Y 
ANTITOXINAS DE ORIGEN ANIMAL, TOXOIDES, 
HEMODERIVADOS, VACUNAS"
FARMACIA EMANUEL,FARMACIA,"REAL DE YAUTEPEC 
NO.34",CENTRO,62570,JIUTEPEC,MORELOS,17011090091,08/06/2004,"PSICOTROPICOS GRUPOS II, III; SUEROS Y 
ANTITOXINAS DE ORIGEN ANIMAL, TOXOIDES, 
HEMODERIVADOS, VACUNAS"
"FARMACIAS DEL 
AHORRO",FARMACIA,HIDALGO NO.1,CENTRO,62570,JIUTEPEC,MORELOS,17011090355,10/05/2018,"PSICOTROPICOS GRUPOS II, III; SUEROS Y 
ANTITOXINAS DE ORIGEN ANIMAL, TOXOIDES, 
HEMODERIVADOS, VACUNAS"
ANGELICA,FARMACIA,URUGUAY NO.12,JUSTO SIERRA,62610,MAZATEPEC,MORELOS,1014000071,"EN EXPEDIENTE NO 
HAY LICIENCIA",DATOS OBTENIDOS DE VISITAS DE VERIFICACION
FRMACIA IMPERIAL,FARMACIA,MORELOS NO.130,CENTRO,62600,MIACATLAN,MORELOS,17015090130,19/09/2006,"PSICOTROPICOS GRUPOS II, III"
FARMACIA RUBI,FARMACIA,"CARR.FED ALPUYECA 
GRUTAS S/N",CENTRO,62600,MIACATLAN,MORELOS,17015090175,09/12/2008,"SUEROS DE ORIGEN ANIMAL, TOXOIDES, VACUNAS"
"FARMACIA 
FARMAPRONTO",FARMACIA,CORREGIDORA S/N,CENTRO,62320,MIACATLAN,MORELOS,17015090060,09/12/2010,"VACUNAS, TOXOIDES, SUEROS Y ANTITOXINAS DE 
ORIGEN ANIMAL, HEMODERIVADOS"
"FARMACIAS DEL 
AHORRO",FARMACIA,NICOLAS BRAVO NO.22,CENTRO,62590,TEMIXCO,MORELOS,17018090209,13/04/2011,"PSICOTROPICOS GRUPOS II, III; SUEROS Y 
ANTITOXINAS DE ORIGEN ANIMAL, TOXOIDES, 
HEMODERIVADOS, VACUNAS"
ALPRECIO,FARMACIA,"CARRETERA MEX-ACA 
KM.85 +200",CENTRO,62580,TEMIXCO,MORELOS,17018090146,23/05/2007,"PSICOTROPICOS GRUPOS II, III; SUEROS Y 
ANTITOXINAS DE ORIGEN ANIMAL, TOXOIDES, 
HEMODERIVADOS, VACUNAS"
"FARMACIAS DEL 
AHORRO",FARMACIA,ZAPATA NO.21,CENTRO,62580,TEMIXCO,MORELOS,17018090215,13/04/2011,"PSICOTROPICOS GRUPOS II, III; SUEROS Y 
ANTITOXINAS DE ORIGEN ANIMAL, TOXOIDES, 
HEMODERIVADOS, VACUNAS"
BODEGA TEMIXCO,FARMACIA,"CARRET.FED. MEX.ACA 
696",CENTRO,62590,TEMIXCO,MORELOS,17018090113,18/11/2005,"PSICOTROPICOS GRUPOS II, III; SUEROS Y 
ANTITOXINAS DE ORIGEN ANIMAL, TOXOIDES, 
HEMODERIVADOS, VACUNAS"
FARMACIA TASYS,FARMACIA,REFORMA NO.6-A,CENTRO,62580,TEMIXCO,MORELOS,1018000201,NO TIENE,"ALOPATICA CON SUEROS, VACUNAS, TOXOIDES"
FARMACIA DEL PUEBLO,FARMACIA,EMILIANO ZAPATA NO.17,CENTRO,62580,TEMIXCO,MORELOS,11018090172,08/12/2008,"SUEROS DE ORIGEN ANIMAL, TOXOIDES, VACUNAS"
FARMACIA EBER,FARMACIA,"CALZADA DE 
GUADALUPE NO.39",LOMAS DEL CARRIL,62589,TEMIXCO,MORELOS,17018090070,28/08/2003,"TOXOIDES, VACUNAS"
"FARMACIA FARMA Y MAS 
SANTA FE",FARMACIA,AV. 5 DE MAYO NO.45,BARRIO SAN MIGUEL,62520,TEPOZTLAN,MORELOS,17020090136,17/01/2007,"PSICOTROPICOS GRUPOS II, III; SUEROS Y 
ANTITOXINAS DE ORIGEN ANIMAL, TOXOIDES, 
HEMODERIVADOS, VACUNAS"
FARMAPRONTO,FARMACIA,CINCO DE MAYO NO.1,CENTRO,62520,TEPOZTLAN,MORELOS,17020090083,19/12/2003,"PSICOTROPICOS GRUPOS II, III; TOXOIDES, VACUNAS"
"FARMACIA NUEVA 
IMAGEN TEPOZTLAN",FARMACIA,AV. TEPOZTECO NO.37,"BARRIO LA 
SANTISIMA",62520,TEPOZTLAN,MORELOS,17020090120,16/05/2006,"PSICOTROPICOS GRUPOS II, III; SUEROS Y 
ANTITOXINAS DE ORIGEN ANIMAL, TOXOIDES, 
HEMODERIVADOS, VACUNAS"
"FARMACIA 
FARMAPRONTO",FARMACIA,NO REELECCION NO.12,CENTRO,62620,TETECALA,MORELOS,17021090174,09/12/2008,"SUEROS DE ORIGEN ANIMAL, TOXOIDES, VACUNAS"
INNOMINADO BOTICA,FARMACIA,PARAGUAY 84,CENTRO,62790,XOCHITEPEC,MORELOS,17028100122,30/06/2006,"PSICOTROPICOS GRUPOS II, III"
"AGUILAR BARBERI MA. 
DEL CONSUELO",FARMACIA,ARGENTINA S/N,CENTRO,62790,XOCHITEPEC,MORELOS,17007090129,19/09/2006,"PISCOTROPICOS DE GRUPO III, TOXOIDES, VACUNAS, 
SUEROS DE ORIGEN ANIMAL"
"FARMACIA SANBORNS 
PLAZA CUERNAVACA",FARMACIA,"AV. GOBERNADORES Y 
ALTA TENSION NO. 110, 
PLAZA CUERNAVACA",LA SELVA,62270,CUERNAVACA,MORELOS,17007090168,20/10/2008,"PSICOTROPICOS GRUPOS II, III; SUEROS Y 
ANTITOXINAS DE ORIGEN ANIMAL, TOXOIDES, 
HEMODERIVADOS, VACUNAS"
FARMAPRONTO,FARMACIA,8 DE JUNIO,OTILIO MONTAÑO,62577,JIUTEPEC,MORELOS,17011090197,22/02/2011,"SUEROS Y ANTITOXINAS DE ORIGEN ANIMAL, 
TOXOIDES, HEMODERIVADOS, VACUNAS"
"FARMACIA PAGUE 
MENOS SUC A",FARMACIA,"AQUILES SERDAN NO. 91-
A",REVOLUCION,62390,CUERNAVACA,MORELOS,17007090167,29/09/2008,"SUEROS Y ANTITOXINAS DE ORIGEN ANIMAL, 
TOXOIDES, HEMODERIVADOS, VACUNAS"
FARMACIA OSMIN,FARMACIA,"TEOPANZOLCO 408-102-
B",REFORMA,62260,CUERNAVACA,MORELOS,17007100171,21/11/2008,"PSICOTROPICOS GRUPOS II, III"
"FARMACIA FARME 
CUERNAVACA",FARMACIA,"AVENIDA CENTRAL NO. 
19 LOC-9","FRACCIONAMIENTO 
CUERNAVACA",62430,CUERNAVACA,MORELOS,17007090198,01/03/2011,"PSICOTROPICOS GRUPOS II, III; SUEROS Y 
ANTITOXINAS DE ORIGEN ANIMAL, TOXOIDES, 
HEMODERIVADOS, VACUNAS"
"BOTICA CENTRO DE 
DIABETES",FARMACIA,CUAUHTEMPTZIN NO. 27,CENTRO,62000,CUERNAVACA,MORELOS,17007090188,18/02/2010,"PSICOTROPICOS GRUPOS II, III"
FARMAPRONTO CENTRO,FARMACIA,GALEANA NO. 37,CENTRO,62000,CUERNAVACA,MORELOS,17007090180,25/05/2009,"PSICOTROPICOS GRUPOS II, III; SUEROS Y 
ANTITOXINAS DE ORIGEN ANIMAL, TOXOIDES, 
HEMODERIVADOS, VACUNAS"
FARMACIA CHALMA,FARMACIA,XOCHIMILCO NO. 4,"ADOLFO RUIZ 
CORTINEZ",62159,CUERNAVACA,MORELOS,17007090181,16/06/2009,"PSICOTROPICOS GRUPOS II, III; SUEROS Y 
ANTITOXINAS DE ORIGEN ANIMAL, TOXOIDES, 
HEMODERIVADOS, VACUNAS"
FARMACIA SUMIYA,FARMACIA,"AV. 10 DE ABRIL NO. 501 
LOCAL 7","VICENTE ESTRADA 
CAJIGAL",62460,CUERNAVACA,MORELOS,17007090182,12/06/2009,"PSICOTROPICOS GRUPOS II, III; SUEROS Y 
ANTITOXINAS DE ORIGEN ANIMAL, TOXOIDES, 
HEMODERIVADOS, VACUNAS"
FARMAPRONTO,FARMACIA,"AV. MORELOS SUR NO. 
157",LAS PALMAS,62050,CUERNAVACA,MORELOS,17007090186,15/02/2010,"PSICOTROPICOS GRUPOS II, III; SUEROS Y 
ANTITOXINAS DE ORIGEN ANIMAL, TOXOIDES, 
HEMODERIVADOS, VACUNAS"
FARMAPRONTO RAPHA,FARMACIA,"CARRETERA FEDERAL 
MEXICO CUERNAVACA 3 
KM. 68,500","SANTA MARIA 
AHUACATITLAN",62100,CUERNAVACA,MORELOS,17007090237,26/07/2011,"PSICOTROPICOS GRUPOS II, III; SUEROS Y 
ANTITOXINAS DE ORIGEN ANIMAL, TOXOIDES, 
HEMODERIVADOS, VACUNAS"
"FARMAPRONTO 
MARTIRES DE RIO 
BLANCO",FARMACIA,EMILIANO ZAPATA S7N,"MARTIRES DE RIO 
BLANCO",62384,CUERNAVACA,MORELOS,17007090191,16/08/2010,"PSICOTROPICOS GRUPOS II, III; SUEROS Y 
ANTITOXINAS DE ORIGEN ANIMAL, TOXOIDES, 
HEMODERIVADOS, VACUNAS"
FARMACIA LA PAZ,FARMACIA,"PERICON NO. 116, 
LOCAL 25,26 Y 27",LOMAS DE LA SELVA,62270,CUERNAVACA,MORELOS,17007090192,28/10/2010,"ESTUPEFACIENTES, PSICOTROPICOS GRUPOS II, III; 
SUEROS Y ANTITOXINAS DE ORIGEN ANIMAL, 
TOXOIDES,  VACUNAS"
"FARMACIAS DEL 
AHORRO",FARMACIA,RIO MAYO 1001,VISTA HERMOSA,62290,CUERNAVACA,MORELOS,17007090226,27/04/2011,"PSICOTROPICOS GRUPOS II, III; SUEROS Y 
ANTITOXINAS DE ORIGEN ANIMAL, TOXOIDES,  
HEMODERIVADOS, VACUNAS"
"FARMACIA 
GUADALAJARA",FARMACIA,AV. MORELOS NO. 174-C,CENTRO,62000,CUERNAVACA,MORELOS,17007090194,15/02/2011,"PSICOTROPICOS GRUPOS II, III; SUEROS Y 
ANTITOXINAS DE ORIGEN ANIMAL, TOXOIDES,  
HEMODERIVADOS, VACUNAS"
"FARMACIAS DEL 
AHORRO",FARMACIA,10 DE ABRIL NO. 169,SATELITE,62460,CUERNAVACA,MORELOS,17007090220,20/04/2011,"PSICOTROPICOS GRUPOS II, III; SUEROS Y 
ANTITOXINAS DE ORIGEN ANIMAL, TOXOIDES,  
HEMODERIVADOS, VACUNAS"
"FARMACIAS DEL 
AHORRO",FARMACIA,DIAZ ORDAZ NO. 408,"SAN MIGUEL 
ACAPANTZINGO",62446,CUERNAVACA,MORELOS,17007090213,13/04/2011,"PSICOTROPICOS GRUPOS II, III; SUEROS Y 
ANTITOXINAS DE ORIGEN ANIMAL, TOXOIDES,  
HEMODERIVADOS, VACUNAS"
MI FARMACIA POPULAR,FARMACIA,"AV. DOMINGO DIEZ NO. 
207 LOCAAL 5","BOSQUES DEL 
MIRAVAL",62270,CUERNAVACA,MORELOS,17007090238,29/07/2011,"PSICOTROPICOS GRUPOS II, III; SUEROS Y 
ANTITOXINAS DE ORIGEN ANIMAL, TOXOIDES, 
HEMODERIVADOS, VACUNAS"
"FARMACIA 
GUADALAJARA SA DE CV",FARMACIA,"VICENTE GUERRERO 
NO. 404",LOMAS DE LA SELVA,62270,CUERNAVACA,MORELOS,17007090240,14/09/2011,"PSICOTROPICOS GRUPOS II, III; SUEROS Y 
ANTITOXINAS DE ORIGEN ANIMAL, TOXOIDES, 
HEMODERIVADOS, VACUNAS"
"FARMACIA 
FARMAPRONTO 
(REVOLUCION)",FARMACIA,AQUILES SERDAN 91-A,REVOLUCION,62390,CUERNAVACA,MORELOS,17007090242,17/1011,"PSICOTROPICOS GRUPOS II, III; SUEROS Y 
ANTITOXINAS DE ORIGEN ANIMAL, TOXOIDES, 
HEMODERIVADOS, VACUNAS"
"FARMACIA 
GUADALAJARA SA DE CV",FARMACIA,"PASEO DE LOS CIPRES 
NO. 107","FRACC. PUERTA DEL 
SOL",62370,CUERNAVACA,MORELOS,17007090245,24/11/2011,"PSICOTROPICOS GRUPOS II, III; SUEROS Y 
ANTITOXINAS DE ORIGEN ANIMAL, TOXOIDES, 
HEMODERIVADOS, VACUNAS"
"FARMACIA SUPERAMA 
ZAPATA",FARMACIA,"AV. EMILIANO ZAPATA 
NUMERO 807",TLALTENANGO,62170,CUERNAVACA,MORELOS,17007090246,24/11/2011,"PSICOTROPICOS GRUPOS II, III; SUEROS Y 
ANTITOXINAS DE ORIGEN ANIMAL, TOXOIDES, 
HEMODERIVADOS, VACUNAS"
"COMERCIALIZADORA EL 
MUNDO DE LA 
EMERGENCIA SA. DE 
C.V.",FARMACIA,ISIDRO FABELA NO. 9,CHAPULTEPEC,62450,CUERNAVACA,MORELOS,17007090250,16/02/2012,"PSICOTROPICOS GRUPOS II, III; SUEROS Y 
ANTITOXINAS DE ORIGEN ANIMAL, TOXOIDES, 
HEMODERIVADOS, VACUNAS"
"FARMACIA 
PAGUEMENOS 
SUCURSAL ZZ",FARMACIA,AV. NUEVA INGLATERRA,LOMAS DE CORTES,,CUERNAVACA,MORELOS,17007090253,12/03/2012,"SUEROS Y ANTITOXINAS DE ORIGEN ANIMAL, 
TOXOIDES, HEMODERIVADOS, VACUNAS"
FARMAPRECIO,FARMACIA,AV. MORELOS NO. 186,CENTRO,62000,CUERNAVACA,MORELOS,17007090154,10/01/2008,"PSICOTROPICOS GRUPOS II, III; SUEROS Y 
ANTITOXINAS DE ORIGEN ANIMAL, TOXOIDES, 
HEMODERIVADOS, VACUNAS"
FARMAPRECIO,FARMACIA,"BLVD. BENITO JUAREZ 
501-A",CENTRO,62000,CUERNAVACA,MORELOS,17007090155,10/01/2008,"PSICOTROPICOS GRUPOS II, III; SUEROS Y 
ANTITOXINAS DE ORIGEN ANIMAL, TOXOIDES, 
HEMODERIVADOS, VACUNAS"
"FARMACIAS DEL 
AHORRO",FARMACIA,IXCATEOPAN NO. 106,VISTA HERMOSA,62050,CUERNAVACA,MORELOS,17007090099,12/11/2004,"PSICOTROPICOS GRUPOS II, III; SUEROS Y 
ANTITOXINAS DE ORIGEN ANIMAL, TOXOIDES, 
HEMODERIVADOS, VACUNAS"
FARMACIA SAGITARIO,FARMACIA,XOHIMILCO NO. 4,"ADOLFO RUIZ 
CORTINEZ",62159,CUERNAVACA,MORELOS,17007090169,23/10/2008,"PSICOTROPICOS GRUPOS II, III; SUEROS Y 
ANTITOXINAS DE ORIGEN ANIMAL, TOXOIDES, 
HEMODERIVADOS, VACUNAS"
"TIENDAS CHEDRAUI S. A. 
DE C. V.",FARMACIA,AVE. ALTA TENSION 202,CANTARRANAS,62448,CUERNAVACA,MORELOS,17007100258,12/11/2012,"PSICOTROPICOS GRUPOS II, III; SUEROS Y 
ANTITOXINAS DE ORIGEN ANIMAL, TOXOIDES, 
HEMODERIVADOS, VACUNAS"
FARMAULTRA,FARMACIA,LIBRAMIENTO 1,PALO ESCRITO,62760,EMILIANO ZAPATA,MORELOS,17008090183,19/08/2009,"SUEROS Y ANTITOXINAS DE ORIGEN ANIMAL, 
TOXOIDES, HEMODERIVADOS, VACUNAS"
"TIENDAS CHEDRAUI S.A. 
DE C.V.",FARMACIA,"CARR. ZAPATA 
TEZOYUCA NO. 38",CAMPO NUEVO,62760,EMILIANO ZAPATA,MORELOS,17008090244,23/11/2011,"PSICOTROPICOS GRUPOS II, III; SUEROS Y 
ANTITOXINAS DE ORIGEN ANIMAL, TOXOIDES, 
HEMODERIVADOS, VACUNAS"
"FARMACIAS DEL 
AHORRO",FARMACIA,AMATE NO. 13 Y 14,"AMP. OTILIO 
MONTAÑO",62386,JIUTEPEC,MORELOS,17011090090,08/06/2004,"PSICOTROPICOS GRUPOS II, III; SUEROS Y 
ANTITOXINAS DE ORIGEN ANIMAL, TOXOIDES, 
HEMODERIVADOS, VACUNAS"
PHARMA CLUB,FARMACIA,"BOULEVARD 
CUAUHNAHUAC KM. 8,8 L-
1 MZ.21 ESQ. ACOLAPAN",PUENTE BLANCO,62577,JIUTEPEC,MORELOS,17011090095,13/08/2004,"SUEROS Y ANTITOXINAS DE ORIGEN ANIMAL, 
TOXOIDES, HEMODERIVADOS, VACUNAS"
"FARMACIAS DEL 
AHORRO",FARMACIA,"EMILIANO ZAPATA NO. 
27",CENTRO,62550,JIUTEPEC,MORELOS,17011090216,20/04/2011,"PSICOTROPICOS GRUPOS II, III; SUEROS Y 
ANTITOXINAS DE ORIGEN ANIMAL, TOXOIDES, 
HEMODERIVADOS, VACUNAS"
FARMACIA SAMS CIVAC,FARMACIA,"BOULEVARD 
CUAUHNAHUAC 
KILOMETRO 4",CIIVAC,62570,JIUTEPEC,MORELOS,17011090249,20/01/2012,"PSICOTROPICOS GRUPOS II, III; SUEROS Y 
ANTITOXINAS DE ORIGEN ANIMAL, TOXOIDES, 
HEMODERIVADOS, VACUNAS"
FARMA Y MAS MORELOS,FARMACIA,"FRANCISCO JAVIER 
MINA NO. 209",MORELOS,62577,JIUTEPEC,MORELOS,17011090254,03/04/2012,"PSICOTROPICOS GRUPOS II, III; SUEROS Y 
ANTITOXINAS DE ORIGEN ANIMAL, TOXOIDES, 
HEMODERIVADOS, VACUNAS"
"FARMACIA 
FARMAPRONTO",FARMACIA,5 DE MAYO NO. 3,CENTRO,62630,MAZATEPEC,MORELOS,17014090173,09/12/2008,"SUEROS DE ORIGEN ANIMAL, TOXOIDES, VACUNAS"
"SOLUCIONES MEDICAS Y 
FARMACEUTICAS",FARMACIA,NO REELECCION 115,CENTRO,62600,MIACATLAN,MORELOS,17015090202,05/04/2011,"SUEROS DE ORIGEN ANIMAL, TOXOIDES, 
HEMODERIVADOS, VACUNAS"
FARMAPRONTO,FARMACIA,21 DE MARZO NO. 16,OTILIO MONTAÑO,62550,JIUTEPEC,MORELOS,17011090097,05/10/2004,"PSICOTROPICOS GRUPOS II, III; SUEROS Y 
ANTITOXINAS DE ORIGEN ANIMAL, TOXOIDES, 
HEMODERIVADOS, VACUNAS"
"FARMAPRNTO 
CAMPESTRE",FARMACIA,"CAMPESTRE ZONA 
COMERCIAL LOC 9",CAMPESTRE,62550,JIUTEPEC,MORELOS,1701109144,20/07/2007,"PSICOTROPICOS GRUPOS II, III; SUEROS Y 
ANTITOXINAS DE ORIGEN ANIMAL, TOXOIDES, 
HEMODERIVADOS, VACUNAS"
"FARMACIAS DEL 
AHORRO",FARMACIA,"CARRETERA CRUCERO 
DE LOS PINOS S/N","SAN PEDRO DE LOS 
PINOS",62790,XOCHITEPEC,MORELOS,17028090247,18/01/2012,"PSICOTROPICOS GRUPOS II, III; SUEROS Y 
ANTITOXINAS DE ORIGEN ANIMAL, TOXOIDES, 
HEMODERIVADOS, VACUNAS"
"FARMACIA SUMESA 
TEMIXCO",FARMACIA,"CERRETERA MEXICO -
ACAPUILCP KM. 85+200",CENTRO,62580,TEMIXCO,MORELOS,17018090103,10/01/2005,"PSICOTROPICOS GRUPOS II, III; SUEROS Y 
ANTITOXINAS DE ORIGEN ANIMAL, TOXOIDES, 
HEMODERIVADOS, VACUNAS"
"FARMACIA NUEVA 
IMAGEN",FARMACIA,NICOLAS BRAVO NO. 24,ACATLIPA,62590,TEMIXCO,MORELOS,17018090133,06/10/2006,"SUEROS Y ANTITOXINAS DE ORIGEN ANIMAL, 
TOXOIDES, HEMODERIVADOS, VACUNAS"
FARMACIA DEL PUEBLO,FARMACIA,INDEPENDENCIA 15,RUBEN JARAMILLO,62592,TEMIXCO,MORELOS,17018090201,29/03/2011,"SUEROS Y ANTITOXINAS DE ORIGEN ANIMAL, 
TOXOIDES, HEMODERIVADOS, VACUNAS"
"FARMACIAS 
GUADALAJARA SA DE CV",FARMACIA,"ADOLFO LOPEZ MATEOS 
No. 3",ACATLIPA,62590,TEMIXCO,MORELOS,17018090248,19/01/2012,"PSICOTROPICOS GRUPOS II, III; SUEROS Y 
ANTITOXINAS DE ORIGEN ANIMAL, TOXOIDES, 
HEMODERIVADOS, VACUNAS"
FARMACIA TEPOZTLAN,FARMACIA,AV. TEPOZTECO NO. 14,"BARRIO LA 
SANTISIMA",62520,TEPOZTLAN,MORELOS,17020090098,01/11/2004,"PSICOTROPICOS GRUPOS II, III; TOXOIDES, VACUNAS"
"FARMACIA FARMA Y MAS 
SANTA FE",FARMACIA,"GLORIETA DEL KM. 17 
NO. 2 ESQ. CERRITOS","BARRIO SAN 
SEBASTIAN",62520,TEPOZTLAN,MORELOS,17020090157,09/04/2008,"PSICOTROPICOS GRUPOS II, III; SUEROS Y 
ANTITOXINAS DE ORIGEN ANIMAL, TOXOIDES, 
HEMODERIVADOS, VACUNAS"
FARMACIA MARATHON,FARMACIA,"CARRETERA ZAPATA A 
JOJUTLA NO. 48",LAZARO CARDENAS,62790,XOCHITEPEC,MORELOS,17028090139,09/03/2007,"SUEROS Y ANTITOXINAS DE ORIGEN ANIMAL, 
TOXOIDES, HEMODERIVADOS, VACUNAS"
FARMAPRONTO,FARMACIA,"AV. DE LAS AMERICAS L-
5","VILLAS DE 
XOCHITEPEC",62790,XOCHITEPEC,MORELOS,17028090165,22/09/2008,"SUEROS DE ORIGEN ANIMAL, TOXOIDES, VACUNAS"
"FARMACIA 
FARMAPRONTO",FARMACIA,"CARRETERA ZAPATA-
ZACATEPEC",LAZARO CARDES,62795,XOCHITEPEC,MORELOS,17028090129,20/03/2009,"PSICOTROPICOS GRUPOS II, III; SUEROS Y 
ANTITOXINAS DE ORIGEN ANIMAL, TOXOIDES, 
HEMODERIVADOS, VACUNAS"
"FARMACIA BENAVIDES 
SUCURSAL BUENAVISTA 
CUERNAVACA",FARMACIA,"AV. EMILIANO ZAPATA 
821",BELLA VISTA,62130,CUERNAVACA,MORELOS,17007090324,06/10/2016,"PSICOTROPICOS GRUPOS II, III; SUEROS Y 
ANTITOXINAS DE ORIGEN ANIMAL, TOXOIDES, 
HEMODERIVADOS, VACUNAS"
"FARMATODO SUCURSAL 
TORRE MÉDICA 
INNOVAMED",FARMACIA,"CUAUHTEMOC 203-104 
1er PISO",LOMAS DE LA SELVA,62270,CUERNAVACA,MORELOS,17007090325,14/10/2016,"PSICOTROPICOS GRUPOS II, III; SUEROS Y 
ANTITOXINAS DE ORIGEN ANIMAL, TOXOIDES, 
HEMODERIVADOS, VACUNAS"
"COMERCIAL CITY 
FRESCO BUGAMBILIAS",FARMACIA,"RIO BALSAS 2-A LOCAL 
A-2",LOMAS DE LA SELVA,62270,CUERNAVACA,MORELOS,17007090326,28/11/2016,"PSICOTROPICOS GRUPOS II, III; SUEROS Y 
ANTITOXINAS DE ORIGEN ANIMAL, TOXOIDES, 
HEMODERIVADOS, VACUNAS"
"GRUPO FARMACÉUTICO 
SAN DIEGO",FARMACIA,"BLVD. GUSTAVO DIAZ 
ORDAZ 89-7",ACAPANTZINGO,62440,CUERNAVACA,MORELOS,1700709334,01/03/2017,"PSICOTROPICOS GRUPOS II, III; SUEROS Y 
ANTITOXINAS DE ORIGEN ANIMAL, TOXOIDES, 
HEMODERIVADOS, VACUNAS"
FARMACIA DEL AHORRO,FARMACIA,"BLVD. CUAUHNAHUAC 
ESQ AQUILES SERDÁN 
503-1",REVOLUCIÓN,62390,CUERNAVACA,MORELOS,17007090335,09/03/2017,"PSICOTROPICOS GRUPOS II, III; SUEROS Y 
ANTITOXINAS DE ORIGEN ANIMAL, TOXOIDES, 
HEMODERIVADOS, VACUNAS"
"COMERCIALIZADORA 
FARMAPRONTO S. A. DE 
C. V.",FARMACIA,LEÑEROS 68,VISTA HERMOSA,62290,CUERNAVACA,MORELOS,17007090327,06/12/2016,"PSICOTROPICOS GRUPOS II, III; SUEROS Y 
ANTITOXINAS DE ORIGEN ANIMAL, TOXOIDES, 
HEMODERIVADOS, VACUNAS"
"FARMACIA 
GUADALAJARA S. A. DE 
C. V","FARMACIA 
GUADALAJARA S. A. 
DE C. V.",AV. SAN DIEGO 1207,VISTA HERMOSA,62230,CUERNAVACA,MORELOS,17007090337,12/04/2017,"PSICOTROPICOS GRUPOS II, III; SUEROS Y 
ANTITOXINAS DE ORIGEN ANIMAL, TOXOIDES, 
HEMODERIVADOS, VACUNAS"
"SALUD A TU ALCANCE 
S.A. DE C.V",FARMACIA,AV. TEOPANZOLCO 304-6,VISTA HERMOSA,62230,CUERNAVACA,MORELOS,17007090339,14/09/2017,"PSICOTROPICOS GRUPOS II, III; SUEROS Y 
ANTITOXINAS DE ORIGEN ANIMAL, TOXOIDES, 
HEMODERIVADOS, VACUNAS"
"COMERCIALIZADORA 
FARMACÉUTICA DE 
CHIAPAS SAPI DE CV",FARMACIA,NICOLAS BRAVO 24,CENTRO,62590,TEMIXCO,MORELOS,17018090340,03/11/2017,"PSICOTROPICOS GRUPOS II, III; SUEROS Y 
ANTITOXINAS DE ORIGEN ANIMAL, TOXOIDES, 
HEMODERIVADOS, VACUNAS"
SALUCOM SA DE CV,FARMACIA,PLAN DE AYALA 213,AMATITLAN,62410,CUERNAVACA,MORELOS,17007090341,24/11/2017,"ESTUPEFACIENTES PSICOTROPICOS GRUPOS II, III; 
SUEROS Y ANTITOXINAS DE ORIGEN ANIMAL, 
TOXOIDES, HEMODERIVADOS, VACUNAS"
"FARMACIA WAL MART 
SUPERCENTER 
AVERANDA",FARMACIA,"AUTOPISTA MEXICO 
ACAPULCO KM. 88+254",VILLAS DEPORTIVAS,6236,CUERNAVACA,MORELOS,17007090349,08/03/2018,"ESTUPEFACIENTES PSICOTROPICOS GRUPOS II, III; 
SUEROS Y ANTITOXINAS DE ORIGEN ANIMAL, 
TOXOIDES, HEMODERIVADOS, VACUNAS"
"FARMATODO SUCURSAL 
CUAUHTEMOC 
CUERNAVACA",FARMACIA,CUAUHTEMOC 202,DEL EMPLEADO,62250,CUERNAVACA,MORELOS,17007090350,09/03/2018,"ESTUPEFACIENTES PSICOTROPICOS GRUPOS I, II, III; 
SUEROS Y ANTITOXINAS DE ORIGEN ANIMAL, 
TOXOIDES, HEMODERIVADOS, VACUNAS"
"FARMACIAS 
ESPECIALIZADAS 
SUCURSAL 
CUERNAVACA II",FARMACIA,"PLAN DE AYALA 601 
LOCAL B","LOMAS DEL 
MIRADOR",62360,CUERNAVACA,MORELOS,17007090351,16/03/2018,"ESTUPEFACIENTES PSICOTROPICOS GRUPOS I,  II, III; 
SUEROS Y ANTITOXINAS DE ORIGEN ANIMAL, 
TOXOIDES, HEMODERIVADOS, VACUNAS"
"COMERCIALIZADORA 
FARMACÉUTICA DE 
CHIAPAS SAPI DE CV",FARMACIA,"AV. VICENTE GUERRERO 
NO. 900","PRADOS DE 
CUERNAVACA",62239,CUERNAVACA,MORELOS,17007090354,09/05/2018,"ESTUPEFACIENTES PSICOTROPICOS GRUPOS II, III; 
SUEROS Y ANTITOXINAS DE ORIGEN ANIMAL, 
TOXOIDES, HEMODERIVADOS, VACUNAS"
"FARMACIA"" FARMA Y 
MAS""",FARMACIA,FCO. J. MINA No. 7-B,CENTRO,62640,AMACUZAC,MORELOS,17 001 09 0053,10/11/2009.,"VACUNAS, SUEROS, TOXOIDES, PSICOTROPICOS 
GPO. II Y III."
"FARMACIA "" FLORENCIA """,FARMACIA,FCO. I. MADERO No. 105,EMILIANO ZAPATA,62900,JOJUTLA,MORELOS,17 012 09 0075,2/04/1992.,ESTUPEFACIENTES Y PSICOTROPICOS GRUPOS II Y III
"FARMACIA MAYORISTA 
DE HOSPITALES S.A. DE 
C.V.",FARMACIA,"AV. UNIVERSIDAD No. 
150",EL PARAISO,62900,JOJUTLA,MORELOS,17 012 09 0056,19/ABR./2011.,"VACUNAS, SUEROS, TOXOIDES, PSICOTROPICOS 
GPO. II Y III."
"FARMACIA 
FARMAPRONTO",FARMACIA,AV. ALTAMIRANO L-10,CENTRO,62900,JOJUTLA,MORELOS,17 012 09 0036,14/01/2005.,"VACUNAS, SUEROS, TOXOIDES, PSICOTROPICOS 
GPO. II Y III."
"FARMAPRONTO  
SUCURSAL ""LL""",FARMACIA,"JOSEFA ORTÍZ DE 
DOMINGUEZ No. 111",CENTRO,62900,JOJUTLA,MORELOS,17 012 09  0040,24/07/2006.,"VACUNAS, SUEROS, TOXOIDES"
"FARMACIAS"" DEL 
AHORRO""",FARMACIA,"CONSTITUCION DE 1857 
No. 402",CENTRO,62900,JOJUTLA,MORELOS,17 012 09 0033,8/12/2005.,"VACUNAS, SUEROS, TOXOIDES, PSICOTROPICOS 
GPO. II Y III."
"TIENDAS COMERCIAL 
MEXICANA SUC. BODEGA 
JOJUTLA",FARMACIA,"CARRET. CUERNAV.- 
JOJUTLA No. 90",CENTRO,62900,JOJUTLA,MORELOS,17 012 09 0038,16/11/2006.,"VACUNAS, SUEROS, TOXOIDES, PSICOTROPICOS 
GPO. II Y III."
"FARMACIAS DEL 
AHORRO",FARMACIA,M. ALTAMIRANO No. 313,CENTRO,62900,JOJUTLA,MORELOS,17 012 09 0052,21/08/2099.,"VACUNAS, SUEROS, TOXOIDES, PSICOTROPICOS 
GPO. II Y III."
"FARMACIA 
""FARMAPRONTO""",FARMACIA,"AV. JUAREZ ESQ. 
RIVAPALACIO",CENTRO,62910,JOJUTLA,MORELOS,17 012 09 0019,15/04/2014,"VACUNAS, SUEROS, TOXOIDES, PSICOTROPICOS 
GPO. II Y III."
"FARMACIA "" 
FARMAPRONTO """,FARMACIA,"IGNACIO ZARAGOZA No. 
133",CENTRO,62910,JOJUTLA,MORELOS,17 012 09 0058,1/11/2011.,"VACUNAS, SUEROS, TOXOIDES, PSICOTROPICOS 
GPO. II Y III."
"COMERCIALIZADORA 
FARMAPRONTO S.A. DE 
C.V. SUC. QQ",FARMACIA,"JOSEFA ORTÍZ DE 
DOMINGUEZ No. 320-B",CENTRO,62900,JOJUTLA,MORELOS,17012090065,*AUN NO SE ENTREGA,"VACUNAS, SUEROS, TOXOIDES, HEMODERIVADOS, 
PSICOTROPICOS GRUPOS II Y III."
O´HERVANARIO,DROGUERIA,NICOLAS BRAVO No. 111,CENTRO,62900,JOJUTLA,MORELOS,17 02 09 0077,19/04/2016,"DROGUERIA CON VENTA DE PSICOTROPICOS DE LOS 
GRUPOS II Y III"
"FARMACIA FARMAVIDA DEL 
MERCADO",FARMACIA,ALTAMIRANO No. 134,CENTRO,62900,JOJUTLA,MORELOS,17 012 09 0078,"20/JUNIO/2016,","VACUNAS, SUEROS, TOXOIDES, PSICOTROPICOS 
GRUPO II Y III"
"FARMACIA MI BODEGA 
AURRERA PUENTE DE 
IXTLA",FARMACIA,REFORMA No. 422,SAN MATEO,62660,PUENTE DE IXTLA,MORELOS,17 012 09 0059,28/JUNIO/2012.,"VACUNAS, SUEROS, TOXOIDES, PSICOTROPICOS 
GPO. II Y III."
"FARMACIAS ""DEL 
AHORRO""",FARMACIA,"ABASOLO ORIENTE No. 
102",CENTRO,62660,PUENTE DE IXTLA,MORELOS,17 012 09 0031,30/08/2005.,"VACUNAS, SUEROS, TOXOIDES, PSICOTROPICOS 
GPO. II Y III."
"FARMACIA MI BODEGA 
AURRERA XOXOCOTLA",FARMACIA,"CARRETERA ALPUYECA-
JOJUTLA S/N",CENTRO,62680,PUENTE DE IXTLA,MORELOS,17 017 09  0062,08/01/2013,"VACUNAS, SUEROS, TOXOIDES, PSICOTROPICOS 
GPO. II Y III."
"""FARMAPRONTO""",FARMACIA,"MARTIRES 13 DE 
AGOSTO No. 2",CENTRO,62770,TLALTIZAPAN,MORELOS,17024090076,09/02/2016,"VACUNAS, SUEROS, TOXOIDES,"
"FARMACIA BODEGA 
AURRERA JOJUTLA",FARMACIA,AV. MORELOS S/N,CENTRO,62980,TLAQUILTENANGO,MORELOS,17 025 09 0061,11/12/2012,"VACUNAS, SUEROS, TOXOIDES, PSICOTROPICOS 
GPO. II Y III."
"FARMACIA "" 
FARMAPRONTO """,FARMACIA,ESCUADRON 201 No. 47,CENTRO,62780,ZACATEPEC,MORELOS,1031000717,14/08/2001.,"VACUNAS, SUEROS, TOXOIDES, PSICOTROPICOS 
GPO. II Y III."
"FARMACIAS DEL 
AHORRO",FARMACIA,"EMILIANO ZAPATA ESQ. 
ESCUADRON 201",CENTRO,62780,ZACATEPEC,MORELOS,17 031 09 0073,27/02/2015,"PSICOTROPICOS GRUPOS II, III; SUEROS DE ORIGEN 
ANIMAL, TOXOIDES,  VACUNAS Y HEMODERIVADOS"
"FARMACIA 
GUADALAJARA, S.A. DE 
C.V.",FARMACIA,"AVENIDA CONSTITUCIÓN 
DEL 57 NO. 320",CENTRO,62900,JOJUTLA,MORELOS,17012090080,15-feb-17,"VACUNAS, SUEROS, TOXOIDES Y HEMODERIVADOS Y 
PSICOTROPICOS LIC. GPO. II Y III."
"FARMACIA 
FARMAPRONTO 
SUCURSAL NN",FARMACIA,"MIGUELHIDALGO No. 
123",CENTRO,62660,PUENTE DE IXTLA,MORELOS,17017090070,25/02/2014,"VACUNAS, SUEROS, TOXOIDES Y HEMODERIVADOS Y 
PSICOTROPICOS LIC. GPO. II Y III."
"FARMACIA 
""FARMAPRONTO""",FARMACIA,CONSTITUYENTES No. 10,CENTRO,62680,PUENTE DE IXTLA,MORELOS,17017090042,17-nov-06,"VACUNAS, SUEROS Y TOXOIDES"
"FARMACIA 
GUADALAJARA, S.A. DE 
C.V.",FARMACIA,"LÁZARO CÁRDENAS NO. 
4",CENTRO,62780,ZACATEPEC,MORELOS,17031090069,01-nov-13,"VACUNAS, SUEROS, TOXOIDES Y HEMODERIVADOS Y 
PSICOTROPICOS LIC. GPO. II Y III."
DE JESUS,FARMACIA,MORELOS No.6,CENTRO,62950,AXOCHIAPAN,MORELOS,17003090267,27/09/2012,"PSICOTROPICOS GRUPO II, III, VACUNAS, TOXOIDES, 
SUEROS DE ORIGEN ANIMAL"
"FARMACIAS DEL 
AHORRO",FARMACIA,"AV. ZARAGOZA ESQ. 
INDEPENDENCIA No.10",CENTRO,62950,AXOCHIAPAN,MORELOS,17003090243,19/07/2010,"PSICOTROPICOS GRUPO II, III, VACUNAS, TOXOIDES, 
SUEROS DE ORIGEN ANIMAL, HEMODERIVADOS"
FARMACIA DE JESUS,FARMACIA,16 DE SEPTIEMBRE No.7,CENTRO,62950,AXOCHIAPAN,MORELOS,1003000247,12/07/1995,"PSICOTROPICOS GRUPO II, III, VACUNAS, TOXOIDES, 
SUEROS DE ORIGEN ANIMAL, ANTITOXINAS DE 
ORIGEN ANIMAL"
FARMACIA DE JESUS,FARMACIA,MORELOS No.6,CENTRO,62950,AXOCHIAPAN,MORELOS,17003090296,01/03/2017,"ANTITOXINAS DE ORIGEN ANIMAL
PSICOTROPICOS GRUPO II
SUEROS DE ORIGEN ANIMAL
VACUNAS
HEMODERIVADOS"
"MI BODEGA AURRERA 
AXOCHIAPAN",FARMACIA,ZARAGOZA No.8,INDUSTRIAL,62950,AXOCHIAPAN,MORELOS,17003090261,13/12/2011,"PSICOTROPICOS GRUPO II, III, VACUNAS, TOXOIDES, 
SUEROS DE ORIGEN ANIMAL, ANTITOXINAS DE 
ORIGEN ANIMAL, HEMODERIVADOS"
FARMACIA DE JESUS,FARMACIA,AV. ZARAGOZA No.34,PROGRESO,62950,AXOCHIAPAN,MORELOS,1003000258,04/09/2005,"PSICOTROPICOS GRUPO II, III, VACUNAS, TOXOIDES, 
SUEROS DE ORIGEN ANIMAL, HEMODERIVADOS"
"FARMA Y MAS- GRUPO 
IRIBAS S.A. DE C.V.",FARMACIA,BENITO JUAREZ NO.1D,CENTRO,62700,AYALA,MORELOS,17004090264,20/08/2012,"PSICOTROPICOS GRUPO II, III, VACUNAS, TOXOIDES, 
SUEROS DE ORIGEN ANIMAL"
FARMA Y MAS,FARMACIA,EMILIANO ZAPATA No. 20,CENTRO,62725,AYALA,MORELOS,17004090271,24/04/2013,"PSICOTROPICOS GRUPOS II Y III, VACUNAS, 
TOXOIDES, SUEROS DE ORIGEN ANIMAL, 
ANTITOXINAS DE ORIGEN ANIMAL, HEMODERIVADOS."
"FARMACIAS DEL 
AHORRO",FARMACIA,"CARRET. FED. A MEXICO 
S/N",BRISAS DE CUAUTLA,62757,CUAUTLA,MORELOS,17006060040,16/05/2018,"PSICOTROPICOS GRUPO II, III, VACUNAS, TOXOIDES, 
SUEROS DE ORIGEN ANIMAL, HEMODERIVADOS"
FARMACIA BODEGA,FARMACIA,JOSE PERDIZ No.26,CENTRO,62740,CUAUTLA,MORELOS,1006003702,14/03/2005,"PSICOTROPICOS GRUPO II, III, VACUNAS, TOXOIDES, 
SUEROS DE ORIGEN ANIMAL"
"FARMACIA SAGRADO 
CORAZON",FARMACIA,"ROBERTO MACIEL No.82-
G",CENTRO,62740,CUAUTLA,MORELOS,17006090139,26/03/2006,"PSICOTROPICOS GRUPO II, III, VACUNAS, 
HEMODERIVADOS, SUEROS DE ORIGEN ANIMAL"
"BOTICA ALMACEN 
JURISDICCION 
SANITARIA No. III",BOTICA,3a. DE MONGOY No.211,CENTRO,62740,CUAUTLA,MORELOS,17006100101,14/10/2004,"PSICOTROPICOS GRUPO II, III, VACUNAS, TOXOIDES, 
SUEROS DE ORIGEN ANIMAL, ANTITOXINAS DE 
ORIGEN ANIMAL"
"FARMA y MAS MATRIZ 
LOS BRAVO",FARMACIA,LOS BRAVO No.18,CENTRO,62740,CUAUTLA,MORELOS,17006090152,11/09/2009,"PSICOTROPICOS GRUPO II, III, VACUNAS, TOXOIDES, 
SUEROS DE ORIGEN ANIMAL"
"COMERCIALIZADORA 
FARMAPRONTO SUC. VV",FARMACIA,"AV. VICENTE GUERRERO 
No.102",CENTRO,62740,CUAUTLA,MORELOS,17006090234,12/01/2010,"PSICOTROPICOS GRUPO II, III, VACUNAS, TOXOIDES, 
SUEROS DE ORIGEN ANIMAL, ANTITOXINAS DE 
ORIGEN ANIMAL, HEMODERIVADOS"
"COMERCIALIZADORA 
FARMAPRONTO SUC. UU",FARMACIA,"AV. VICENTE GUERRERO 
No.54",CENTRO,62740,CUAUTLA,MORELOS,17006090239,25/02/2010,"PSICOTROPICOS GRUPO II, III, VACUNAS, TOXOIDES, 
SUEROS DE ORIGEN ANIMAL, ANTITOXINAS DE 
ORIGEN ANIMAL, HEMODERIVADOS"
"CENTRO DE SALUD DE 
CUAUTLA",FARMACIA,CDA. MONGOY No.211,CENTRO,62740,CUAUTLA,MORELOS,17006090251,18/03/2011,"PSICOTROPICOS GRUPO II, III, VACUNAS, TOXOIDES, 
SUEROS DE ORIGEN ANIMAL, ANTITOXINAS DE 
ORIGEN ANIMAL, HEMODERIVADOS"
"FARMACIAS DEL 
AHORRO",FARMACIA,"CAMACHO Y MOLINA 
No.93",CENTRO,62740,CUAUTLA,MORELOS,17006093759,04/04/2011,"PSICOTROPICOS GRUPO II, III, VACUNAS, TOXOIDES, 
SUEROS DE ORIGEN ANIMAL, ANTITOXINAS DE 
ORIGEN ANIMAL, HEMODERIVADOS"
FARMAPRONTO SUC. N,FARMACIA,"VICENTE GUERRERO 
No.17 Y 18",CENTRO,62740,CUAUTLA,MORELOS,17006093758,25/05/2007,"PSICOTROPICOS GRUPO II, III, VACUNAS, TOXOIDES, 
SUEROS DE ORIGEN ANIMAL"
FARMACIA DE JESUS,FARMACIA,MATAMOROS No.69,CENTRO,62740,CUAUTLA,MORELOS,17006090075,19/06/2008,"PSICOTROPICOS GRUPO II, III, VACUNAS, TOXOIDES, 
SUEROS DE ORIGEN ANIMAL, ANTITOXINAS DE 
ORIGEN ANIMAL"
"FARMACIAS DEL 
AHORRO",FARMACIA,LOS BRAVO No.2,CENTRO,62740,CUAUTLA,MORELOS,17006090156,04/04/2011,"PSICOTROPICOS GRUPO II, III, VACUNAS, TOXOIDES, 
SUEROS DE ORIGEN ANIMAL, ANTITOXINAS DE 
ORIGEN ANIMAL, HEMODERIVADOS"
"FARMACIAS DEL 
AHORRO",FARMACIA,"VICENTE GUERRERO 
No.46-B",CENTRO,62740,CUAUTLA,MORELOS,17006090167,16/05/2018,"PSICOTROPICOS GRUPO II, III, VACUNAS, TOXOIDES, 
SUEROS DE ORIGEN ANIMAL, HEMODERIVADOS"
"FARMA Y MAS SUC. 
GUERRERO Y 2 DE MAYO",FARMACIA,"GUERRERO Y 2 DE 
MAYO No.3 A Y B",CENTRO,62740,CUAUTLA,MORELOS,17006090191,01/10/2009,"PSICOTROPICOS GRUPO II, III, VACUNAS, TOXOIDES, 
SUEROS DE ORIGEN ANIMAL, HEMODERIVADOS"
"COMERCIALIZADORA 
FARMAPRONTO S.A. DE 
C.V. SUC. C",FARMACIA,"CAMACHO Y MOLINA 
No.13",CENTRO,62740,CUAUTLA,MORELOS,17006090268,20/02/2013,"PSICOTROPICOS GRUPO II, III, VACUNAS, TOXOIDES, 
SUEROS DE ORIGEN ANIMAL, HEMODERIVADOS"
FARMACIA PROVIDA,FARMACIA,"URZUA NO.79 INTERIOR 
3",CENTRO,62740,CUAUTLA,MORELOS,17006090274,28/02/2014,"PSICOTROPICOS GRUPO II, III, VACUNAS, TOXOIDES, 
SUEROS DE ORIGEN ANIMAL, HEMODERIVADOS"
"FARMACIA EL 
PASTILLERO",FARMACIA,REFORMA No.1003,CUAUTLIXCO,62749,CUAUTLA,MORELOS,1006093735,23/04/2007,"PSICOTROPICOS GRUPO II, III, VACUNAS, TOXOIDES"
FARMACIA JOSE,FARMACIA,IGNACIO MAYA No.228-B,EMILIANO ZAPATA,62744,CUAUTLA,MORELOS,1006093652,07/10/2002,"PSICOTROPICOS GRUPO II, III, VACUNAS, TOXOIDES, 
SUEROS DE ORIGEN ANIMAL, ANTITOXINAS DE 
ORIGEN ANIMAL"
FARMAPRONTO AXXEL,FARMACIA,"BATALLA 19 DE 
FEBRERO No.101",EMILIANO ZAPATA,62740,CUAUTLA,MORELOS,17006090218,25/02/2008,"PSICOTROPICOS GRUPO II, III, VACUNAS, TOXOIDES, 
SUEROS DE ORIGEN ANIMAL, HEMODERIVADOS"
"SALUD AQUABEL S.A. DE 
C.V.",FARMACIA,"VIRGINIA HERNÁNDEZ 
No.18-C",EMILIANO ZAPATA,62744,CUAUTLA,MORELOS,17006090236,04/02/2010,"PSICOTROPICOS GRUPO II, III, VACUNAS, TOXOIDES, 
SUEROS DE ORIGEN ANIMAL, ANTITOXINAS DE 
ORIGEN ANIMAL, HEMODERIVADOS"
"FARMACIAS DEL 
AHORRO",FARMACIA,"AV. REFORMA Y DR. 
PARRES No.125",EMILIANO ZAPATA,62744,CUAUTLA,MORELOS,17006093739,05/04/2011,"PSICOTROPICOS GRUPO II, III, VACUNAS, TOXOIDES, 
SUEROS DE ORIGEN ANIMAL,  HEMODERIVADOS"
"FARMACIA 
GUADALAJARA S.A. DE 
C.V.",FARMACIA,"AVENIDA REFORMA NO. 
116 LOCAL 5 AL 10",EMILIANO ZAPATA,62744,CUAUTLA,MORELOS,17006090275,09/05/2014,"PSICOTROPICOS GRUPO II, III, VACUNAS, TOXOIDES, 
SUEROS DE ORIGEN ANIMAL"
"FARMACIAS DEL 
AHORRO",FARMACIA,"IGNACIO MAYA S/N 
ESQUINA NO 
REELECCION",EMILIANO ZAPATA,62740,CUAUTLA,MORELOS,17006091700,14/04/2011,"PSICOTROPICOS GRUPO II, III, VACUNAS, TOXOIDES, 
SUEROS DE ORIGEN ANIMAL,  HEMODERIVADOS"
FARMACIA TEPEPA,FARMACIA,"GABRIEL TEPEPA No.132 
L-1B",EMILIANO ZAPATA,62744,CUAUTLA,MORELOS,17006093561,23/04/2007,"PSICOTROPICOS GRUPO II, III, VACUNAS, TOXOIDES, 
SUEROS DE ORIGEN ANIMAL"
"FARMACIAS DEL 
AHORRO",FARMACIA,"CONSTANCIO FARFAN 
No.9",EMILIANO ZAPATA,62744,CUAUTLA,MORELOS,1006093721,05/04/2011,"PSICOTROPICOS GRUPO II, III, VACUNAS, TOXOIDES, 
SUEROS DE ORIGEN ANIMAL,  HEMODERIVADOS"
FARMAPRONTO SUC. E,FARMACIA,NO REELECCION No.14-D,EMILIANO ZAPATA,62744,CUAUTLA,MORELOS,17006090021,14/04/2004,"PSICOTROPICOS GRUPO II, III, VACUNAS, TOXOIDES, 
SUEROS DE ORIGEN ANIMAL"
DEL AHORRO,FARMACIA,NO REELECCION No.196,EMILIANO ZAPATA,62740,CUAUTLA,MORELOS,17006090266,24/09/2012,"PSICOTROPICOS GRUPO II, III, VACUNAS, TOXOIDES, 
SUEROS DE ORIGEN ANIMAL,  HEMODERIVADOS"
"SUCURSAL SAN JORGE  
GRUPO IRIBAS S.A. DE 
C.V.",FARMACIA,NO REELECCION NO. 65,EMILIANO ZAPATA,62744,CUAUTLA,MORELOS,17006090272,19/12/2013,"PSICOTROPICOS GRUPO II, III, VACUNAS, TOXOIDES, 
SUEROS DE ORIGEN ANIMAL,  HEMODERIVADOS"
"BOTICA DE CENTRO 
INTEGRAL DE SALUD 
MENTAL (CISAME) 
CUAUTLA",FARMACIA,"AVENIDA 
CIRCUNVALACION 
CALLEJON SN","FRANCISCO I 
MADERO",62744,CUAUTLA,MORELOS,17006090278,02/09/2014,"PSICOTROPICOS GRUPO II, III"
"FARMACIAS DEL 
AHORRO",FARMACIA,"CARRET. MEXICO-
OAXACA No.333",GABRIEL TEPEPA,62742,CUAUTLA,MORELOS,17006090242,05/04/2011,"PSICOTROPICOS GRUPO II, III, VACUNAS, TOXOIDES, 
SUEROS DE ORIGEN ANIMAL,  HEMODERIVADOS"
FARMACIA DEL ANGEL,FARMACIA,LA ATARJEA No.6,"GUADALUPE 
VICTORIA",62746,CUAUTLA,MORELOS,17006090007,12/05/2004,"PSICOTROPICOS GRUPO II, III, VACUNAS, TOXOIDES, 
SUEROS DE ORIGEN ANIMAL, ANTITOXINAS DE 
ORIGEN ANIMAL"
"FARMACIAS DEL 
AHORRO",FARMACIA,"AV. INSURGENTES 
No.1098",MIGUEL HIDALGO,62748,CUAUTLA,MORELOS,17006090013,05/04/2011,"PSICOTROPICOS GRUPO II, III, VACUNAS, TOXOIDES, 
SUEROS DE ORIGEN ANIMAL,  HEMODERIVADOS"
FARMACIA ESCOBAR,FARMACIA,UNO PONIENTE No.147,PLAN DE AYALA,62743,CUAUTLA,MORELOS,17006090206,08/10/2007,"PSICOTROPICOS GRUPO II, III, VACUNAS, TOXOIDES, 
SUEROS DE ORIGEN ANIMAL,  HEMODERIVADOS"
"FARMACIA BODEGA 
AURRERA PLAN DE 
AYALA",FARMACIA,"CARRETERA MEXICO-
OAXACA NO. 134",PLAN DE AYALA,62743,CUAUTLA,MORELOS,17006090277,13/08/2014,"PSICOTROPICOS GRUPO II, III, VACUNAS, TOXOIDES, 
SUEROS DE ORIGEN ANIMAL,  HEMODERIVADOS, 
ANTITOXINAS DE ORIGEN ANIMAL"
"FARMACIA TIENDAS 
COMERCIAL MEXICANA",FARMACIA,"ANTIGUA CARRETERA 
MEXICO-CUAUTLA No.4",POSTAL,62748,CUAUTLA,MORELOS,17006090061,30/07/2003,"PSICOTROPICOS GRUPO II, III, VACUNAS, TOXOIDES, 
SUEROS DE ORIGEN ANIMAL, ANTITOXINAS DE 
ORIGEN ANIMAL"
"FARMACIA WALMART 
LOS ATRIOS",FARMACIA,"CAMINO REAL 
TETELCINGO CALDERON 
No.23",TIERRA BLANCA,62751,CUAUTLA,MORELOS,17006090220,22/05/2008,"PSICOTROPICOS GRUPO II, III, VACUNAS, TOXOIDES, 
SUEROS DE ORIGEN ANIMAL,  HEMODERIVADOS"
"FARMACIA SAM´S 
CUAUTLA LOS ATRIOS",FARMACIA,"CAMINO REAL 
TETELCINGO CALDERON 
No.23",TIERRA LARGA,62751,CUAUTLA,MORELOS,17006090216,29/01/2008,"PSICOTROPICOS GRUPO II, III, VACUNAS, TOXOIDES, 
SUEROS DE ORIGEN ANIMAL,  HEMODERIVADOS"
"FARMAPRONTO 
AMAYUCA",FARMACIA,"AVENIDA MORELOS SUR 
NO. 5",CENTRO,62751,JANTETELCO,MORELOS,17010090276,09/07/2014,"PSICOTROPICOS GRUPO II, III, VACUNAS, TOXOIDES, 
SUEROS DE ORIGEN ANIMAL,  HEMODERIVADOS, 
ANTITOXINAS DE ORIGEN ANIMAL"
FARMACIA AMAYUCA,FARMACIA,AV. MORELOS No.36,CENTRO,62970,JANTETELCO,MORELOS,17010090211,17/12/2007,"PSICOTROPICOS GRUPO II, III, VACUNAS, TOXOIDES, 
SUEROS DE ORIGEN ANIMAL"
"BOTICA DE LA UNIDAD 
DE URGENCIAS DE 
JONACATEPEC",BOTICA,"CARRET. JONACATEPEC-
AXOCHIAPAN S/N",CENTRO,62930,JONACATEPEC,MORELOS,17013090099,15/10/2004,"PSICOTROPICOS GRUPO II, III, VACUNAS, TOXOIDES, 
SUEROS DE ORIGEN ANIMAL, ANTITOXINAS DE 
ORIGEN ANIMAL"
FARMACIA SAN GABRIEL,FARMACIA,AV. JUAREZ No.12,"BARRIO DE 
GUADALUPE",62920,TEPALCINGO,MORELOS,17019090259,05/10/2011,"PSICOTROPICOS GRUPO II, III, VACUNAS, TOXOIDES, 
SUEROS DE ORIGEN ANIMAL, ANTITOXINAS DE 
ORIGEN ANIMAL, HEMODERIVADOS"
FARMACIA ANGELES,FARMACIA,MORELOS No.7,CENTRO,62800,"TETELA DEL 
VOLCAN",MORELOS,17022090256,26/04/2011,"PSICOTROPICOS GRUPO II, III, VACUNAS, TOXOIDES, 
SUEROS DE ORIGEN ANIMAL, ANTITOXINAS DE 
ORIGEN ANIMAL, HEMODERIVADOS"
"FARMACIAS DEL 
AHORRO",FARMACIA,"CARRET. OAXTEPEC-
COCOYOC No.2",TEZOQUIPAN,62736,YAUTEPEC,MORELOS,17029090104,05/04/2011,"PSICOTROPICOS GRUPO II, III, VACUNAS, TOXOIDES, 
SUEROS DE ORIGEN ANIMAL, HEMODERIVADOS"
FARMACIA SAN BENITO,FARMACIA,REFORMA NO.46,BARRIO SANTIAGO,62738,YAUTEPEC,MORELOS,17029090288,22/02/2016,"PSICOTROPICOS GRUPO II, III, VACUNAS, TOXOIDES, 
SUEROS DE ORIGEN ANIMAL, ANTITOXINAS DE 
ORIGEN ANIMAL, HEMODERIVADOS"
"FARMACIA MI BODEGA 
AURRERA OAXTEPEC",FARMACIA,ESTACION VIEJA S/N,CENTRO,62738,YAUTEPEC,MORELOS,17029090273,25/02/2014,"PSICOTROPICOS GRUPO II, III, VACUNAS, TOXOIDES, 
SUEROS DE ORIGEN ANIMAL, HEMODERIVADOS"
FARMAPRONTO SUC. P,FARMACIA,"EMPERADOR No.3 
LOCAL B",CENTRO,62738,YAUTEPEC,MORELOS,17029090010,18/02/2003,"PSICOTROPICOS GRUPO II, III, VACUNAS, TOXOIDES, 
SUEROS DE ORIGEN ANIMAL, HEMODERIVADOS"
DEL AHORRO,FARMACIA,"AVENIDA SAN JUAN 
NO.41",CENTRO,62738,YAUTEPEC,MORELOS,17029090265,20/05/2012,"PSICOTROPICOS GRUPO II, III, VACUNAS, TOXOIDES, 
SUEROS DE ORIGEN ANIMAL, HEMODERIVADOS"
MI BOTICA,FARMACIA,MORELOS No.6,SANTA ROSA,62738,YAUTEPEC,MORELOS,17029090226,22/04/2011,"PSICOTROPICOS GRUPO II, III, VACUNAS, TOXOIDES, 
SUEROS DE ORIGEN ANIMAL, HEMODERIVADOS"
FARMAPRONTO SUC. M,FARMACIA,"EXT. DEL MDO. 
MUNICIPAL LOC.1",CENTRO,62730,YAUTEPEC,MORELOS,17029090003,18/09/2002,"PSICOTROPICOS GRUPO II, III, VACUNAS, TOXOIDES, 
SUEROS DE ORIGEN ANIMAL, ANTITOXINAS DE 
ORIGEN ANIMAL, HEMODERIVADOS"
FARMACIA DEL SOL,FARMACIA,"EMILIANO ZAPATA No.70 
A",CENTRO,62731,YAUTEPEC,MORELOS,17029090025,20/10/2011,"PSICOTROPICOS GRUPO II, III, VACUNAS, TOXOIDES, 
SUEROS DE ORIGEN ANIMAL"
"FARMACIAS DEL 
AHORRO",FARMACIA,"EXT. DEL MDO. 
MUNICIPAL LOCAL 4",CENTRO,62730,YAUTEPEC,MORELOS,17029090086,04/04/2011,"PSICOTROPICOS GRUPO II, III, VACUNAS, TOXOIDES, 
SUEROS DE ORIGEN ANIMAL, HEMODERIVADOS"
"FARMACIA BODEGA 
AURRERA YAUTEPEC",FARMACIA,PASEO TLAHUICA NO. 6,"EMILIANO ZAPATA-
FRACC. LA CEIBA",62733,YAUTEPEC,MORELOS,17029090279,26/09/2014,"PSICOTROPICOS GRUPO II, III, VACUNAS, TOXOIDES, 
SUEROS DE ORIGEN ANIMAL, HEMODERIVADOS, 
ANTITOXINAS DE ORIGEN ANIMAL"
"FARMACIA TIENDAS 
COMERCIAL MEXICANA 
SUC. ALPRECIO 
YAUTEPEC",FARMACIA,"PASEO TLAHUICA 
KM.21.5",PARAISO,62730,YAUTEPEC,MORELOS,17029090213,22/01/2008,"PSICOTROPICOS GRUPO II, III, VACUNAS, TOXOIDES, 
SUEROS DE ORIGEN ANIMAL, HEMODERIVADOS"
"BOTICA CENTRO DE 
SALUD DE YAUTEPEC",BOTICA,PASEO TLAHUICA S/N,RANCHO NUEVO,62730,YAUTEPEC,MORELOS,17029090100,14/10/2004,"PSICOTROPICOS GRUPO II, III, VACUNAS, TOXOIDES, 
SUEROS DE ORIGEN ANIMAL, ANTITOXINAS DE 
ORIGEN ANIMAL"
"SORIANA EXPRESS 
YAUTEPEC",FARMACIA,"PASEO TLAHUICA 
NO.122",RANCHO NUEVO,62730,YAUTEPEC,MORELOS,17029090258,15/09/2011,"PSICOTROPICOS GRUPO II, III, VACUNAS, TOXOIDES, 
SUEROS DE ORIGEN ANIMAL, ANTITOXINAS DE 
ORIGEN ANIMAL, HEMODERIVADOS"
"FARMACIA SORIANA 
COCOYOC",FARMACIA,"CARRETERA FEDERAL A 
CUAUTLA NO.100",LUCIO MORENO,62735,YAUTEPEC,MORELOS,17029090284,26/03/2015,"PSICOTROPICOS GRUPO II, III, VACUNAS, TOXOIDES, 
SUEROS DE ORIGEN ANIMAL, ANTITOXINAS DE 
ORIGEN ANIMAL, HEMODERIVADOS"
"FARMACIA 
FARMAPRONTO",FARMACIA,ABASOLO No.21,"BARRIO DE SANTA 
BARBARA",62840,ATLATLAHUCAN,MORELOS,17002090254,01/04/2011,"VACUNAS, TOXOIDES, SUEROS DE ORIGEN ANIMAL, 
HEMODERIVADOS, ANTITOXINAS DE ORIGEN ANIMAL"
VENECIA,FARMACIA,KM. 88 No.1,BARRIO LOS REYES,62840,ATLATLAHUCAN,MORELOS,17002090077,06/05/2005,"VACUNAS, TOXOIDES, SUEROS DE ORIGEN ANIMAL, 
ANTITOXINAS DE ORIGEN ANIMAL"
SAN JOSÉ,FARMACIA,IGNACIO ALLENDE No.71,CENTRO,62840,ATLATLAHUCAN,MORELOS,17002090004,13/02/2003,"VACUNAS, TOXOIDES, SUEROS DE ORIGEN ANIMAL"
FARMACIA SAN MATEO,FARMACIA,LIBERTAD No.31,CENTRO,62840,ATLATLAHUCAN,MORELOS,17002090094,29/09/2004,"VACUNAS, TOXOIDES, SUEROS DE ORIGEN ANIMAL, 
ANTITOXINAS DE ORIGEN ANIMAL"
FARMACIA CRISTO REY,FARMACIA,JUÁREZ No. 2-A,CENTRO,62840,ATLATLAHUCAN,MORELOS,17002090003,13/05/2004,"VACUNAS, TOXOIDES, SUEROS DE ORIGEN ANIMAL, 
ANTITOXINAS DE ORIGEN ANIMAL"
FARMACIA,FARMACIA,"BLV. LOMAS DE 
COCOYOC CENTRO 
COMERCIAL (F)","FRACC. LOMAS DE 
COCOYOC",62840,ATLATLAHUCAN,MORELOS,17002090250,09/03/2011,"VACUNAS, TOXOIDES, SUEROS DE ORIGEN ANIMAL, 
HEMODERIVADOS, ANTITOXINAS DE ORIGEN ANIMAL"
"FARMACIA SAN MIGUEL 
ARCANGEL",FARMACIA,PROGRESO No.13,"SAN MIGUEL 
TLALTETELCO",62840,ATLATLAHUCAN,MORELOS,17002090196,23/08/2007,"VACUNAS, TOXOIDES, SUEROS DE ORIGEN ANIMAL, 
HEMODERIVADOS"
FARMACIA SAN MANUEL,FARMACIA,ALLENDE No.45,CENTRO,62950,AXOCHIAPAN,MORELOS,1003000260,03/06/2003,"VACUNAS, TOXOIDES, SUEROS DE ORIGEN ANIMAL"
FARMACIA SAN PEDRO,FARMACIA,"PLAZA DE LA 
COSNTITUCION S/N",CENTRO,16950,AXOCHIAPAN,MORELOS,1003000261,10/09/1999,"VACUNAS, TOXOIDES, SUEROS DE ORIGEN ANIMAL"
FARMACIA JANDY,FARMACIA,"IGNACIO ZARAGOZA 
No.56",CENTRO,62950,AXOCHIAPAN,MORELOS,17003090124,22/09/2005,"VACUNAS, TOXOIDES, SUEROS DE ORIGEN ANIMAL, 
HEMODERIVADOS"
FARMACIA DE JESUS,FARMACIA,GALEANA No.34-A,CENTRO,62950,AXOCHIAPAN,MORELOS,17003090208,08/11/2007,"VACUNAS, TOXOIDES, SUEROS DE ORIGEN ANIMAL, 
HEMODERIVADOS"
FARMACIA SANTA ELENA,FARMACIA,16 DE SEPTIEMBRE No.1,CENTRO,62950,AXOCHIAPAN,MORELOS,17003090252,30/03/2011,"VACUNAS, TOXOIDES, SUEROS DE ORIGEN ANIMAL, 
HEMODERIVADOS, ANTITOXINAS DE ORIGEN ANIMAL"
"FARMA PRONTO 
AXOCHIAPAN I",FARMACIA,"HERMENEGILDO 
GALEANA No.99",CENTRO,62950,AXOCHIAPAN,MORELOS,17003090203,14/01/2010,"VACUNAS, TOXOIDES, SUEROS DE ORIGEN ANIMAL, 
HEMODERIVADOS"
"FARMACIA 
GUADALUPANA",FARMACIA,"PLAZA DE LA 
CONSTITUCION No.1",CENTRO,62950,AXOCHIAPAN,MORELOS,17003090214,29/01/2008,"VACUNAS, TOXOIDES, SUEROS DE ORIGEN ANIMAL, 
HEMODERIVADOS"
"FARMACIA 
ANENECUILCO",FARMACIA,"CERRADA LAZARO 
CARDENAS No. 4",CENTRO,62709,CD.AYALA,MORELOS,17004090123,27/09/2005,"VACUNAS, TOXOIDES, SUEROS DE ORIGEN ANIMAL"
FARMACIA SAN LUIS,FARMACIA,HIDALGO No.41,REFORMA,62709,CD.AYALA,MORELOS,1004000434,22/09/2005,"VACUNAS, TOXOIDES, SUEROS DE ORIGEN ANIMAL, 
HEMODERIVADOS"
FARMACIA DE DIOS,FARMACIA,"AV. BENITO JUAREZ No.2-
B",CENTRO,62700,CD.AYALA,MORELOS,1004000433,22/10/2002,"VACUNAS, TOXOIDES, SUEROS DE ORIGEN ANIMAL"
FARMACIA GLORIA,FARMACIA,CUAUHTEMOC No.610,CENTRO,62723,CD.AYALA,MORELOS,1004000431,22/09/2005,"VACUNAS, TOXOIDES, SUEROS DE ORIGEN ANIMAL"
"FARMACIA ABARROTERA 
FUENTES",FARMACIA,EMILIANO ZAPATA No.12,CENTRO,62718,CD.AYALA,MORELOS,17004090172,22/11/2006,"VACUNAS, TOXOIDES, SUEROS DE ORIGEN ANIMAL"
"FARMACIA DANIEL 
MARTINEZ",FARMACIA,"CARRET. CUAUTLA-
JOJUTLA No.9",OLINTEPEC,62719,CD.AYALA,MORELOS,17004090080,11/10/2009,"VACUNAS, TOXOIDES, SUEROS DE ORIGEN ANIMAL, 
HEMODERIVADOS"
FARMACIA ITZEL,FARMACIA,"EMILIANO ZAPATA No.16-
A",CENTRO,62710,CD.AYALA,MORELOS,1004000435,26/11/1999,"VACUNAS, TOXOIDES, SUEROS DE ORIGEN ANIMAL"
FARMA GEMINIS,FARMACIA,"CARRET. CUAUTLA-
CUERNAVACA No.77-B",AÑO DE JUAREZ,62748,CUAUTLA,MORELOS,17006090238,24/02/2010,"VACUNAS, TOXOIDES, SUEROS DE ORIGEN ANIMAL, 
HEMODERIVADOS, ANTITOXINAS DE ORIGEN ANIMAL"
FARMACIA FARMATODO,FARMACIA,"AV. INTEROCEANICO 
ORIENTE No.27",CASASANO,62749,CUAUTLA,MORELOS,1006003761,17/09/2002,"VACUNAS, TOXOIDES, SUEROS DE ORIGEN ANIMAL, 
HEMODERIVADOS"
"FARMACIA EL BUEN 
PASTOR",FARMACIA,BENITO JUAREZ No.24-A,CASASANO,62749,CUAUTLA,MORELOS,1006003713,15/11/2002,"VACUNAS, TOXOIDES, SUEROS DE ORIGEN ANIMAL, 
HEMODERIVADOS"
FARMACIA CRISANIE,FARMACIA,CAPITAN URZUA No.45,CENTRO,62740,CUAUTLA,MORELOS,1006003716,09/03/2000,"VACUNAS, TOXOIDES,  HEMODERIVADOS"
DROGUERIA PASCUA,DROGUERIA,"CORONEL GARDUÑO 
No.16-A",CENTRO,62740,CUAUTLA,MORELOS,10060033741,29/06/2000,"VACUNAS, TOXOIDES, SUEROS DE ORIGEN ANIMAL, 
HEMODERIVADOS, ANTITOXINAS DE ORIGEN ANIMAL"
FARMACIA KENY,FARMACIA,DOS DE MAYO No.100-D,CENTRO,62740,CUAUTLA,MORELOS,17006090122,06/07/2005,"VACUNAS, TOXOIDES, SUEROS DE ORIGEN ANIMAL,  
ANTITOXINAS DE ORIGEN ANIMAL"
FARMACIA LA PASTILLITA,FARMACIA,"CONSTITUYENTES 
No.180",CENTRO,62742,CUAUTLA,MORELOS,17006090146,30/05/2006,"VACUNAS, TOXOIDES, SUEROS DE ORIGEN ANIMAL"
"FARMACIA LA 
GUADALUPANA",FARMACIA,LOS BRAVO No.6,CENTRO,62740,CUAUTLA,MORELOS,1006093710,10/11/2011,"VACUNAS, TOXOIDES, SUEROS DE ORIGEN ANIMAL, 
HEMODERIVADOS, ANTITOXINAS DE ORIGEN ANIMAL"
FARMACIA CUAUHTÉMOC,FARMACIA,CUAUHTEMOZIN No.45,CUAUHTEMOC,62757,CUAUTLA,MORELOS,1006093715,28/10/1999,"VACUNAS, TOXOIDES, SUEROS DE ORIGEN ANIMAL, 
HEMODERIVADOS"
"FARMACIA DEL 
RANCHITO",FARMACIA,PEDRO ASCENCIO No.43,CUAUTLIXCO,62750,CUAUTLA,MORELOS,1006003727,16/10/2002,"VACUNAS, TOXOIDES, SUEROS DE ORIGEN ANIMAL, 
HEMODERIVADOS"
FARMACIA SAN LUIS,FARMACIA,IGNACIO MAYA No.51-B,EMILIANO ZAPATA,62744,CUAUTLA,MORELOS,17006090063,17/12/2003,"VACUNAS, TOXOIDES, SUEROS DE ORIGEN ANIMAL, 
HEMODERIVADOS"
SAN LORENZO,FARMACIA,"ALVARO OBREGON 
NO.116",EMILIANO ZAPATA,62744,CUAUTLA,MORELOS,1006003528,,"VACUNAS, TOXOIDES, SUEROS DE ORIGEN ANIMAL, 
HEMODERIVADOS"
FARMACIA ALICIA,FARMACIA,JACARANDAS No.20,"FRACC. NUEVO SAN 
JOSE",62740,CUAUTLA,MORELOS,17006090182,23/04/2007,"VACUNAS, TOXOIDES, SUEROS DE ORIGEN ANIMAL"
"COMERCIALIZADORA 
FARMAPRONTO SUC. XX",FARMACIA,PINO SUAREZ No.322,"FRANCISCO I 
MADERO",62742,CUAUTLA,MORELOS,17006090230,06/11/2009,"VACUNAS, TOXOIDES, SUEROS DE ORIGEN ANIMAL, 
HEMODERIVADOS"
FARMACIA IRIS,FARMACIA,"ADOLFO LOPEZ MATEOS 
No.18-A","HERMENEGILDO 
GALEANA",62743,CUAUTLA,MORELOS,17006090257,08/07/2011,"VACUNAS, TOXOIDES, SUEROS DE ORIGEN ANIMAL, 
HEMODERIVADOS, ANTITOXINAS DE ORIGEN ANIMAL"
"FARMACIA DEL 
PATRONATO DEL 
HOSPITAL GRAL.DE 
CUAUTLA",FARMACIA,"CARRET. MEX-CUAUTLA 
No.98.2",HIDALGO,62748,CUAUTLA,MORELOS,17006090039,13/02/2003,"VACUNAS, TOXOIDES, SUEROS DE ORIGEN ANIMAL, 
HEMODERIVADOS"
"FARMACIA SAGRADO 
CORAZON",FARMACIA,AV. CHAPULTEPEC No.66,HOSPITAL,62748,CUAUTLA,MORELOS,17006090255,04/04/2011,"VACUNAS, TOXOIDES, SUEROS DE ORIGEN ANIMAL, 
HEMODERIVADOS, ANTITOXINAS DE ORIGEN ANIMAL"
FARMACIA ARANDA,FARMACIA,COAHUILA No.464,"PABLO TORRES 
BURGOS",62742,CUAUTLA,MORELOS,1006003570,29/09/1995,"VACUNAS, TOXOIDES, SUEROS DE ORIGEN ANIMAL"
"FARMACIA 
FARMAPRONTO",FARMACIA,UNO PONIENTE No.145,PLAN DE AYALA,62740,CUAUTLA,MORELOS,17006093667,26/07/2010,"VACUNAS, TOXOIDES, SUEROS DE ORIGEN ANIMAL, 
HEMODERIVADOS, ANTITOXINAS DE ORIGEN ANIMAL"
FARMACIA SAN PABLO,FARMACIA,"ANGUSTIAS DE CALLEJA 
No.65-B",PROGRESO,62740,CUAUTLA,MORELOS,1006003754,13/12/2001,"VACUNAS, TOXOIDES, SUEROS DE ORIGEN ANIMAL"
"FARMACIA ABARROTES 
CASA VARGAS S.A. DE 
C.V.",FARMACIA,"CENTRAL DE ABASTO 
NAVE A BOD. 8,9,10,11 Y 
12",TETELCINGO,62751,CUAUTLA,MORELOS,1006003717,01/02/2000,"VACUNAS, TOXOIDES, SUEROS DE ORIGEN ANIMAL, 
HEMODERIVADOS"
"FARMACIA ABARROTES 
CASA VARGAS S.A. DE 
C.V.",FARMACIA,"CENTRAL DE ABASTO 
NAVE B BOD. 10",TETELCINGO,62751,CUAUTLA,MORELOS,1006003718,21/02/2000,"VACUNAS, TOXOIDES, SUEROS DE ORIGEN ANIMAL"
"FARMACIA ABARROTERA 
SAN ANTONIO",FARMACIA,"CARRET. MEX-CUAUTLA 
No.151 NAVE E L-24",TETELCINGO,62751,CUAUTLA,MORELOS,17006090162,13/08/2006,"VACUNAS, TOXOIDES, SUEROS DE ORIGEN ANIMAL, 
ANTITOXINAS DE ORIGEN ANIMAL"
FARMACIA BARSA,FARMACIA,"CARRET. FED. MEX-
CUAUTLA No.151 NAVE A 
BOD.35",TETELCINGO,62751,CUAUTLA,MORELOS,17006090179,22/01/2007,"VACUNAS, TOXOIDES, SUEROS DE ORIGEN ANIMAL"
"FARMACIA  
ABARROTERA EL 
CANARIO",FARMACIA,"CARRET. MEXICO-
CUAUTLA No.151 NAVE J 
BOD.6",TETELCINGO,62751,CUAUTLA,MORELOS,17006090197,10/09/2007,"VACUNAS, TOXOIDES, SUEROS DE ORIGEN ANIMAL, 
HEMODERIVADOS"
"FARMACIA 
FARMAPRONTO",FARMACIA,"CARRET. FED. MEX-
CUAUTLA KM. 95",TETELCINGO,62751,CUAUTLA,MORELOS,17006090233,02/04/2010,"VACUNAS, TOXOIDES, SUEROS DE ORIGEN ANIMAL, 
HEMODERIVADOS, ANTITOXINAS DE ORIGEN ANIMAL"
"FARMACIA ABARROTERA 
FUENTES",FARMACIA,"CARRET. FED. MEX-
CUAUTLA No.151 NAVE A 
BOD. 13 Y 14",TETELCINGO,62751,CUAUTLA,MORELOS,17006090165,19/09/2006,"VACUNAS, TOXOIDES, SUEROS DE ORIGEN ANIMAL, 
ANTITOXINAS DE ORIGEN ANIMAL"
"FARMACIA ABARROTERA 
FUENTES",FARMACIA,"CARRET.FED.MEX-
CUAUTLA No.151 
BOD.9,10,11 NAVE D",TETELCINGO,62751,CUAUTLA,MORELOS,17006090166,19/09/2006,"VACUNAS, TOXOIDES, SUEROS DE ORIGEN ANIMAL, 
ANTITOXINAS DE ORIGEN ANIMAL"
"FARMACIA NUEVA DE 
DESCUENTO",FARMACIA,MORELOS No.26,CENTRO,62972,JANTETELCO,MORELOS,1010000089,18/04/1996,"VACUNAS, TOXOIDES, SUEROS DE ORIGEN ANIMAL"
FARMACIA SIMILARES,FARMACIA,AV. MORELOS No.5,CENTRO,62930,JANTETELCO,MORELOS,17010090150,20/06/2006,"VACUNAS, TOXOIDES, SUEROS DE ORIGEN ANIMAL"
FARMACIA DE RIVERA,FARMACIA,GALEANA No.39,CENTRO,62970,JANTETELCO,MORELOS,1010000094,20/04/1999,"VACUNAS, TOXOIDES, SUEROS DE ORIGEN ANIMAL"
"FARMAPRONTO 
AMAYUCA 2",FARMACIA,"AVENIDA MORELOS 
NO.27",CENTRO,62972,JANTETELCO,MORELOS,17010090263,13/06/2012,"VACUNAS, TOXOIDES, SUEROS DE ORIGEN ANIMAL, 
HEMODERIVADOS"
"FARMACIA 
CHALCATZINGO",FARMACIA,BENITO JUAREZ S/N,AMACUITLAPILCO,62930,JONACATEPEC,MORELOS,17010090078,22/09/2011,"VACUNAS, TOXOIDES, SUEROS DE ORIGEN ANIMAL, 
ANTITOXINAS DE ORIGEN ANIMAL"
"FARMACIA 
FARMAPRONTO",FARMACIA,EMILIANO ZAPATA No.20,CENTRO,62930,JONACATEPEC,MORELOS,17013090171,22/11/2006,"VACUNAS, TOXOIDES, SUEROS DE ORIGEN ANIMAL"
"FARMACIA 
GUADALUPANA",FARMACIA,ZARAGOZA No.1-D,CENTRO,62930,JONACATEPEC,MORELOS,17013090217,14/05/2010,"VACUNAS, TOXOIDES, SUEROS DE ORIGEN ANIMAL, 
HEMODERIVADOS"
"FARMA Y MAS 
JONACATEPEC",FARMACIA,"VICENTE GUERRERO No. 
10",CENTRO,62930,JONACATEPEC,MORELOS,17013090270,05/04/2013,"VACUNAS, TOXOIDES, SUEROS DE ORIGEN ANIMAL, 
ANTITOXINAS DE ORIGEN ANIMAL"
FARMACIA SAN MARCOS,FARMACIA,MATAMOROS S/N,CENTRO,62850,OCUITUCO,MORELOS,17016090098,11/10/2004,"VACUNAS, TOXOIDES, SUEROS DE ORIGEN ANIMAL, 
ANTITOXINAS DE ORIGEN ANIMAL"
"FARMACIA 
GUADALUPANA",FARMACIA,"IGNACIO ZARAGOZA 
No.10",CENTRO,62853,OCUITUCO,MORELOS,101600023,07/02/1996,"VACUNAS, TOXOIDES, SUEROS DE ORIGEN ANIMAL"
"FARMACIA NUESTRA 
SEÑORA DE LA SALUD",FARMACIA,LAS DAMAS NUM. 1,CENTRO,62853,OCUITUCO,MORELOS,10016090097,14/05/2010,"VACUNAS, TOXOIDES, SUEROS DE ORIGEN ANIMAL"
FARMACIA DE JESUS,FARMACIA,AV. MORELOS No.4,CENTRO,62850,OCUITUCO,MORELOS,17016090194,23/08/2007,"VACUNAS, TOXOIDES, SUEROS DE ORIGEN ANIMAL, 
HEMODERIVADOS"
"FARMACIA SAN 
SEBASTIAN",FARMACIA,"CARRET. CUAUTLA-
TETELA S/N",SAN NICOLAS,62850,OCUITUCO,MORELOS,17016090207,08/10/2007,"VACUNAS, TOXOIDES, SUEROS DE ORIGEN ANIMAL, 
HEMODERIVADOS"
"FARMACIA 
FARMAPRONTO",FARMACIA,"CARRET. EMILIANO 
ZAPATA No.23",CENTRO,62870,TEMOAC,MORELOS,17033090199,02/10/2007,"VACUNAS, TOXOIDES, SUEROS DE ORIGEN ANIMAL, 
HEMODERIVADOS, ANTITOXINAS DE ORIGEN ANIMAL"
SAN MIGUEL,FARMACIA,CLAVIJERO No.14,CENTRO,62925,TEPALCINGO,MORELOS,1019000165,08/05/2002,"VACUNAS, TOXOIDES, SUEROS DE ORIGEN ANIMAL, 
ANTITOXINAS DE ORIGEN ANIMAL"
FARMACIA ATOTONILCO,FARMACIA,PINO SUAREZ No.31,CENTRO,62925,TEPALCINGO,MORELOS,1019000162,25/05/2001,"VACUNAS, TOXOIDES, SUEROS DE ORIGEN ANIMAL"
SAN MIGUEL,FARMACIA,CLAVIJERO No.07,CENTRO,62925,TEPALCINGO,MORELOS,17019090248,01/02/2011,"VACUNAS, TOXOIDES, SUEROS DE ORIGEN ANIMAL, 
HEMODERIVADOS, ANTITOXINAS DE ORIGEN ANIMAL"
FARMACIA SAN MIGUEL,FARMACIA,MORELOS No.28-A,CENTRO,62920,TEPALCINGO,MORELOS,17019090112,15/02/2005,"VACUNAS, TOXOIDES, SUEROS DE ORIGEN ANIMAL"
"FARMAPRONTO 
TEPALCINGO",FARMACIA,"PLAZA LAZARO 
CARDENAS No.9",CENTRO,62920,TEPALCINGO,MORELOS,17019090280,21/05/2015,"VACUNAS,TOXOIDES, SUEROS DE ORIGEN ANIMAL, 
HEMODERIVADOS"
"FARMACIA HERMANOS 
HIDALGO",FARMACIA,"PLAZA LAZARO 
CARDENAS No.23",CENTRO,62920,TEPALCINGO,MORELOS,1019000160,25/09/2000,"VACUNAS, TOXOIDES, SUEROS DE ORIGEN ANIMAL"
FARMACIA MORELOS,FARMACIA,"AV. LÓPEZ AVELAR No. 
28","BARRIO SAN 
AGUSTÍN",62800,"TETELA DEL 
VOLCAN",MORELOS,1702209001,25/09/2002,"VACUNAS, TOXOIDES, SUEROS DE ORIGEN ANIMAL,  
ANTITOXINAS DE ORIGEN ANIMAL"
FARMACIA MOCTEZUMA,FARMACIA,"AV. LOPEZ AVELAR 
No.33","BARRIO SAN 
BARTOLO",62800,"TETELA DEL 
VOLCAN",MORELOS,17022090204,02/10/2007,"VACUNAS, TOXOIDES, SUEROS DE ORIGEN ANIMAL, 
HEMODERIVADOS, ANTITOXINAS DE ORIGEN ANIMAL"
FARMACIA SAN MARTIN,FARMACIA,CINCO DE MAYO S/N,"BARRIO SAN 
JERONIMO",62800,"TETELA DEL 
VOLCAN",MORELOS,1022000054,24/05/2000,"VACUNAS, TOXOIDES, SUEROS DE ORIGEN ANIMAL"
"FARMACIA 
FARMAPRONTO",FARMACIA,10 DE MAYO No.5,CENTRO,62800,"TETELA DEL 
VOLCAN",MORELOS,17022090224,16/12/2008,"VACUNAS, TOXOIDES, SUEROS DE ORIGEN ANIMAL, 
HEMODERIVADOS"
FARMACIA DEL CENTRO,FARMACIA,INDEPENDENCIA No.1,CENTRO,62800,"TETELA DEL 
VOLCAN",MORELOS,17022090155,06/07/2007,"VACUNAS, TOXOIDES, SUEROS DE ORIGEN ANIMAL"
BOTICA SANTA INES,BOTICA,"DE LA CONSTITUCION 
No.5",CENTRO,62520,TLANEPANTLA,MORELOS,1023000016,16/08/2001,"VACUNAS, TOXOIDES, SUEROS DE ORIGEN ANIMAL"
FARMACIA SAN  ANDRES,FARMACIA,"CARRETERA 
TLAYACAPAN-
TOTOLAPAN S/N",CENTRO,62540,TLAYACAPAN,MORELOS,1702609001,21/11/2003,"VACUNAS, TOXOIDES, SUEROS DE ORIGEN ANIMAL,  
ANTITOXINAS DE ORIGEN ANIMAL"
"FARMAPRONTO 
TLAYACAPAN SUC. 
ZARAGOZA",FARMACIA,AV. ZARAGOZA No.9,BARRIO TEXCALPAN,62540,TLAYACAPAN,MORELOS,17026090246,04/10/2010,"VACUNAS, TOXOIDES, SUEROS DE ORIGEN ANIMAL, 
HEMODERIVADOS, ANTITOXINAS DE ORIGEN ANIMAL"
"FARMACIA SAN JUDAS 
TADEO",FARMACIA,"JOSEFA ORTIZ DE 
DOMINGUEZ No.12",BARRIO TEXCALPAN,62540,TLAYACAPAN,MORELOS,17026090188,17/08/2007,"VACUNAS, TOXOIDES, SUEROS DE ORIGEN ANIMAL"
FARMACIA MORELOS,FARMACIA,MORELOS No.7,CENTRO,62830,TOTOLAPAN,MORELOS,1027000037,25/01/2002,"VACUNAS, TOXOIDES, SUEROS DE ORIGEN ANIMAL, 
ANTITOXINAS DE ORIGEN ANIMAL"
FARMACIA COCOYOC,FARMACIA,HIDALGO No.47,LUCIO MORENO,62736,YAUTEPEC,MORELOS,1029000839,18/10/2000,"VACUNAS, TOXOIDES, SUEROS DE ORIGEN ANIMAL"
"FARMACIA 
GUADALUPANA",FARMACIA,JULIO NOVOA No.43,CENTRO,62739,YAUTEPEC,MORELOS,1029000828,08/05/2000,"VACUNAS, TOXOIDES, SUEROS DE ORIGEN ANIMAL"
FARMACIA LAS LOMAS,FARMACIA,"PROLONGACION 
ESTACION VIEJA No.8-B",CENTRO,62738,YAUTEPEC,MORELOS,1029000847,27/02/2001,"VACUNAS, TOXOIDES, SUEROS DE ORIGEN ANIMAL"
FARMACIA DEL PUEBLO,FARMACIA,"ALDAMA No.97 ESQ. 
CONQUISTADORES",AMADOR SALAZAR,62730,YAUTEPEC,MORELOS,1029000835,28/07/1999,"VACUNAS, TOXOIDES, SUEROS DE ORIGEN ANIMAL"
"FARMACIA DEL SUPER 
AHORRO",FARMACIA,JARDIN JUAREZ No.9,CENTRO,62730,YAUTEPEC,MORELOS,1029000830,19/02/1999,"VACUNAS, TOXOIDES, SUEROS DE ORIGEN ANIMAL"
FARMACIA EL ROCIO,FARMACIA,"CARRET. YAUTEPEC-
TICUMAN",EL ROCIO,62730,YAUTEPEC,MORELOS,17029090221,18/08/2008,"VACUNAS, TOXOIDES, SUEROS DE ORIGEN ANIMAL,  
ANTITOXINAS DE ORIGEN ANIMAL"
"FARMACIA FARMABONO 
LA JOYA",FARMACIA,"CARRET.FED.CUAUTLA-
CUERNAVACA No.99",LA JOYA,62730,YAUTEPEC,MORELOS,1029000852,29/04/2002,"VACUNAS, TOXOIDES, SUEROS DE ORIGEN ANIMAL,  
ANTITOXINAS DE ORIGEN ANIMAL"
FARMAPRONTO SUC. H,FARMACIA,"PASAJE ESCALANTE 
No.5 LOCAL 18 Y 19",CENTRO,62730,YAUTEPEC,MORELOS,17029090297,03/03/2017,"PSICOTROPICOS GRUPO II, PSICOTROPICOS GRUPO 
III, ANTITOXINAS DE ORIGEN ANIMAL, 
HEMODERIVADOS,SUEROS DE ORIGEN ANIMAL, 
TOXOIDES, VACUNAS."
FARMACIA SURTIFARMA,FARMACIA,PASEO TLAHUICA No.96,RANCHO NUEVO,62731,YAUTEPEC,MORELOS,17029090144,17/05/2006,"VACUNAS, TOXOIDES, SUEROS DE ORIGEN ANIMAL"
FARMACIAS SIMILARES,FARMACIA,"HERMENEGILDO 
GALEANA No.62",JUAN MORALES,,YECAPIXTLA,MORELOS,17030090201,02/10/2007,"VACUNAS, TOXOIDES, SUEROS DE ORIGEN ANIMAL, 
HEMODERIVADOS, ANTITOXINAS DE ORIGEN ANIMAL"
"FARMACIA DEL 
MERCADO",FARMACIA,"A. L. MATEOS Y 
MOCTEZUMA No.24",CENTRO,62820,YECAPIXTLA,MORELOS,1030000210,08/11/2001,"VACUNAS, TOXOIDES, SUEROS DE ORIGEN ANIMAL"
"FARMACIA MOCTEZUMA 
II",FARMACIA,EVARISTO NAVA No.5,CENTRO,62820,YECAPIXTLA,MORELOS,17030090151,20/06/2006,"VACUNAS, TOXOIDES, SUEROS DE ORIGEN ANIMAL"
"FARMACIA SANTIAGO 
APOSTOL",FARMACIA,JUAN MORALES No.33,CENTRO,,YECAPIXTLA,MORELOS,17030090176,22/11/2006,"VACUNAS, TOXOIDES, SUEROS DE ORIGEN ANIMAL"
FARMACIA MOCTEZUMA,FARMACIA,EMILIANO ZAPATA No.7,CENTRO,62820,YECAPIXTLA,MORELOS,17030090200,02/10/2007,"VACUNAS, TOXOIDES, SUEROS DE ORIGEN ANIMAL, 
HEMODERIVADOS, ANTITOXINAS DE ORIGEN ANIMAL"
FARMACIA LA LUZ,FARMACIA,PLAZA MORELOS NO.29,CENTRO,62820,YECAPIXTLA,MORELOS,17030090237,12/02/2010,"VACUNAS, TOXOIDES, SUEROS DE ORIGEN ANIMAL, 
HEMODERIVADOS, ANTITOXINAS DE ORIGEN ANIMAL"
"FARMAPRONTO 
TLACOTEPEC",FARMACIA,"FRANCISCO MENDOZA 
No.2",CENTRO,62895,ZACUALPAN,MORELOS,17032090198,18/09/2007,"VACUNAS, TOXOIDES, SUEROS DE ORIGEN ANIMAL, 
HEMODERIVADOS"
"FARMACIA 
FARMAPRONTO",FARMACIA,"CARRETERA A CUAUTLA 
S/N",CENTRO,62890,ZACUALPAN,MORELOS,1032000026,08/03/2007,"VACUNAS, TOXOIDES, SUEROS DE ORIGEN ANIMAL, 
HEMODERIVADOS"
IZCHEL,FARMACIA,HIDALGO No.11,CENTRO,62890,ZACUALPAN,MORELOS,1032000023,20/09/2000,"VACUNAS, TOXOIDES, SUEROS DE ORIGEN ANIMAL"
PHARMA-MAG,FARMACIA,AV. REFORMA NO.133,"GUADALUPE 
VICTORIA",62746,CUAUTLA,MORELOS,17006090299,22/02/2018,"VACUNAS, TOXOIDES, SUEROS DE ORIGEN ANIMAL"
"FARMACIAS 
GUDALAJARA S.A. DE 
C.V.",FARMACIA,"CARR. MEXICO-CUAUTLA 
NO.46",CUAUHTEMOC,62757,CUAUTLA,MORELOS,17006090300,22/02/2018,"VACUNAS, TOXOIDES, SUEROS DE ORIGEN ANIMAL"
"BOTICA DEL HOSPITAL 
GENERAL DE 
AXOCHIAPAN  ""DR. 
ÁNGEL VENTURA NERI""",BOTICA,"PROLONGACIÓN 
ZARAGOZA No.8",PROGRESO,62950,AXOCHIAPAN,MORELOS,17 003 10 0001,10/03/2003,"ESTUPEFACIENTES, PSICOTROPICOS, TOXOIDES, 
SUEROS DE ORIGEN ANIMAL"
"FARMACIA DEL 
HOSPITAL GENERAL DE 
AXOCHIAPAN",BOTICA,"PROLONGACIÓN 
ZARAGOZA No.8",CENTRO,62950,AXOCHIAPAN,MORELOS,17003090067,1701/11,"ESTUPEFACIENTES, PSICOTROPICOS GRUPOS II Y III"
"FARMACIA VANTAGE HG 
AXOCHIAPAN ""DR. 
ANGEL VENTURA NERI""",BOTICA,"PROLONGACIÓN 
ZARAGOZA S/N",PROGRESO,62950,AXOCHIAPAN,MORELOS,17 003 09 0119,26/06/2017,"ESTUPEFACIENTES, PSICOTRÓPICOS GRUPO II Y III, 
VACUNAS, ANTITOXINAS DE ORIGEN ANIMAL, 
HEMODERIVADOS, SUEROS DE ORIGEN ANIMAL, 
TOXOIDES."
"FARMACIA DE LA 
CLÍNICA SAN ANTONIO",FARMACIA,MANUEL MAZARIK No. 8,PROGRESO,62950,AXOCHIAPAN,MORELOS,17003090001,13/12/2002,"ESTUPEFACIENTES, PSICOTROPICOS GRUPOS II Y III, 
TOXOIDES, SUEROS Y NTITOXINAS DE ORIGEN 
ANIMAL, VACUNAS Y HEMODERIVADOS"
"UNIDAD DE MEDICINA 
FAMILIAR AXOHIAPAN",BOTICA,"GALEANA, No. 29",CENTRO,62950,AXOCHIAPAN,MORELOS,17 003 09 0057,14/12/2009,PSICOTROPICOS GRUPOS II Y III
"BOTICA DE LA UNIDAD 
DE MEDICINA FAMILIAR 
DE AMACUZAC",BOTICA,BENITO JUAREZ S/N,BENITO JUAREZ,62640,AMACUZAC,MORELOS,17 001 09 0075,02/09/2011,PSICOTROPICOS GRUPOS II Y III
"CENTRO FEDERAL DE 
REHABILITACIÓN 
PSICOSOCIAL",BOTICA,"CIRCUITO DE TODOS 
LOS SANTOS No. 1","BARRIO SAN LUIS / 
UNIDAD 
HABITACIONAL 
MARIANO 
MATAMOROS",62970,AYALA,MORELOS,17 004 09 0001,17/02/2016,"ESTUPEFACIENTES, PSICOTROPICOS GRUPOS II Y III, 
TOXOIDES, VACUNAS Y SUEROS DE ORIGEN ANIMAL"
"UNIDAD DE MEDICINA 
FAMILIAR No. 8",BOTICA,BENITO JUÁREZ S/N,CENTRO,62700,CIUDAD AYALA,MORELOS,14 004 10 0039,12/02/2007,"ESTUPEFACIENTES, PSICOTROPICOS GRUPOS II Y III"
"UNIDAD DE MEDICINA 
FAMILIAR No. 10",BOTICA,PLAZA PRINCIPAL S/N,CENTRO,62720,CHINAMECA,MORELOS,17 007 10 0031,19/10/2006,"ESTUPEFACIENTES, PSICOTROPICOS GRUPOS II Y III"
"UNIDAD DE MEDICINA 
FAMILIAR CD. AYALA",BOTICA,"PROCULO CAPISTRAN 
No. 4",CENTRO,62700,CD. AYALA,MORELOS,17004090051,07/09/2009,PSICOTROPICOS GRUPOS II Y III
"CENTRO FEDERAL DE 
READAPTACIÓN SOCIAL 
FEMENIL",BOTICA,"CARRETERA FEDERAL A 
MICHAPA KM. 5",LOCALIDAD MICHAPA,62614,COATLÁN DEL RÍO,MORELOS,10 005 09 0109,05/10/2016,"ESTUPEFACIENTES, PSICOTROPICOS GRUPOS II Y III, 
HEMODERIVADOS, VACUNAS Y TOXOIDES"
"BOTICA DEL HOSPITAL 
GRAL. DE CUAUTLA  DR. 
MAURO BELAUNZARÁN 
TAPIA",BOTICA,"CARRETERA MÉXICO-
CUAUTLA KM. 98.2",MIGUEL HIDALGO,62748,CUAUTLA,MORELOS,17006100001,30/04/2003,"ESTUPEFACIENTES, PSICOTRPICOS GRUPOS II Y III,  
TOXOIDES, SUEROS Y ANTITOXINAS DE ORIGEN 
ANIMAL, HEMODERIVADOS"
"FARMACIA DEL 
HOSPITAL GENERAL DE 
CUAUTLA",BOTICA,"CARRET. MEXICO-
CUAUTLA KM 98.2",MIGUEL HIDALGO,62748,CUAUTLA,MORELOS,17006090065,13/01/2011,"ESTUPEFACIENTES, PSICOTROPICOS GRUPOS II Y III"
"FARMACIA VANTAGE HG 
CUAUTLA ""DR. MAURO 
BELAUNZARÁN TAPIA""",BOTICA,"CARRETERA MÉXICO-
CUAUTLA KM. 98.2",MIGUEL HIDALGO,62748,CUAUTLA,MORELOS,17 006 09 0115,26/06/2017,"ESTUPEFACIENTES, PSICOTRÓPICOS GRUPO II Y III, 
VACUNAS, ANTITOXINAS DE ORIGEN ANIMAL, 
HEMODERIVADOS, SUEROS DE ORIGEN ANIMAL, 
TOXOIDES."
"BOTICA DEL HOSPITAL 
DR. RAFAEL BARBA 
OCAMPO",BOTICA,"INTRÉPIDOS DE 
ASTURIAS Y LOBERAS 
No.7",CENTRO,62740,CUAUTLA,MORELOS,17 006 10 0016,21/06/2004,"ESTUPEFACIENTES, PSICOTROPICOS GRUPOS II Y III, 
VACUNAS, TOXOIDES, SUEROS Y ANTOTINAS DE 
ORIGEN ANIMAL"
"FARMACIA HOSPITAL 
CONSTITUYENTES S.C.",FARMACIA,CONTITUYENTES No. 156,CENTRO,62740,CUAUTLA,MORELOS,17 006 09 0021,29/05/2006,"ESTUPEFACIENTES, PSICOTROPICOS GRUPOS II Y III, 
HEMODERIVADOS, ANTITOXINAS DE ORIGEN ANIMAL, 
VACUNAS."
"BOTICA DEL HOSPITAL 
GENERAL ZONA 7",BOTICA,CAMACHO Y MOLINA S/N,CENTRO,62740,CUAUTLA,MORELOS,17 006 10 0001,16/10/2003,"ESTUPEFACIENTES, PSICOTROPICOS GRUPOS II Y III, 
VACUNAS Y SUEROS DE ORIGEN ANIMAL"
"UNIDAD DE MEDICINA 
FAMILIAR No. 15",BOTICA,"SOL DE MAYO ESQ. CON 
REFORMA No. 1",CASASANO,62749,"CASASANO, 
CUAUTLA",MORELOS,17006090084,27/09/2012,PSICOTROPICOS GRUPOS II Y III
"CENTRO MÉDICO SAN 
DIEGO",BOTICA,"LIBRAMIENTO ORIENTE 
No. 1",FRACC. VOLCANES,62757,CUAUTLA,MORELOS,17 006 10 0044,12/06/2015,ESTUPEFACIENTES Y PSICOTROPICOS GRUPOS II Y III.
"CLINICA PEDIATRICA 
SAN JORGE",BOTICA,NO REELECCIÓN No. 65,ZAPATA,62744,CUAUTLA,MORELOS,17006100048,17/09/2008,ESTUPEFACIENTES Y PSICOTROPICOS GRUPOS II Y III.
CLINICA MENDOZA,BOTICA,"EJERCITO LIBERTADOR 
No. 214",GABRIEL TEPEPA,62742,CUAUTLA,MORELOS,SOL. LIC.,,
"BOTICA DEL HOSPITAL 
GENERAL REGIONAL 
C/M.F.No.1",BOTICA,"AV. PLAN DE AYALA No. 
1201 ESQ.  CENTRAL",FLORES MAGON,62450,CUERNAVACA,MORELOS,17 007 09 0008,04/08/2011,"ESTUPEFACIENTES Y PSICOTROPICOS GRUPOS II Y III, 
VACUNAS"
"FARMACIA DEL 
HOSPITAL GENERAL DE 
CUERNAVACA DR. JOSÉ 
G. PARRES",BOTICA,"DOMINGO DIEZ ESQ. 
GÓMEZ AZCÁRATE S/N",LOMAS DE LA SELVA,62270,CUERNAVACA,MORELOS,17 007 10 0005,23/05/2003,"ESTUPEFACIENTES, PSIOTROPICOS GRUPOS II Y III, 
TOXOIDES, SUEROS Y ANTITOXINAS DE ORIGEN 
ANIMAL, HEMODERIVADOS"
"FARMACIA DEL 
HOSPITAL GENERAL DE 
CUERNAVACA",BOTICA,"AV. DOMINGO DIEZ S/N 
ESQ  GOMEZ AZCARATE",LOMAS DE LA SELVA,62270,CUERNAVACA,MORELOS,17007090064,13/01/2011,ESTUPEFACIENTES Y PSICOTROPICOS GRUPOS II Y III.
"FARMACIA VANTAGE HG 
CUERNAVACA DR. JOSÉ 
G. PARRES",BOTICA,AV. DOMINGO DIEZ S/N,LOMAS DE LA SELVA,62270,CUERNAVACA,MORELOS,17 007 09 0117,26/06/2017,"ESTUPEFACIENTES, PSICOTRÓPICOS GRUPO II Y III, 
VACUNAS, ANTITOXINAS DE ORIGEN ANIMAL, 
HEMODERIVADOS, SUEROS DE ORIGEN ANIMAL, 
TOXOIDES."
"BOTICA DE LA 
ENFERMERÍA MILITAR DE 
CUERNAVACA",BOTICA,AV. DOMINGO DIEZ S/N,EL EMPLEADO,62250,CUERNAVACA,MORELOS,17 007 10 0002,13/12/2002,"ESTUPEFACIENTES, PSICOTROPICOS GRUPOS II Y III, 
VACUNAS Y TOXOIDES"
"HOSPITAL HENRI 
DUNANT A.C.",FARMACIA,RÍO PANUCO No.100,"LOMAS DE LOS 
VOLCANES",62350,CUERNAVACA,MORELOS,17 007 09 0014,20/07/2012,"ESTUPEFACIENTES, PSICOTROPICOS GRUPOS II Y III, 
TOXOIDES, VACUNAS, HEMODERIVADOS, SUEROS Y 
ANTITOXINAS DE ORIGEN ANIMAL"
"BOTICA DE LA CLINICA 
DE MEDICINA FAMILIAR 
CUERNAVACA",BOTICA,"ALVARO OBREGON No. 
335",CENTRO,62000,CUERNAVACA,MORELOS,17 007 10 00107,27/07/2016,"ESTUPEFACIENTES, PSICOTROPICOS GRUPOS II Y III, 
VACUNAS, TOXOIDES, HEMODERIVADOS, SUEROS Y 
ANTITOXINAS  DE ORIGEN ANIMAL."
"BOTICA DEL HOSPITAL 
BELLAVISTA DE 
CUERNAVACA S.A. DE 
C.V.",BOTICA,AV. LAS PALMAS No.100,BELLAVISTA,62170,CUERNAVACA,MORELOS,17 007 10 0018,21/04/2005,"ESTUPEFACIENTES, PSICOTROPICOS GRUPOS II Y III, 
TOXOIDES, HEMODERIVADOS, SUEROS Y 
ANTITOXINAS DE ORIGEN ANIMAL"
"BOTICA DEL HOSPITAL 
MORELOS S.A. DE C.V",BOTICA,JAZMÍN No. 2,CHAPULTEPEC,62450,CUERNAVACA,MORELOS,17 007 10 0001,16/08/2004,"ESTUPEFACIENTES, PSICOTROPICOS GRUPOS II Y III, 
VACUNAS, TOXOIDES, HEMODERIVADOS, SUEROS Y 
ANTITOXINAS DE ORIGEN ANIMAL"
"UNIDAD DE MEDICINA 
FAMILIAR No. 20",BOTICA,"BOULEVARD BENITO 
JUÁREZ No. 18",CENTRO,62000,CUERNAVACA,MORELOS,17 007 10 0020,02/12/2012,"ESTUPEFACIENTES, PSICOTROPICOS GRUPOS II Y III, 
VACUNAS, TOXOIDES, SUEROS DE ORIGEN ANIMAL"
"BOTICA DEL INSTITUTO 
MEXICANO DE 
TRASPLANTES S.C.",BOTICA,"ALTA TENSIÓN No. 580 L-
2",CANTARRANAS,62448,CUERNAVACA,MORELOS,"17 
007 10 0012",02/03/2004,"ESTUPEFACIENTES, PSICOTROPICOS GRUPOS II Y III, 
TOXOIES, VACUNAS."
HOSPITAL PALMAS,BOTICA,"BOULEVARD BENITO 
JUÁREZ No. 92",LAS PALMAS,62050,CUERNAVACA,MORELOS,17 007 10 0036,12/09/2007,"ESTUPEFACIENTES, PSICOTROPICOS GRUPOS II Y III, 
SUEROS DE ORIGEN ANIMAL, TOXOIDES, 
HEMODERIVADOS."
"TECNOLOGÍA BIOMÉDICA 
S.A. DE C.V.",BOTICA,VERACRUZ  No.5,LAS PALMAS,62050,CUERNAVACA,MORELOS,17 007 10 0025,25/09/2006,"ESTUPEFACIENTES, PSICOTROPICOS GRUPOS II Y III, 
VACUNAS, SUEROS DE ORIGEN ANIMAL Y 
HEMODERIVADOS."
"CLINICA LA SAGRADA 
FAMILIA",BOTICA,XITLE No. 307,"FRACC. LOS 
VOLCANES",62350,CUERNAVACA,MORELOS,17 007 09 0081,03/05/2012,PSICOTROPICOS GRUPOS II Y III
FARMACIA INNOMINADA,FARMACIA,"AV. TEOPANZOLCO No. 
211   INT. 401",VISTA HERMOSA,62290,CUERNAVACA,MORELOS,17 007 09 0104,07/07/2015,"ESTUPEFACIENTES, PSICOTROPICOS GRUPOS II Y III, 
HEMODERIVADOS, TOXOIDES Y VACUNAS"
CLINICA DEL ÁNGEL,BOTICA,"AV. PLAN DE AYALA No. 
910","LOMAS DEL 
MIRADOR",62350,CUERNAVACA,MORELOS,17 007 09 0106,15/07/2016,"ESTUPEFACIENTES, PSICOTROPICOS GRUPOS II Y III, 
HEMODERIVADOS"
"RENOVANCE, S.C.",BOTICA,AV. RIO MAYO NO. 303,VISTA HERMOSA,62290,CUERNAVACA,MORELOS,17 007 09 0113,17/04/2017,ESTUPEFACIENTES
"UNIDAD DE MEDICINA 
FAMILIAR No. 18",BOTICA,"NO REELECCIÓN No.46  
ESQ. EXHACIENDA",CENTRO,62760,EMILIANO ZAPATA,MORELOS,14 008 10 0033,12/12/2006,"ESTUPEFACIENTES, PSICOTROPICOS GRUPOS II Y III"
"BOTICA DEL HOSPITAL 
DEL NIÑO MORELENSE",BOTICA,"AVENIDA DE LA SALUD 
No. 1",BENITO JUAREZ No. 1,62270,EMILIANO ZAPATA,MORELOS,17 008 09 0009,12/10/2012,"ESTUPEFACIENTES, PSICOTROPICOS GRUPOS II Y III, 
VACUNAS, HEMODERIVADOS Y SUEROS DE ORIGEN 
ANIMAL."
"UNIDAD DE MEDICINA 
FAMILIAR No.17",BOTICA,EMILIANO ZAPATA No.24,CENTRO,62765,TEZOYUCA,MORELOS,17008 10 0027,19/10/2006,"ESTUPEFACIENTES, PSICOTROPICOS GRUPOS II Y III"
"HOSPITAL DE ALTA 
ESPECIALIDAD 
""CENTENARIO DE LA 
REVOLUCION MEXICANA""",BOTICA,AV. UNIVERSIDAD No. 40,PALO ESCRITO,62760,EMILIANO ZAPATA,MORELOS,17 008 09 0059,28/04/2010,"ESTUPEFACIENTES, PSICOTROPICOS GRUPOS II Y III, 
VACUNAS, HEMODERIVADOS, SUEROS Y ANTITOXINAS 
DE ORIGEN ANIMAL"
"BOTICA DE LA UNIDAD 
DE MEDICINA FAMILIAR 
EMILIANO ZAPATA",BOTICA,CALLE CALVARIO No. 21,CENTRO,62760,EMILIANO ZAPATA,MORELOS,"SOL. LIC. 
131701501G0013",27/08/2013,PSICOTROPICOS GRUPOS II Y III
"BOTICA DE LA U.M.F. 
TRES MARIAS",BOTICA,SAN JOSE S/N,CENTRO,62510,"TRES 
MARIAS/HUITZILAC",MORELOS,17 009 09 0108,19/08/2016,PSICOTROPICOS GRUPOS II Y III
"UNIDAD DE MEDICINA 
FAMILIAR No. 21",BOTICA,"IGNACIO ALLENDE Y 
REFORMA S/N",CENTRO,62970,JANTETELCO,MORELOS,17 010 10 0040,17/02/2007,"ESTUPEFACIENTES, PSICOTROPICOS GRUPOS II Y III"
"UNIDAD DE MEDICINA 
FAMILIAR No.3",BOTICA,"INSURGENTES ESQ. 
ZAPATA S/N",CENTRO,62550,JIUTEPEC,MORELOS,17 011 10 0032,05/12/2006,"ESTUPEFACIENTES, PSICOTROPICOS GRUPOS II Y III"
"UNIDAD DE MEDICINA 
FAMILIAR No.23",BOTICA,"CALLE 40 ESTE NORTE 
ESQ. 8 ESTE",CIVAC,62500,JIUTEPEC,MORELOS,17 011 10 0030,18/08/2009,"ESTUPEFACIENTES, PSICOTROPICOS GRUPOS II Y III"
"BOTICA DE LA U.M.F. 
JIUTEPEC",BOTICA,AV. 5 DE MAYO No. 16,CENTRO,62550,JIUTEPEC,MORELOS,17 011 03 0101,13/05/2014,PSICOTROPICOS GRUPOS II Y III
"UNIDAD DE MEDICINA 
FAMILIAR JONACATEPEC",BOTICA,HIDALGO No. 22,CENTRO,62930,JONACATEPEC,MORELOS,17 013 09 0055,19/10/2009,PSICOTROPICOS GRUPOS II Y III
"FARMACIA DEL 
HOSPITAL COMUNITARIO 
DE JONACATEPEC",BOTICA,"CARRET. JONACATEPEC-
AXOCHIAPAN","JONACATEPEC- 
AXOCHIAPAN",62930,JONACATEPEC,MORELOS,17013090062,1713090062,"ESTUPEFACIENTES, PSICOTROPICOS GRUPOS II Y III"
"FARMACIA VANTAGE HG 
JONACATEPEC",BOTICA,"CARRETERA CUAUTLA-
AXOCHIAPAN S/N",CENTRO,62930,JONACATEPEC,MORELOS,17 013 09 0122,26/06/2017,"ESTUPEFACIENTES, PSICOTRÓPICOS GRUPO II Y III, 
VACUNAS, ANTITOXINAS DE ORIGEN ANIMAL, 
HEMODERIVADOS, SUEROS DE ORIGEN ANIMAL, 
TOXOIDES."
"BOTICA DEL HOSPITAL 
GENERAL DE JOJUTLA.",BOTICA,AV. UNIVERSIDAD S/N,CENTRO,62900,JOJUTLA,MORELOS,17 012 10 0001,27/02/2003,"ESTUPEFACIENTES, PSICOTROPICOS GRUPOS II Y III, 
VACUNAS, TOXOIDES"
"FARMACIA DEL 
HOSPITAL GENERAL DE 
JOJUTLA",BOTICA,AV. UNIVERSIDAD S/N,CENTRO,62900,JOJUTLA,MORELOS,17012090068,17/01/2011,"ESTUPEFACIENTES, PSICOTROPICOS GRUPOS II Y III"
"FARMACIA VANTAGE HG 
JOJUTLA ""DR. ERNESTO 
MEANA SAN ROMÁN""",BOTICA,AV. UNIVERSIDAD S/N,CENTRO,62980,JOJUTLA,MORELOS,17 012 09 0116,26/06/2017,"ESTUPEFACIENTES, PSICOTRÓPICOS GRUPO II Y III, 
VACUNAS, ANTITOXINAS DE ORIGEN ANIMAL, 
HEMODERIVADOS, SUEROS DE ORIGEN ANIMAL, 
TOXOIDES."
"MATERNIDAD 24 HRS. 
S.A. DE C.V.",BOTICA,"AV. 5 DE FEBRERO  No. 
117-A",CENTRO,62900,JOJUTLA,MORELOS,17 012 10 0022,22/12/2005,"ESTUPEFACIENTES, PSICOTROPICOS GRUPOS II Y III, 
SUEROS DE ORIGEN ANIMAL Y VACUNAS."
BOTICA DEL HOSPITAL,BOTICA,NICOLÁS BRAVO No.1,FRACC. REFORMA,62900,JOJUTLA,MORELOS,17 012 09 0050,20/08/2009,"ESTUPEFACIENTES, PSICOTROPICOS GRUPOS II Y III, 
HEMODERIVADOS, TOXOIDES  Y VACUNAS."
"UNIDAD DE MEDICINA 
FAMILIAR No. 4",BOTICA,"J. ORTIZ DE DOMÍNGUEZ 
ESQ. NARCIZO 
MENDOZA",CENTRO,62900,JOJUTLA,MORELOS,17 012 10 0026,19/10/2006,"ESTUPEFACIENTES, PSICOTROPICOS GRUPOS II Y III"
"NADRO S.A. DE C.V. 
FARMACIA UCA JOJUTLA",BOTICA,"LIBRAMIENTO CASA 
BLANCA S/N",MORELOS,62900,JOJUTLA,MORELOS,1701209063,13/01/2011,"ESTUPEFACIENTES, PSICOTROPICOS GRUPOS II Y III"
"UNIDAD DE MEDICINA 
FAMILIAR No.13",BOTICA,"PALMA Y CALLE NUEVA 
S/N",CENTRO,62660,MIACATLÁN,MORELOS,17 015 10 0034,12/12/2006,"ESTUPEFACIENTES, PSICOTROPICOS GRUPOS II Y III"
"FARMACIA DEL 
HOSPITAL COMUNITARIO 
DE OCUITUCO",BOTICA,BARRIO SAN NICOLAS,OCUITUCO,62850,OCUITUCO,MORELOS,17016090069,29/01/2011,"ESTUPEFACIENTES, PSICOTROPICOS GRUPOS II Y III"
"FARMACIA VANTAGE HC 
OCUITUCO",BOTICA,"BARRIO DE SAN 
NICOLAS",OCUITUCO,62850,OCUITUCO,MORELOS,17 016 09 0124,21/08/2017,"ESTUPEFACIENTES, PSICOTRÓPICOS GRUPOS II Y III, 
TOXOIDES, HEMODERIVADOS, VACUNAS, SUEROS DE 
ORIGEN ANIMAL Y ANTITOXINAS DE ORIGEN ANIMAL."
"UNIDAD DE MEDICINA 
FAMILIAR No. 6",BOTICA,"ALLENDE ESQ. 
PONIENTE",CENTRO,62660,PUENTE DE IXTLA,MORELOS,17 017 10 0029,19/10/2006,"ESTUPEFACIENTES, PSICOTROPICOS GRUPOS II Y III"
"BOTICA DE LA U.M.F. 
PUENTE DE IXTLA",BOTICA,"SOR JUANA INES DE LA 
CRUZ ESQ. MANUEL 
ACUÑA","JARDINES DE LA 
HERRADURA",62660,PUENTE DE IXTLA,MORELOS,17 017 09 0099,05/11/2013,PSICOTROPICOS GRUPOS II Y III
"FARMACIA DEL 
HOSPITAL PUENTE DE 
IXTLA",BOTICA,"SAN FELIPE BELTRAN  
NO. 104",EMILIANO ZAPATA,62664,PUENTE DE IXTLA,MORELOS,17017090070,21/01/2011,"ESTUPEFACIENTES, PSICOTROPICOS GRUPOS II Y III"
"FARMACIA VANTAGE HC 
PUENTE DE IXTLA ""DR. 
FERNANDO R. 
VIZCARRA""",BOTICA,"FELIPE BELTRÁN NO. 
104",EMILIANO ZAPATA,62660,PUENTE DE IXTLA,MORELOS,17 017 09 0125,21/08/2017,"ESTUPEFACIENTES, PSICOTRÓPICOS GRUPOS II Y III, 
TOXOIDES, HEMODERIVADOS, VACUNAS, SUEROS DE 
ORIGEN ANIMAL Y ANTITOXINAS DE ORIGEN ANIMAL."
"BOTICA DE LA UNIDAD 
DE MEDICINA FAMILIAR 
DE XOXOCOTLA",BOTICA,"JOSE MARIA MORELOS 
No. 61",CENTRO,62680,PUENTE DE IXTLA,MORELOS,17 017 09 0076,02/09/2011,PSICOTROPICOS GRUPOS II Y III
MEDICA XOXOCOTLA,BOTICA,"CARRETERA ALPUYECA-
JOJUTLA ESQ. EMILIANO 
ZAPATA",CENTRO,62670,"XOXOCOTLA,  
PUENTE DE IXTLA",MORELOS,17017100043,11/02/2008,SUEROS DE ORIGEN ANIMAL Y TOXOIDES
"FARMACIA CENTRO 
MEDICO PUENTE DE 
IXTLA",FARMACIA,"BLVD. GILBERTO 
FIGUEROA No. 410",SAN MATEO,62660,PUENTE DE IXTLA,MORELOS,17 017 09 0105,04/09/2015,"ESTUPEFACIENTES, PSICOTROPICOS GRUPOS II Y III, 
VACUNAS, HEMODERIVADOS, TOXOIDES Y SUEROS 
DE ORIGEN ANIMAL"
"UNIDAD DE MEDICINA 
FAMILIAR No.16",BOTICA,CALLE MARGARITAS S/N,CENTRO,62580,TEMIXCO,MORELOS,17 018 10 0041,abr-07,"ESTUPEFACIENTES, PSICOTROPICOS GRUPOS II Y III"
"BOTICA DE LA U.M.F. 
TEMIXCO",BOTICA,GRITO DE DOLORES,"VILLA DE LAS 
FLORES",62595,TEMIXCO,MORELOS,17 018 09 0103,13/05/2014,PSICOTROPICOS GRUPOS II Y III
"HOSPITAL GENERAL DE 
TEMIXCO",BOTICA,"AV. INDEPENDENCIA No. 
120",RUBEN JARAMILLO,62587,TEMIXCO,MORELOS,17018090061,24/11/2010,VACUNAS
"FARMACIA DEL 
HOSPITAL GENERAL DE 
TEMIXCO",BOTICA,"AV. INDEPENDENCIA No. 
120",RUBEN JARAMILLO,62599,TEMIXCO,MORELOS,17018090066,13/01/2011,"ESTUPEFACIENTES, PSICOTROPICOS GRUPOS II Y III"
"FARMACIA VANTAGE HG 
TEMIXCO ""ENF. MARÍA 
DE LA LUZ DELGADO 
MORALES""",BOTICA,"AV. INDEPENDENCIA No. 
120",RUBEN JARAMILLO,62587,TEMIXCO,MORELOS,17 018 09 0121,26/06/2017,"ESTUPEFACIENTES, PSICOTRÓPICOS GRUPO II Y III, 
VACUNAS, ANTITOXINAS DE ORIGEN ANIMAL, 
HEMODERIVADOS, SUEROS DE ORIGEN ANIMAL, 
TOXOIDES."
"UNIDAD DE MEDICINA 
FAMILIAR No. 22",BOTICA,AV. MORELOS S/N,CENTRO,62920,TEPALCINGO,MORELOS,17 019 10 0038,12/02/2007,"ESTUPEFACIENTES, PSICOTROPICOS GRUPOS II Y III"
"UNIDAD DE MEDICINA 
FAMILIAR TEPALCINGO",BOTICA,NIÑO ARTILLERO No. 13,GUADALUPE,62925,TEPALCINGO,MORELOS,17 019 09 0058,14/12/2009,PSICOTROPICOS GRUPOS II Y III
"UNIDAD DE MEDICINA 
FAMILIAR No. 19",BOTICA,PARAÍSO No.24,BARRIO SAN MIGUEL,62520,TEPOZTLÁN,MORELOS,17020090072,11/02/2011,"ESTUPEFACIENTES, PSICOTROPICOS GRUPOS II Y III"
"UNIDAD DE MEDICINA 
FAMILIAR No. 14",BOTICA,"AV. MÉXICO CON 
BANGLADESH S/N",OBRERA,62520,TEPOZTLÁN,MORELOS,17 020 09 0080,19/09/2011,PSICOTROPICOS GRUPOS II Y III
"UNIDAD DE MEDICINA 
FARMILIAR TEPOZTLAN",BOTICA,AV. ZARAGOZA No. 37,"BARRIO DE SANTO 
DOMINGO",62520,TEPOZTLÁN,MORELOS,MODIF. DE SOL. LIC.,07/11/2014,PSICOTROPICOS GRUPOS II Y III
"BOTICA DEL HOSPITAL 
GENERAL DE TETECALA 
""DR. RODOLFO 
BECERRIL DE LA PAZ""",BOTICA,AV. JUÁREZ S/N,EL CHARCO,62620,TETECALA,MORELOS,17 021 09 0001,12/11/2010,"FARMACIA ALOPATICA CON VENTA DE 
MEDICAMENTOS CONTROLADOS"
"FARMACIA DEL 
HOSPITAL GENERAL DE 
TETECALA",BOTICA,AV. JUÁREZ S/N,EL CHARCO,62620,TETECALA,MORELOS,17021090074,28/02/2011,"ESTUPEFACIENTES, PSICOTROPICOS GRUPOS II Y III"
"FARMACIA VANTAGE HG 
TETECALA ""DR. 
RODOLFO BECERRIL DE 
LA PAZ""",BOTICA,AV.. JUÁREZ,EL CHARCO,62620,TETECALA,MORELOS,17 021 09 0118,26/06/2017,"ESTUPEFACIENTES, PSICOTRÓPICOS GRUPO II Y III, 
VACUNAS, ANTITOXINAS DE ORIGEN ANIMAL, 
HEMODERIVADOS, SUEROS DE ORIGEN ANIMAL, 
TOXOIDES."
"BOTICA DE LA U.M.F. 
TETECALA",BOTICA,"FCO. I. MADERO No. 3 
ESQ. CAMINO HDA. DE 
LA LUZ",CENTRO,62620,TETECALA,MORELOS,17 021 09 0100,13/05/2014,PSICOTROPICOS GRUPOS II Y III
"UNIDAD DE MEDICINA 
FAMILIAR TETELA DEL 
VOLCAN",BOTICA,"AV. LOPEZ ALVEAR, No. 
24","BARRIO SAN 
BARTOLO",62800,"TETELA DEL 
VOLCAN",MORELOS,17022090052,01/10/2009,PSICOTROPICOS GRUPOS II Y III
"UNIDAD DE MEDICINA 
FAMILIAR No. 11",BOTICA,MORELOS No.3,CENTRO,62980,TLAQUILTENANGO,MORELOS,17 025 10 0037,12/02/2007,"ESTUPEFACIENTES, PSICOTROPICOS GRUPOS II Y III"
"UNIDAD DE MEDICINA 
FAMILIAR No. 9",BOTICA,5 DE FEBRERO  No.74,CENTRO,62770,TLALTIZAPÁN,MORELOS,17 024 10 0028,19/10/2006,"ESTUPEFACIENTES, PSICOTROPICOS GRUPOS II Y III"
"BOTICA DE LA UNIDAD 
DE MEDICINA FAMILIAR 
DE TLALTIZAPAN",BOTICA,5 DE FEBRERO No. 37,CENTRO,62780,TLALTIZAPÁN,MORELOS,17 024 09 0077,02/09/2011,PSICOTROPICOS GRUPOS II Y III
"BOTICA DE LA UNIDAD 
DE MEDICINA FAMILIAR 
DE TLAQUILTENANGO",BOTICA,20 DE NOVIEMBRE S/N,CENTRO,62980,TLAQUILTENANGO,MORELOS,17 025 09 0079,02/09/2011,PSICOTROPICOS GRUPOS II Y III
"FARMACIA CERESO 
MORELOS",BOTICA,DOMICILIO CONOCIDO,ATLACHOLOAYA,62790,"ATLACHOLOAYA, 
XOCHITEPEC",MORELOS,17 028 10 0017,28/01/2005,"PSICOTROPICOS GRUPOS II Y III, VACUNAS, 
TOXOIDES, SUEROS DE ORIGEN ANIMAL."
"UNIDAD DE MEDICINA 
FAMILIAR No.2",BOTICA,"ARGENTINA ESQ. 
C/HONDURAS S/N",CENTRO,62790,XOCHITEPEC,MORELOS,14 028 09 0035,01/01/2017,"PSICOTROPICOS GRUPOS II Y III, VACUNAS, SUEROS 
Y ANTITOXINAS DE ORIGEN ANIMAL"
"BOTICA DE LA U.M.F. 
XOCHITEPEC",BOTICA,LOS CUEVAS S/N,CENTRO,62790,XOCHITEPEC,MORELOS,17 028 09 0102,13/05/2014,PSICOTROPICOS GRUPOS II Y III
"UNIDAD DE MEDICINA 
FAMILIAR No.12",BOTICA,VIRGINIA FÁBREGAS S/N,CENTRO,62730,YAUTEPEC,MORELOS,17 029 09 0083,30/08/2012,PSICOTROPICOS GRUPOS II Y III
"CLINICA Y MATERNIDAD 
XOCHITEPEC",BOTICA,"AV. EMILIANO ZAPATA 
NO. 5",BENITO JUÁREZ,62790,XOCHITEPEC,MORELOS,17 028 09 0126,14/12/2017,"ESTUPEFACIENTES, PSICOTROPICOS GRUPOS II Y III, 
VACUNAS Y HEMODERIVADOS"
"BOTICA DEL HOSPITAL 
DE LA MUJER",BOTICA,PASEO TLAHUICA,PARACAS,62731,YAUTEPEC,MORELOS,17 029 10 0045,24/06/2008,"ESTUPEFACIENTES, PSICOTROPICOS GRUPOS II Y III, 
VACUNAS, TOXOIDES, HEMODERIVADOS, SUEROS Y 
ANTITOXINAS DE ORIGEN ANIMAL"
"FARMACIA DEL 
HOSPITAL DE LA MUJER",BOTICA,"PASEO TLAHUICA NO. 
190",PARACAS,62731,YAUTEPEC,MORELOS,17029090073,14/02/2011,"ESTUPEFACIENTES, PSICOTROPICOS GRUPOS II Y III"
"FARMACIA VANTAGE 
HOSPITAL DE LA MUJER",BOTICA,"PASEO TLAHUICA NO. 
190",PARACAS,62731,YAUTEPEC,MORELOS,17 029 09 0120,26/06/2017,"ESTUPEFACIENTES, PSICOTRÓPICOS GRUPO II Y III, 
VACUNAS, ANTITOXINAS DE ORIGEN ANIMAL, 
HEMODERIVADOS, SUEROS DE ORIGEN ANIMAL, 
TOXOIDES."
"UNIDAD DE MEDICINA 
FAMILIAR YAUTEPEC",BOTICA,PASEO TLAHUICAS,PARACAS,62730,YAUTEPEC,MORELOS,17 029 09 0053,13/10/2009,PSICOTROPICOS GRUPOS II Y III
"UNIDAD DE MEDICINA 
FAMILIAR YECAPIXTLA",BOTICA,"PLAZUELA LIBERTAD, 
No. 30",CENTRO,62820,YECAPIXTLA,MORELOS,17 030 09 0056,20/11/2009,PSICOTROPICOS GRUPOS II Y III
"UNIDAD DE MEDICINA 
FAMILIAR 24 YECAPIXTLA",BOTICA,"KILOMETRO 12 SIN 
NUMERO","CARRETERA 
YECAPIXTLA AGUA 
HEDIONDA",62820,YECAPIXTLA,MORELOS,17 030 09 0071,10/02/2010,PSICOTROPICOS GRUPOS II Y III
"BOTICA DEL HOSPITAL 
GENERAL ZONA 5",BOTICA,"AV. LÁZARO CÁRDENAS 
S/N",CENTRO,62780,"ZACATEPEC DE 
HIDALGO",MORELOS,17 031 09 0001,19/12/2002,"ESTUPEFACIENTES, PSICOTROPICOS GRUPOS II Y 
III,HEMODERIVADOS"
"BOTICA DE LA UNIDAD 
DE MEDICINA FAMILIAR 
DE ZACATEPEC",BOTICA,SANALONA S/N,CENTRO,62780,ZACATEPEC,MORELOS,17 031 09 0078,02/09/2011,PSICOTROPICOS GRUPOS II Y III
"UNIDAD DE MEDICINA 
FAMILIAR ZACUALPAN 
DE AMILPAS",BOTICA,"CARRETERA CUAUTLA-
TLACOTEPEC","BARRIO DE SAN 
NICOLAS",62890,"ZACUALPAN DE 
AMILPAS",MORELOS,17 032 09 0054,13/10/2009,PSICOTROPICOS GRUPOS II Y III
