ESTABLECIMIENTO,"GIRO (FARMACIA, BOTICA ,DROGUERIA)",CALLE Y NO.,COLONIA,CODIGO POSTAL,MUNICIPIO O DELEGACION,ENTIDAD,No. LICENCIA,FECHA EXPEDICION,"LINEAS DE COMERCIALIZACION AUTORIZADAS (ESTUPEFACIENTES),
(PSICOTRÓPICOS  II, III), VACUNAS, TOXOIDES, SUEROS DE ORIGEN
ANIMAL, ANTITOXINAS DE ORIGEN ANIMAL, HEMODERIVADOS)"
FARMACIA GUADALAJARA,FARMACIA CON MINI SUPER,ANDADOR JUAREZ NO.103,CENTRO,20000,AGUASCALIENTES,AGUASCALIENTES,146/95,01/09/2003,"Psicotrópicos,"
SUPER FARMACIA AGUASCALIENTES,FARMACIA CON MINI SUPER,5 DE MAYO Nº 418-D,CENTRO,20000,AGUASCALIENTES,AGUASCALIENTES,117/95,06/11/2003,"Psicotrópicos,"
FARMACIA UNIDAD DE MEDICINA FAMILIAR  N0. 8,FARMACIA CON MINI SUPER,ALAMEDA # 704,DEL TRABAJO,20180,AGUASCALIENTES,AGUASCALIENTES,191/94,05/06/2003,"Psicotrópicos,"
FARMACIA HOSPITAL ISSSTE,FARMACIA CON MINI SUPER,AV. UNIVERSIDAD # 410,SAN CAYETANO,20010,AGUASCALIENTES,AGUASCALIENTES,014/00,08/01/2004,"Psicotrópicos,"
"FARMACIA CENTRO HOSPITALARIO DE AGS.,S.A.DE C.V.",FARMACIA CON MINI SUPER,EMILIANO ZAPATA # 521,BARRIO DE GUADALUPE,20059,AGUASCALIENTES,AGUASCALIENTES,015/00,08/09/2003,"Psicotrópicos,"
FARMACIA  ISRAEL,FARMACIA CON MINI SUPER,LIBERTAD 526,CENTRO,20000,AGUASCALIENTES,AGUASCALIENTES,117/94,05/09/2003,"Psicotrópicos,"
FARMACIA  HOSPITAL LA ESPERANZA,FARMACIA CON MINI SUPER,LUIS ADOLFO 304,LINDAVISTA,20270,AGUASCALIENTES,AGUASCALIENTES,054/94,31/05/2004,"Psicotrópicos, Vacunas,"
FARMACIA  IMSS  UNIDAD DE MEDICINA FAMILIAR # 10,FARMACIA CON MINI SUPER,"AV.CONVENCION NORTE
ESQ.CONPETROLEOSM.
S/N",INDUSTRIAL,20020,AGUASCALIENTES,AGUASCALIENTES,159/95,30/09/2003,"Psicotrópicos, Vacunas,"
HOSPITAL GENERAL DE ZONA # 1,FARMACIA CON MINI SUPER,JOSE MA. CHAVEZ NO. 1202,LINDAVISTA,20270,AGUASCALIENTES,AGUASCALIENTES,052/94,27/08/2003,"Estupefacientes, Psicotrópicos, Vacunas,"
FARMACIA  UNIDAD DE MEDICINA FAMILIAR  # 7,FARMACIA CON MINI SUPER,"AV.AGUASCALIENTES#603
ESQ. AQUILES ELOURDY",SAN MARCOS,20078,AGUASCALIENTES,AGUASCALIENTES,060/94,11/08/2003,"Estupefacientes, Psicotrópicos, Vacunas,"
FARMACIA SANBORN'S AGUASCALIENTES,FARMACIA CON MINI SUPER,AV. UNIVERSIDAD 1001,BOSQUES DEL PRADO,20130,AGUASCALIENTES,AGUASCALIENTES,007/94,14/01/2004,"Estupefacientes, Psicotrópicos, Vacunas,"
"FARMACIA  GUADALAJARA, S.A. DE C.V.",FARMACIA CON MINI SUPER,"AV. CONVENCION NORTE
#2301",SAN CAYETANO,20010,AGUASCALIENTES,AGUASCALIENTES,022/94,09/07/2003,"Estupefacientes, Psicotrópicos, Vacunas,"
IMSS FARMACIA H.G.Z. N°2,FARMACIA CON MINI SUPER,CALLE 25 # 102,OJOCALIENTE,20190,AGUASCALIENTES,AGUASCALIENTES,059/2001,29/08/2003,"Estupefacientes, Psicotrópicos,"
"FARMACIA CENTRO MEDICO LA MORA, S.A.DE C.V.",FARMACIA CON MINI SUPER,MORA # 527,DEL CARMEN,20060,AGUASCALIENTES,AGUASCALIENTES,032/95,19/11/2003,"Estupefacientes, Psicotrópicos, Vacunas,"
FARMACIA FUND.MED.MEX.FRANCO BRASILEÑA A.C.,FARMACIA CON MINI SUPER,"BOULEVARD
GUADALUPANO NO.403",NAZARIO ORTIZ GARZA,20170,AGUASCALIENTES,AGUASCALIENTES,030/96,07/10/2003,"Estupefacientes, Psicotrópicos, Vacunas,"
FARMACIA  GABY,FARMACIA CON MINI SUPER,PRIMO VERDAD 237,CENTRO,20000,AGUASCALIENTES,AGUASCALIENTES,,27/10/2003,"Psicotrópicos,"
FARMACIA BODEGA AURRERA,FARMACIA CON MINI SUPER,"J.MA.CHAVEZ S/N
C.C.VILLASUNCION",PILAR BLANCO,20280,AGUASCALIENTES,AGUASCALIENTES,002/01,12/08/2003,"Psicotrópicos,"
FARMACIA  I.M.S.S. UNIDAD DE MEDICINA FAMILIAR # I,FARMACIA CON MINI SUPER,"JOSE MARIA CHAVEZ #
1202",LINDAVISTA,20270,AGUASCALIENTES,AGUASCALIENTES,022/97,13/10/2003,"Psicotrópicos,"
FARMACIA  BODEGA AURRERA,FARMACIA CON MINI SUPER,"AVENIDA CONVENCION
PTE.1101 ESQ.GUADALUPE",GOMEZ,20060,AGUASCALIENTES,AGUASCALIENTES,003/01,30/09/2003,"Psicotrópicos,"
FARMACIA GUADALAJARA,FARMACIA CON MINI SUPER,ALLENDE # 229,CENTRO,20000,AGUASCALIENTES,AGUASCALIENTES,027/97,21/08/2003,"Psicotrópicos,"
FARMACIA  GUADALAJARA,FARMACIA CON MINI SUPER,"PLAZA ABASTOS
OJOCALIENTE LOCAL 142",FRACC. OJOCALIENTE,20190,AGUASCALIENTES,AGUASCALIENTES,031/97,07/10/2003,"Psicotrópicos,"
FFAARRMMAACCIIAA    LLIINNDDAAVVIISSTTAA,FFAARRMMAACCIIAA  CCOONN  MMIINNII  SSUUPPEERR,"AALLFFOONNSSOOEESSPPAARRZZAAOOTTEEOO##
222244",SSAANN  MMAARRCCOOSS,2200007700,AAGGUUAASSCCAALLIIEENNTTEESS,AAGGUUAASSCCAALLIIEENNTTEESS,003322//9977,1177//1111//22000033,"PPssiiccoottrróóppiiccooss,,"
FARMACIA  MEDICA SAN JUAN DE AGUASCALIENTES,FARMACIA CON MINI SUPER,"PROLONGACIONPASEODE
LA ASUNCION # 101",INSURGENTES,20287,AGUASCALIENTES,AGUASCALIENTES,013/98,27/10/2003,"Estupefacientes, Psicotrópicos,"
FARMACIA SANBORN HERMANOS,FARMACIA CON MINI SUPER,"PLAZAPATRIA#111ESQ.
MADERO",CENTRO,20000,AGUASCALIENTES,AGUASCALIENTES,014/98,19/01/2004,"Estupefacientes, Psicotrópicos,"
FARMACIA  IMSS U.M.F.   6,FARMACIA CON MINI SUPER,"BOULEVARDMIGUELDELA
MADRID S/N",AGUA CLARA,20900,JESUS MARIA,AGUASCALIENTES,008/99,22/10/2003,"Estupefacientes, Psicotrópicos,"
FARMACIA  GUADALAJARA,FARMACIA CON MINI SUPER,AV. LAS AMERICAS #701,SANTA ELENA,20230,AGUASCALIENTES,AGUASCALIENTES,009/99,23/02/2004,"Psicotrópicos,"
"FARMACIA COSTCO DE MEXICO,S.A. DE C.V.",FARMACIA CON MINI SUPER,"BLVD.AGUASCALIENTES
NORTE 802",LAS TROJES,20120,AGUASCALIENTES,AGUASCALIENTES,007/2000,22/07/2003,"Estupefacientes, Psicotrópicos,"
FARMACIA LINDAVISTA SUCURSAL ENCINO,FARMACIA CON MINI SUPER,DR. DIAZ DE LEON NUM. 464,EL ENCINO,20240,AGUASCALIENTES,AGUASCALIENTES,020/00,30/09/2003,"Psicotrópicos,"
FARMACIA LINDAVISTA SUCURSAL AQUILES,FARMACIA CON MINI SUPER,"AQUILESSERDANNUM.221-
A",SAN PABLO,20050,AGUASCALIENTES,AGUASCALIENTES,019/00,13/11/2003,"Estupefacientes, Psicotrópicos,"
FARMACIA LINDAVISTA SUCURSAL GALEANA,FARMACIA CON MINI SUPER,GALEANA SUR NUM. 382,OBRAJE,20230,AGUASCALIENTES,AGUASCALIENTES,023/00,13/01/2004,"Estupefacientes, Psicotrópicos,"
"FARMACIA GUADALAJARA, S. A. DE C. V.",FARMACIA CON MINI SUPER,"AV.UNIVERSIDAD#701L-
1,2,3,4.",FATIMA,20130,AGUASCALIENTES,AGUASCALIENTES,025/00,25/08/2003,"Estupefacientes, Psicotrópicos,"
FARMACIA LINDAVISTA SUCURSAL JARDINES,FARMACIA CON MINI SUPER,"PROL.JOSEFA ORTIZ DE
DOMINGUEZ #504",JARD. DE LAS FUENTES,20261,AGUASCALIENTES,AGUASCALIENTES,027/00,25/08/2003,"Estupefacientes, Psicotrópicos,"
FARMACIA  SORIANA,FARMACIA CON MINI SUPER,"AV.UNIVERSIDADESQ.AV.
AGUASCALIENTES",BOSQUES DEL PRADO,20120,AGUASCALIENTES,AGUASCALIENTES,028/00,22/01/2004,"Estupefacientes, Psicotrópicos,"
FARMACIA  BODEGA AURRERA,FARMACIA CON MINI SUPER,"AV.CONVENCIONDE1914
OTE. #904",SANTA ANITA,20169,AGUASCALIENTES,AGUASCALIENTES,001/01,05/09/2003,"Estupefacientes, Psicotrópicos,"
FARMACIA  UNIDAD DE MEDICINA FAMILIAR N° 9,FARMACIA CON MINI SUPER,BOULEVARD SIGLO XXI S/N,OJOCALIENTE IV,20197,AGUASCALIENTES,AGUASCALIENTES,05/01,17/11/2003,"Estupefacientes, Psicotrópicos,"
FARMACIA  C. S. U.  ARBOLEDAS,FARMACIA SIN MINI SUPER,MARGIL DE JESUS # 1501,ARBOLEDAS,20020,AGUASCALIENTES,AGUASCALIENTES,026/2001,05/09/2003,"Psicotrópicos,"
C. S. U. SAN MARCOS,FARMACIA SIN MINI SUPER,TALAMANTES Y CAMPECHE,SAN MARCOS,20070,AGUASCALIENTES,AGUASCALIENTES,019/2001,14/08/2003,"Psicotrópicos, Sueros de Origen Animal,"
FARMACIA C. S. U. GREMIAL,FARMACIA SIN MINI SUPER,ISIDRO CALERA # 201,GREMIAL,20030,AGUASCALIENTES,AGUASCALIENTES,024/2001,25/01/2005,"Estupefacientes, Psicotrópicos, Vacunas,"
FARMACIA  C.S.U. PROGRESO,FARMACIA SIN MINI SUPER,"PASCUALCORNEJOBRUN#
101",PROGRESO,20179,AGUASCALIENTES,AGUASCALIENTES,022/2001,19/09/2003,"Estupefacientes, Psicotrópicos, Vacunas, Sueros de Origen Animal,"
CENTRO DE SALUD LOPEZ PORTILLO,FARMACIA SIN MINI SUPER,CONVENCION MILITAR # 202,LOPEZ PORTILLO,20206,AGUASCALIENTES,AGUASCALIENTES,014/2001,19/09/2003,"Estupefacientes, Psicotrópicos, Vacunas, Sueros de Origen Animal,"
FARMACIA  C. S. U.  GOMEZ  PORTUGAL,FARMACIA SIN MINI SUPER,ACUARIO # 101,GOMEZ PORTUGAL,20270,AGUASCALIENTES,AGUASCALIENTES,021/2001,23/02/2004,"Psicotrópicos,"
FARMACIA C.S.U. LA SALUD,FARMACIA SIN MINI SUPER,PASEO DE LA CRUZ # 612,IV CENTENARIO,20240,AGUASCALIENTES,AGUASCALIENTES,018/2001,22/09/2003,"Estupefacientes, Psicotrópicos, Vacunas, Sueros de Origen Animal,"
FARMACIA   C.S.U.  OJOCALIENTE,FARMACIA SIN MINI SUPER,"SANFCO.DE LOSROMO
ESQ. SAN JOSE DE LA
ORDEÑA",OJOCALIENTE,20190,AGUASCALIENTES,AGUASCALIENTES,017/2001,18/09/2003,"Estupefacientes, Psicotrópicos, Vacunas, Sueros de Origen Animal,"
FARMACIA C.S.U. INSURGENTES,FARMACIA SIN MINI SUPER,MATEO ALMANZA # 204,INSURGENTES,20287,AGUASCALIENTES,AGUASCALIENTES,023/2001,21/01/2004,"Estupefacientes, Psicotrópicos, Vacunas, Sueros de Origen Animal,"
FARMACIA C. S. U. CONSTITUCION,FARMACIA CON MINI SUPER,AV. CONSTITUCION # 1006,CONSTITUCION,20126,AGUASCALIENTES,AGUASCALIENTES,025/2001,17/09/2003,"Estupefacientes, Psicotrópicos,"
FARMACIA  C. S. U.  JESUS MARIA,FARMACIA CON MINI SUPER,VALLE DE LAS DELICIAS S/N,LOMAS DEL VALLE,20900,JESUS MARIA,AGUASCALIENTES,020/2001,05/09/2003,"Estupefacientes, Psicotrópicos, Vacunas, Sueros de Origen Animal,"
FARMACIA C.S.U. CUMBRES,FARMACIA CON MINI SUPER,"AV. SIGLO XXI Y BLVD.
GUADALUPANO",CUMBRES,20170,AGUASCALIENTES,AGUASCALIENTES,013/2001,21/01/2004,"Estupefacientes, Psicotrópicos,"
FARMACIA  CENTRO DE SALUD URBANO MORELOS,FARMACIA CON MINI SUPER,AV. SIGLO XXI 107,CD. MORELOS,20270,AGUASCALIENTES,AGUASCALIENTES,015/2001,28/05/2004,"Estupefacientes, Psicotrópicos, Vacunas,"
FARMACIA  C.S.R.   SAN FRANCISCO DE LOS ROMO,FARMACIA CON MINI SUPER,"OTTOGRANADOSROLDAN
ESQ. EMPLEO",28 DE ABRIL,20330,"SANFRANCISCO DELOS
ROMO",AGUASCALIENTES,012/2001,29/08/2003,"Psicotrópicos,"
FARMACIA  C.  S.R.   SANTA ROSA,FARMACIA CON MINI SUPER,DOM CONOCIDO,SANTA ROSA,20330,EL LLANO,AGUASCALIENTES,044/2001,23/10/2003,"Estupefacientes, Psicotrópicos, Vacunas, Sueros de Origen Animal,"
FARMACIA C. S. R.  LOS CUERVOS,FARMACIA CON MINI SUPER,DOMICILIO CONOCIDO,LOS CUERVOS,20343,AGUASCALIENTES,AGUASCALIENTES,043/2001,23/10/2003,"Estupefacientes, Psicotrópicos, Vacunas, Sueros de Origen Animal,"
FARMACIA C.S.R. LOS CONOS,FARMACIA CON MINI SUPER,DOMICILIO CONOCIDO,LOS CONOS,20340,AGUASCALIENTES,AGUASCALIENTES,042/2001,23/10/2003,"Estupefacientes, Psicotrópicos, Vacunas, Sueros de Origen Animal,"
C.S.R. EL COLORADO,FARMACIA CON MINI SUPER,DOMICILIO CONOCIDO,S/N,20340,AGUASCALIENTES,AGUASCALIENTES,041/2001,23/10/2003,"Psicotrópicos, Vacunas,"
FARMACIA  C.S.R. CALVILLITO,FARMACIA CON MINI SUPER,J GUADALUPE NAJERA S/N,CALVILLITO,20344,AGUASCALIENTES,AGUASCALIENTES,040/2001,23/10/2003,"Psicotrópicos,"
FARMACIA  C.S.R.  CAÑADA HONDA,FARMACIA CON MINI SUPER,BENITO JUAREZ 107,JOSE MA. MORELOS Y PAVON,20320,AGUASCALIENTES,AGUASCALIENTES,038/2001,11/11/2003,"Psicotrópicos,"
FARMACIA  C.S.R.  GOMEZ PORTUGAL,FARMACIA CON MINI SUPER,"VENUSTIANO CARRANZA
S/N",J. GOMEZ PORTUGAL,20909,JESUS MARIA,AGUASCALIENTES,037/2001,08/06/2004,"Estupefacientes, Psicotrópicos, Vacunas, Sueros de Origen Animal,"
FARMACIA  C.S.R.  EL BARRANCO,FARMACIA CON MINI SUPER,CARR. PANAMERICANA S/N,EL BARRANCO,20300,"SANFRANCISCO DELOS
ROMO",AGUASCALIENTES,036/2001,21/06/2004,"Estupefacientes, Psicotrópicos, Vacunas, Sueros de Origen Animal,"
FARMACIA  C.S.R.  VALLADOLID,FARMACIA CON MINI SUPER,DOMICILIO CONOCIDO,CENTRO,20900,JESUS MARIA,AGUASCALIENTES,035/2001,24/11/2003,"Estupefacientes, Psicotrópicos, Vacunas, Sueros de Origen Animal,"
FARMACIA C.S.R.  SANTA MARIA DE GALLARDO.,FARMACIA CON MINI SUPER,"CARLOSHANKGONZALEZ#
103",SANTA MARIA DE GALLARDO,20323,AGUASCALIENTES,AGUASCALIENTES,034/2001,10/11/2003,"Psicotrópicos,"
FARMACIA  C.S.R.  PUERTECITO DE LA VIRGEN,FARMACIA CON MINI SUPER,DOMICILIO CONOCIDO,CENTRO,20300,"SANFRANCISCO DELOS
ROMO",AGUASCALIENTES,033/2001,21/06/2004,"Estupefacientes, Psicotrópicos, Vacunas, Sueros de Origen Animal,"
FARMACIA  C.S.R. AREOLANO,FARMACIA CON MINI SUPER,EMFLIANO ZAPATA  S/N,LOS ARELLANO,20340,AGUASCALIENTES,AGUASCALIENTES,027/2001,25/11/2003,"Estupefacientes, Psicotrópicos, Vacunas, Sueros de Origen Animal,"
FARMACIA  C.S.R. SALTO DE LOS SALADO,FARMACIA CON MINI SUPER,DOMICILIO CONOCIDO,CENTRO,20340,AGUASCALIENTES,AGUASCALIENTES,0028,26/11/2003,"Psicotrópicos,"
FARMACIA  C.S.R. LOS CAÑOS,FARMACIA CON MINI SUPER,20 DE NOVIEMBRE # 15,LOS CAÑOS,20346,AGUASCALIENTES,AGUASCALIENTES,029/2001,03/11/2003,"Psicotrópicos,"
FARMACIA  C.S.R. IGNACIO ZARAGOZA,FARMACIA CON MINI SUPER,DOMICILIO CONOCIDO,CENTRO,20980,JESUS MARIA,AGUASCALIENTES,030/2001,18/11/2003,"Psicotrópicos,"
FARMACIA  C.S.R. PEÑUELAS,FARMACIA CON MINI SUPER,RUIZ CORTINEZ # 1,EJIDO PEÑUELAS,20340,AGUASCALIENTES,AGUASCALIENTES,013/2001,07/05/2008,"Estupefacientes, Psicotrópicos, Vacunas, Sueros de Origen Animal,"
FARMACIA   C.S.R. SAN IGNACIO,FARMACIA CON MINI SUPER,HIDALGO # 156,SAN IGNACIO,20326,AGUASCALIENTES,AGUASCALIENTES,032/2001,20/10/2003,"Estupefacientes, Psicotrópicos, Vacunas, Sueros de Origen Animal,"
C. S. R. PALO ALTO,FARMACIA CON MINI SUPER,EMILIANO ZAPATA # 120,BARRIO PROGRESO,20330,EL LLANO,AGUASCALIENTES,039/2001,20/10/2003,"Estupefacientes, Psicotrópicos, Vacunas, Sueros de Origen Animal,"
FARMACIA NUEVA WAL MART DE MEXICO S DE RL DE CV,FARMACIA CON MINI SUPER,AV. INDEPENDENCIA # 2351,LA CONCEPCION,20120,AGUASCALIENTES,AGUASCALIENTES,049/2001,07/10/2003,"Psicotrópicos,"
FARMACIA  C.S.R.  EL MUERTO,FARMACIA CON MINI SUPER,DOMICILIO CONOCIDO,EL MUERTO,20332,EL LLANO,AGUASCALIENTES,051/2001,23/10/2003,"Estupefacientes, Psicotrópicos, Vacunas, Sueros de Origen Animal,"
FARMACIA  C.S.R.   LA UNION,FARMACIA CON MINI SUPER,DOMICILIO CONOCIDO,CENTRO,20339,EL LLANO,AGUASCALIENTES,052/2001,23/10/2003,"Estupefacientes, Psicotrópicos, Vacunas, Sueros de Origen Animal,"
FARMACIA  C.S.R.  LA CANTERA,FARMACIA CON MINI SUPER,DOMICILIO CONOCIDO,LA CANTERA,20000,AGUASCALIENTES,AGUASCALIENTES,053/2001,03/11/2003,"Psicotrópicos,"
FARMACIA  C.S.R. GRACIAS A DIOS,FARMACIA CON MINI SUPER,DOMICILIO CONOCIDO,CENTRO,20900,JESUS MARIA,AGUASCALIENTES,054/2001,24/11/2003,"Psicotrópicos,"
FARMACIA  C.S.R. TAPIAS VIEJAS,FARMACIA CON MINI SUPER,DOMICILIO CONOCIDO,CENTRO,20970,JESUS MARIA,AGUASCALIENTES,055/2001,24/11/2003,"Psicotrópicos,"
FARMACIA  DEL SEÑOR DEL ENCINO,FARMACIA CON MINI SUPER,AV. AYUNTAMIENTO # 111,LA SALUD,20290,AGUASCALIENTES,AGUASCALIENTES,056/01,10/10/2003,"Psicotrópicos,"
FARMACIA  SAM'S CLUB,FARMACIA CON MINI SUPER,AV. INDEPENDENCIA # 2351,LA CONCEPCION,20110,AGUASCALIENTES,AGUASCALIENTES,057/2001,14/09/2004,"Psicotrópicos,"
FARMACIA GUADALAJARA S.A. DE C.V.,FARMACIA CON MINI SUPER,"AV.CONVENCION1914#402
B",-LINDAVISTA,20270,AGUASCALIENTES,AGUASCALIENTES,01/02,30/10/2003,"Psicotrópicos,"
FARMACIA GUADALAJARA S.A. DE C.V,FARMACIA CON MINI SUPER,AV. 5 DE MAYO # 425,CENTRO,20000,AGUASCALIENTES,AGUASCALIENTES,02/2002,22/09/2003,"Psicotrópicos,"
FARMACIA SAN PEDRO,FARMACIA CON MINI SUPER,"QUINTAAVENIDA#702-104-
A",AGRICULTURA,20234,AGUASCALIENTES,AGUASCALIENTES,003/2002,10/09/2003,"Psicotrópicos,"
FFAARRMMAACCIIAA    GGUUAADDAALLAAJJAARRAA,FFAARRMMAACCIIAA  CCOONN  MMIINNII  SSUUPPEERR,"AAVV..AAGGUUAASSCCAALLIIEENNTTEESSSSUURR
##  220055",FFRRAACCCC..  EELL  DDOORRAADDOO,2200223355,AAGGUUAASSCCAALLIIEENNTTEESS,AAGGUUAASSCCAALLIIEENNTTEESS,0055//22000022,0099//1100//22000033,"PPssiiccoottrróóppiiccooss,,"
FARMACIA  DE GENÉRICOS Y PATENTE MORELOS,FARMACIA CON MINI SUPER,AVENIDA SIGLO XXI # 202,CD. SATELITE MORELOS,20270,AGUASCALIENTES,AGUASCALIENTES,007/2002,23/01/2004,"Psicotrópicos,"
FARMACIA LINDAVISTA SUCURSAL OJOCALIENTE,FARMACIA CON MINI SUPER,AV. OJOCALIENTE Nº 105,INFONAVIT FIDEL VELAZQUEZ,20199,AGUASCALIENTES,AGUASCALIENTES,012/2002,02/09/2003,"Psicotrópicos,"
DROGUERIA DERMATOLOGICA ALIBERT,FARMACIA CON MINI SUPER,"SIERRA MORENA 244
INTERIOR 1",BOSQUES DEL PRADO NORTE,20127,AGUASCALIENTES,AGUASCALIENTES,017/2002,02/09/2003,"Psicotrópicos,"
C.S.R. NORIAS DE OJOCALIENTE,FARMACIA CON MINI SUPER,DIAMANTE S/N,NORIAS DE OJOCALIENTE,20367,AGUASCALIENTES,AGUASCALIENTES,018/2002,19/07/2005,"Estupefacientes, Psicotrópicos, Vacunas, Sueros de Origen Animal,"
FARMACIA  BODEGA AURRERA,FARMACIA CON MINI SUPER,AV. SIGLO XXI # 5190,HACIENDAS DE AGUASCALIENTES,20190,AGUASCALIENTES,AGUASCALIENTES,019/2002,23/06/2003,"Psicotrópicos,"
FARMACIA HOSPITAL GENERAL TERCER MILENIO,FARMACIA CON MINI SUPER,AV. SIGLO XXI # 103,CD. STE. MORELOS,20270,AGUASCALIENTES,AGUASCALIENTES,0303,29/01/2003,"Estupefacientes, Psicotrópicos,"
LINDAVISTA SUCURSAL PEDRO PARGA,FARMACIA CON MINI SUPER,PEDRO PARGA # 309,CENTRO,20000,AGUASCALIENTES,AGUASCALIENTES,0403,29/01/2003,"Psicotrópicos,"
FARMACIA HOSPITAL DE LA MUJER,FARMACIA CON MINI SUPER,AV.SIGLO XXI # 109,CD. SATELITE MORELOS,20270,AGUASCALIENTES,AGUASCALIENTES,0703,14/07/2004,"Estupefacientes, Psicotrópicos, Sueros de Origen Animal,"
FARMACIA GUADALAJARA S.A. DE C.V.,FARMACIA CON MINI SUPER,AV. AGUASCALIENTES # 908,RESIDENCIAL DEL VALLE II,20080,AGUASCALIENTES,AGUASCALIENTES,0903,04/06/2003,"Psicotrópicos,"
FARMACIA FARMACOS ESPECIALIZADOS S.A DE C.V.,FARMACIA CON MINI SUPER,GALEANA SUR # 335,OBRAJE,20230,AGUASCALIENTES,AGUASCALIENTES,10/03,18/07/2003,"Estupefacientes,Psicotrópicos, Vacunas, Toxoides,Sueros de
Origen Animal, Antitoxinas de Origen Animal, Hemoderivados"
FARMACIA  TIENDAS COMERCIAL MEXICANA S.A. DE C.V.,FARMACIA CON MINI SUPER,"AV. ADOLFO LOPEZ
MATEOS PTE. # 214",ZONA CENTRO,20000,AGUASCALIENTES,AGUASCALIENTES,1303,09/10/2003,"Estupefacientes,Psicotrópicos, Vacunas, Toxoides,Sueros de
Origen Animal, Antitoxinas de Origen Animal, Hemoderivados"
FARMACIA TIENDAS COMERCIAL MEXICANA S.A. DE C.V.,FARMACIA CON MINI SUPER,"BOULEVARD
AGUASCALIENTES SUR #
1305",JARDINES DEL SOL,20270,AGUASCALIENTES,AGUASCALIENTES,1403,15/10/2003,"Estupefacientes,Psicotrópicos, Vacunas, Toxoides,Sueros de
Origen Animal, Antitoxinas de Origen Animal, Hemoderivados"
FARMACIA LOPEZ Y ALFARO S. DE R.L. DE C.V.,FARMACIA CON MINI SUPER,EMILIANO ZAPATA  #  435 -1,BARRIO DE GUADALUPE,20060,AGUASCALIENTES,AGUASCALIENTES,1503,23/10/2003,"Estupefacientes,Psicotrópicos, Vacunas, Toxoides,Sueros de
Origen Animal, Antitoxinas de Origen Animal, Hemoderivados"
FARMACIA  LINDAVISTA,FARMACIA CON MINI SUPER,"QUINTAAVENIDA#702-104
A",AGRICULTURA,20234,AGUASCALIENTES,AGUASCALIENTES,01 04,17/12/2003,"Estupefacientes,Psicotrópicos, Vacunas, Toxoides,Sueros de
Origen Animal, Antitoxinas de Origen Animal, Hemoderivados"
FARMACIA  CASABLANCA,FARMACIA CON MINI SUPER,"AV. AGUASCALIENTES #
1011",CASABLANCA,20270,AGUASCALIENTES,AGUASCALIENTES,03 04,23/01/2004,"Estupefacientes, Psicotrópicos,"
FARMACIA GUADALAJARA S.A. DE C.V.,FARMACIA CON MINI SUPER,AV. SIGLO XXI  # 5202,HACIENDAS DE AGUASCALIENTES,20133,AGUASCALIENTES,AGUASCALIENTES,05 04,29/01/2004,"Estupefacientes, Psicotrópicos,"
FARMACIA FUNDACION TELETON MEXICO A.C.,FARMACIA CON MINI SUPER,"HEROICOCOLEGIOMILITAR
# 600",FERRONALES,20059,AGUASCALIENTES,AGUASCALIENTES,06 04,30/01/2004,"Psicotrópicos,"
FARMACIA TIENDAS COMERCIAL MEXICANA S.A. DE C.V.,FARMACIA CON MINI SUPER,AV. LAS AMERICAS # 1701,EL DORADO,20230,AGUASCALIENTES,AGUASCALIENTES,07 04,23/02/2004,"Estupefacientes, Psicotrópicos,"
FARMACIAS BENAVIDES  SUCURSAL  LIBERTAD,FARMACIA CON MINI SUPER,AV. CONSTITUCION # 1017,LIBERTAD,20126,AGUASCALIENTES,AGUASCALIENTES,08 04,07/05/2004,"Estupefacientes, Psicotrópicos,"
FARMACIAS BENAVIDES SUCURSAL  INEGI,FARMACIA CON MINI SUPER,"AV.HEROEDENACOZARI#
2402",PIRAMIDES,20277,AGUASCALIENTES,AGUASCALIENTES,09 04,07/05/2004,"Estupefacientes, Psicotrópicos,"
FARMACIAS BENAVIDES  SUCURSAL  SANTA ANITA,FARMACIA CON MINI SUPER,"AV. CONVENCION OTE. #
361",LOMAS DE SANTA ANITA,20169,AGUASCALIENTES,AGUASCALIENTES,10 04,07/05/2004,"Estupefacientes, Psicotrópicos,"
FARMACIAS BENAVIDES  SUCURSAL PILAR BLANCO,FARMACIA CON MINI SUPER,BLVD. SIGLO XXI 3102,VILLAS DEL PILAR,20280,AGUASCALIENTES,AGUASCALIENTES,11 04,14/05/2004,"Estupefacientes, Psicotrópicos,"
FARMACIAS BENAVIDES  SUCURSAL CONVENCION,FARMACIA CON MINI SUPER,"AV.DELACONVENCION#
703  L- 12",JESUS TERAN,20260,AGUASCALIENTES,AGUASCALIENTES,12 04,24/05/2004,"Psicotrópicos,"
FARMACIAS BENAVIDES  SUCURSAL LAS TROJES,FARMACIA CON MINI SUPER,"LUISDONALDOCOLOSIO#
203",TROJES,20120,AGUASCALIENTES,AGUASCALIENTES,13 04,31/05/2004,"Estupefacientes, Psicotrópicos,"
FARMACIAS BENAVIDES SUCURSAL ARQUEROS,FARMACIA CON MINI SUPER,"AV. AGUASCALIENTES #
302",VISTAS DEL SOL,20270,AGUASCALIENTES,AGUASCALIENTES,14 04,31/05/2004,"Estupefacientes, Psicotrópicos,"
"FARMACIAS BENAVIDES SUCURSAL PASEO DE LA
ASUNCION",FARMACIA CON MINI SUPER,AV. CONVENCION   # 710,OLIVARES SANTANA,20010,AGUASCALIENTES,AGUASCALIENTES,17 04,15/07/2004,"Estupefacientes,Psicotrópicos, Vacunas, Toxoides,Sueros de
Origen Animal, Antitoxinas de Origen Animal, Hemoderivados"
FARMACIA  CE.RE.SO.  EL LLANO,FARMACIA CON MINI SUPER,"CARR. SLP ENTRONQUE
BAJIO DE SAN JOSE KM 1.5",CONOCIDA,20640,EL LLANO,AGUASCALIENTES,18 04,16/07/2004,"Estupefacientes,Psicotrópicos, Vacunas, Toxoides,Sueros de
Origen Animal, Antitoxinas de Origen Animal, Hemoderivados"
FARMACIA CE RE SO  PARA  VARONES,FARMACIA CON MINI SUPER,"KM. 7.5 CARRETERA A
CALVILLO",VIÑEDOS SAN FELIPE  S/N,20340,AGUASCALIENTES,AGUASCALIENTES,19 04,10/08/2004,"Estupefacientes,Psicotrópicos, Vacunas, Toxoides,Sueros de
Origen Animal, Antitoxinas de Origen Animal, Hemoderivados"
FARMACIA   BIOMATERNA,FARMACIA CON MINI SUPER,AV. LAS AMERICAS  # 1616,VALLE DORADO,20235,AGUASCALIENTES,AGUASCALIENTES,02 05,03/01/2005,"Estupefacientes,Psicotrópicos, Vacunas, Toxoides,Sueros de
Origen Animal, Antitoxinas de Origen Animal, Hemoderivados"
FARMACIA HOSPITALES STAR MEDICA,FARMACIA CON MINI SUPER,AV. UNIVERSIDAD  #  101,VILLAS DE LA UNIVERSIDAD,20020,AGUASCALIENTES,AGUASCALIENTES,04 05,17/01/2005,"Estupefacientes,Psicotrópicos, Vacunas, Toxoides,Sueros de
Origen Animal, Antitoxinas de Origen Animal, Hemoderivados"
FARMACIA GUADALAJARA  S.A DE C.V.,FARMACIA CON MINI SUPER,"AV. AGUASCALIENTES #
1201",VISTAS DEL SOL,20266,AGUASCALIENTES,AGUASCALIENTES,07 05,07/02/2005,"Estupefacientes,Psicotrópicos, Vacunas, Toxoides,Sueros de
Origen Animal, Antitoxinas de Origen Animal, Hemoderivados"
FARMACIA FARMACOS ESPECIALIZADOS S.A. DE C.V.,FARMACIA CON MINI SUPER,"AV.UNIVERSIDAD#103INT.
6",VILLAS DE LA UNIVERSIDAD,20020,AGUASCALIENTES,AGUASCALIENTES,09 05,17/02/2005,"Estupefacientes,Psicotrópicos, Vacunas, Toxoides,Sueros de
Origen Animal, Antitoxinas de Origen Animal, Hemoderivados"
"FARMACIAHOSPITALDEPSIQUIATRIADR.GUSTAVO
LEON MOJICA GAR",FARMACIA CON MINI SUPER,"KM.4.2CARRETERAALA
CANTERA",JARDINES DEL LAGO,20200,AGUASCALIENTES,AGUASCALIENTES,24 05,26/07/2005,"Estupefacientes,Psicotrópicos, Vacunas, Toxoides,Sueros de
Origen Animal, Antitoxinas de Origen Animal, Hemoderivados"
FARMACIA  GUADALAJARA  S.A. DE C.V.,FARMACIA CON MINI SUPER,VALENTE QUINTANA   #  114,MARTINEZ DOMINGUEZ,20230,AGUASCALIENTES,AGUASCALIENTES,37 05,05/12/2005,"Estupefacientes,Psicotrópicos, Vacunas, Toxoides,Sueros de
Origen Animal, Antitoxinas de Origen Animal, Hemoderivados"
FARMACIA CHEDRAUI,FARMACIA CON MINI SUPER,"BLVD.JOSEMA.CHAVEZ#
1809",PRADOS DE VILLASUNCION,20280,AGUASCALIENTES,AGUASCALIENTES,38 05,19/12/2005,"Estupefacientes,Psicotrópicos, Vacunas, Toxoides,Sueros de
Origen Animal, Antitoxinas de Origen Animal, Hemoderivados"
FARMACIA MEDICARD,FARMACIA CON MINI SUPER,"PRIVADAIPACARAI 111-
17",LAS AMERICAS,20230,AGUASCALIENTES,AGUASCALIENTES,02 06,10/02/2006,"Estupefacientes,Psicotrópicos, Vacunas, Toxoides,Sueros de
Origen Animal, Antitoxinas de Origen Animal, Hemoderivados"
FARMACIA  GUADALAJARA   S..A.  DE  C.V.,FARMACIA CON MINI SUPER,JULIO CADENA  112,CENTRO,20900,JESUS MARIA,AGUASCALIENTES,03 06,16/03/2006,"Estupefacientes,Psicotrópicos, Vacunas, Toxoides,Sueros de
Origen Animal, Antitoxinas de Origen Animal, Hemoderivados"
FARMACIA LINDAVISTA SUCURSAL UNIVERSIDAD,FARMACIA CON MINI SUPER,AV. UNIVERSIDAD 203 - A,VILLAS DE LA UNIVERSIDAD,20029,AGUASCALIENTES,AGUASCALIENTES,04 06,17/04/2006,"Estupefacientes,Psicotrópicos, Vacunas, Toxoides,Sueros de
Origen Animal, Antitoxinas de Origen Animal, Hemoderivados"
FARMACIA TIENDAS SORIANA S.A. DE C.V.,FARMACIA CON MINI SUPER,"BOULEVARD SIGLO XXI
2302  MZA. 21 LOTE 1","VILLADENUESTRASEÑORADELA
ASUNCION",20126,AGUASCALIENTES,AGUASCALIENTES,06 06,11/05/2006,"Estupefacientes,Psicotrópicos, Vacunas, Toxoides,Sueros de
Origen Animal, Antitoxinas de Origen Animal, Hemoderivados"
"FARMACIA DE LA UNIDAD MEDICA DE ATENCION
AMBULATORIA",FARMACIA CON MINI SUPER,"AV. DE LA CONVENCION
NORTE S/N",INDUSTRIAL,20030,AGUASCALIENTES,AGUASCALIENTES,13 06,12/06/2006,"Estupefacientes,Psicotrópicos, Vacunas, Toxoides,Sueros de
Origen Animal, Antitoxinas de Origen Animal, Hemoderivados"
FARMACIA BODEGA AURRERA SIGLO XXI,FARMACIA CON MINI SUPER,AV. SIGLO XXI   2801,PINTORES MEXICANOS,20174,AGUASCALIENTES,AGUASCALIENTES,15 06,28/08/2006,"Psicotrópicos,"
FARMACIA SUPERAMA CAMPESTRE,FARMACIA CON MINI SUPER,"BLV. LIC. MIGUEL DE LA
MADRID HURTADO 101","LOMAS DEL CAMPESTRE 2A
SECCION",20119,AGUASCALIENTES,AGUASCALIENTES,16 06,05/09/2006,"Estupefacientes,Psicotrópicos, Vacunas, Toxoides,Sueros de
Origen Animal, Antitoxinas de Origen Animal, Hemoderivados"
FARMACIA  GUADALAJARA,FARMACIA CON MINI SUPER,"BLVD. MANUEL J.
CLOUTHIER  #  213",LOMAS DEL CAMPESTRE,20129,AGUASCALIENTES,AGUASCALIENTES,19 06,22/09/2006,"Estupefacientes,Psicotrópicos, Vacunas, Toxoides,Sueros de
Origen Animal, Antitoxinas de Origen Animal, Hemoderivados"
FFAARRMMAACCIIAA  DDEERRMMAATTOOLLOOGGIICCAA  YY  DDRROOGGUUEERRIIAA  DDEERRMMAA  PPIIEELL,FFAARRMMAACCIIAA  CCOONN  MMIINNII  SSUUPPEERR,MMOORREELLOOSS    ##  552288  --  BB,CCEENNTTRROO,2200000000,AAGGUUAASSCCAALLIIEENNTTEESS,AAGGUUAASSCCAALLIIEENNTTEESS,2200  0066,2299//0099//22000066,"EEssttuuppeeffaacciieenntteess,,PPssiiccoottrróóppiiccooss,, VVaaccuunnaass,, TTooxxooiiddeess,,SSuueerrooss ddee
OOrriiggeenn  AAnniimmaall,,  AAnnttiittooxxiinnaass  ddee  OOrriiggeenn  AAnniimmaall,,  HHeemmooddeerriivvaaddooss"
FORMULAS MAGISTRALES S.A. DE C.V.,FARMACIA SIN MINI SUPER,LOPEZ VELARDE  #  109,CENTRO,20000,AGUASCALIENTES,AGUASCALIENTES,23 06,06/12/2006,
FARMACIAS LINDAVISTA,FARMACIA CON MINI SUPER,AV. SIGLO XXI  # 918,RODOLFO LANDEROS,20170,AGUASCALIENTES,AGUASCALIENTES,02 07,07/03/2007,"Estupefacientes,Psicotrópicos, Vacunas, Toxoides,Sueros de
Origen Animal, Antitoxinas de Origen Animal, Hemoderivados"
FARMACIAS BENAVIDES SUCURSAL MARIANO HIDALGO,FARMACIA CON MINI SUPER,"AV.AGUASCALIENTESSUR
# 102","MORELOS  I, II Y III  ETAPA",20298,AGUASCALIENTES,AGUASCALIENTES,03 07,09/08/2007,"Estupefacientes,Psicotrópicos, Vacunas, Toxoides,Sueros de
Origen Animal, Antitoxinas de Origen Animal, Hemoderivados"
FARMACIA GUADALAJARA S.A. DE C.V.,FARMACIA CON MINI SUPER,"RODRIGO RINCON
GALLARDO  #  119","VILLADENUESTRASEÑORADELA
ASUNCION",20126,AGUASCALIENTES,AGUASCALIENTES,05 07,15/10/2007,"Psicotrópicos,"
FARMACIAS  BENAVIDES SUCURSAL SAN GABRIEL,FARMACIA CON MINI SUPER,SAN GABRIEL  #  301,OJOCALIENTE  III,20196,AGUASCALIENTES,AGUASCALIENTES,06 07,18/12/2007,"Estupefacientes,Psicotrópicos, Vacunas, Toxoides,Sueros de
Origen Animal, Antitoxinas de Origen Animal, Hemoderivados"
"FARMACIAS BENAVIDES SUCURSAL ESFUERZO
NACIONAL",FARMACIA CON MINI SUPER,AV. SIGLO XXI  #  131,MUNICIPIO LIBRE,20199,AGUASCALIENTES,AGUASCALIENTES,07 07,18/12/2007,"Estupefacientes,Psicotrópicos, Vacunas, Toxoides,Sueros de
Origen Animal, Antitoxinas de Origen Animal, Hemoderivados"
FARMACIA CERESO PARA MUJERES,FARMACIA CON MINI SUPER,"CARRETERACALVILLOKM.
7.5",VIÑEDOS SAN FELIPE,20310,AGUASCALIENTES,AGUASCALIENTES,01 08,08/02/2008,"Estupefacientes,Psicotrópicos, Vacunas, Toxoides,Sueros de
Origen Animal, Antitoxinas de Origen Animal, Hemoderivados"
FARMACIA SANBORNS AGUASCALIENTES ALTARIA,FARMACIA CON MINI SUPER,"BVLD.AZACATECASNTE.#
849 C.C. ALTARIA  L-1010",TROJES DE ALONSO,20116,AGUASCALIENTES,AGUASCALIENTES,05 08,21/04/2008,"Psicotrópicos,"
FARMACIAS BENAVIDES SUCURSAL MUJERES ILUSTRES,FARMACIA CON MINI SUPER,MARIANO HIDALGO  #  2502,PERIODISTAS,20299,AGUASCALIENTES,AGUASCALIENTES,08 08,16/06/2008,"Psicotrópicos, Vacunas, Toxoides,"
FARMACIA DERMATOLOGICA ALIBERT,FARMACIA CON MINI SUPER,"QUINTAAVENIDA#702INT.
104 - B",AGRICULTURA,20234,AGUASCALIENTES,AGUASCALIENTES,09 08,24/07/2008,"Psicotrópicos, Vacunas, Toxoides,"
FARMACIAS BENAVIDES SUCURSAL VILLA LA ASUNCION,FARMACIA CON MINI SUPER,"JOSEDEJESUSGONZALEZ
GARCIA # 205","VILLASDENUESTRASEÑORADELA
ASUNCION",20126,AGUASCALIENTES,AGUASCALIENTES,10 08,24/07/2008,"Psicotrópicos, Vacunas, Toxoides,"
FARMACIA TIENDAS SORIANA S.A. DE C.V.,FARMACIA CON MINI SUPER,"AV.DELACONVENCIONDE
1914  #  2301",SAN CAYETANO,20010,AGUASCALIENTES,AGUASCALIENTES,11 08,01/08/2008,"Psicotrópicos, Vacunas, Toxoides,Sueros de Origen Animal,
Antitoxinas de Origen Animal, Hemoderivados"
FARMACIA GUADALAJARA SA DE CV,FARMACIA CON MINI SUPER,CONSTITUCION # 505,VILLA TERESA,20126,AGUASCALIENTES,AGUASCALIENTES,12 08,04/08/2008,"Psicotrópicos, Vacunas, Toxoides,Sueros de Origen Animal,
Antitoxinas de Origen Animal, Hemoderivados"
FARMACIA GUADALAJARA S.A. DE C.V.,FARMACIA CON MINI SUPER,"AV.MIGUELDELAMADRID
ESQUINA SOLIDARIDAD",VISTAS DEL SAUZ,20925,JESUS MARIA,AGUASCALIENTES,13 08,03/09/2008,"Psicotrópicos, Vacunas, Toxoides,Sueros de Origen Animal,
Antitoxinas de Origen Animal, Hemoderivados"
FARMACIA  GUADALAJARA S.A. DE C.V.,FARMACIA CON MINI SUPER,"AV.PANAMERICANASUR#
108",PASO DE ARGENTA,20909,JESUS MARIA,AGUASCALIENTES,14 08,03/09/2008,"Psicotrópicos, Vacunas, Toxoides,Sueros de Origen Animal,
Antitoxinas de Origen Animal, Hemoderivados"
"FARMACIADELACORD.ESTATALDESALUDMENTAL
UNIDAD SAN MARC",FARMACIA CON MINI SUPER,VERACRUZ  #  613,SAN MARCOS,20070,AGUASCALIENTES,AGUASCALIENTES,17 08,05/11/2008,"Psicotrópicos, Vacunas, Toxoides,Sueros de Origen Animal,
Antitoxinas de Origen Animal, Hemoderivados"
FARMACIA QUERUBINES,FARMACIA CON MINI SUPER,"CARLOSSAGREDO#2008-
A",SAN CAYETANO,20010,AGUASCALIENTES,AGUASCALIENTES,01 09,14/01/2009,"Psicotrópicos,"
FARMACIA GUADALAJARA S.A. DE C.V.,FARMACIA CON MINI SUPER,"AV. RODOLFO LANDEROS
GALLEGOS  #  1306",MIRADOR DE LAS CULTURAS,20299,AGUASCALIENTES,AGUASCALIENTES,02 09,17/02/2009,"Psicotrópicos, Toxoides,"
FARMACIA SAMS SANTA MONICA,FARMACIA CON MINI SUPER,AV. SIGLO XXI  #  3980,RANCHO SANTA MONICA,20286,AGUASCALIENTES,AGUASCALIENTES,03 09,22/05/2009,"Psicotrópicos, Vacunas, Toxoides,Sueros de Origen Animal,
Antitoxinas de Origen Animal, Hemoderivados"
FARMACIA ESPECIALIZADA LA PAZ,FARMACIA SIN MINI SUPER,GALEANA SUR # 422,OBRAJE,20230,AGUASCALIENTES,AGUASCALIENTES,04 09,30/06/2009,"Estupefacientes,Psicotrópicos, Vacunas, Toxoides,Sueros de
Origen Animal, Antitoxinas de Origen Animal, Hemoderivados"
FARMACIA C. S. U. GUADALUPE PERALTA,FARMACIA SIN MINI SUPER,"AV. SALUD ESQ. ISABEL
JIMENEZ DIAZ",J. GUADALUPE PERALTA,20196,AGUASCALIENTES,AGUASCALIENTES,09 09,23/10/2009,"Psicotrópicos,"
DROGUERIA Y FARMACIA EL GLOBO S.A. DE C.V.,FARMACIA SIN MINI SUPER,"LOSCONOS # 103LOCAL
16",OJOCALIENTE,20190,AGUASCALIENTES,AGUASCALIENTES,10 09,28/10/2009,
FARMACIA SANTA MARIA,FARMACIA CON MINI SUPER,ITURBIDE  #  200,CENTRO+,20900,JESUS MARIA,AGUASCALIENTES,11 09,03/11/2009,"Estupefacientes, Psicotrópicos,"
"FARMACIA CLINICA Y MATERNIDAD SANTA FE DE
AGUASCALIENTES",FARMACIA SIN MINI SUPER,"CONVENCION MILITAR #
308",JOSE LOPEZ PORTILLO,20206,AGUASCALIENTES,AGUASCALIENTES,12 09,10/11/2009,"Estupefacientes, Psicotrópicos,"
FARMACIA SANTA MARIA,FARMACIA CON MINI SUPER,AV. JUAREZ  #  312,CENTRO,20300,"SANFRANCISCO DELOS
ROMO",AGUASCALIENTES,13 09,14/12/2009,"Psicotrópicos,"
FARMACIAS DE LA OFERTA,FARMACIA CON MINI SUPER,"FRANCISCO I.MADERO #
333",CENTRO,20000,AGUASCALIENTES,AGUASCALIENTES,03 10,07/04/2010,"Psicotrópicos,"
FARMACIA DERMATOLOGICA Y DROGUERIA DERMA PIEL,FARMACIA SIN MINI SUPER,"BVLD. MIGUEL DE LA
MADRID  #  928 - A",CAMPESTRE INGLES,20900,JESUS MARIA,AGUASCALIENTES,04 10,18/05/2010,"Psicotrópicos,"
"FARMACIA CLINICA DE MEDICINA FAMILIAR
OJOCALIENTE",FARMACIA SIN MINI SUPER,AV. SIGLO XXI  #  6102,SOLIDARIDAD  1,20196,AGUASCALIENTES,AGUASCALIENTES,09 10,02/07/2010,"Psicotrópicos, Vacunas,"
FARMACIA DERMATOLOGICA,FARMACIA SIN MINI SUPER,"REPUBLICADEECUADOR#
602",LAS AMERICAS,20230,AGUASCALIENTES,AGUASCALIENTES,10 10,15/07/2010,
"FARMACIASBENAVIDESS.A.B.DEC.V.SUC.VISTASDE
ORIENTE",FARMACIA CON MINI SUPER,AV. VALLARTA  #  202,VISTAS DE ORIENTE,20196,AGUASCALIENTES,AGUASCALIENTES,11 10,14/09/2010,"Psicotrópicos,"
FARMACIA BIODERMA,FARMACIA SIN MINI SUPER,SIERRA DE PINOS # 117,BOSQUES DEL PRADO SUR,20130,AGUASCALIENTES,AGUASCALIENTES,13 10,06/10/2010,"Psicotrópicos,"
"FARMACIACENTRODECIRUGIAAMBULATORIAMEDICA
NTE. SC",FARMACIA SIN MINI SUPER,"LUISDONALDOCOLOSIO#
208 CUARTO PISO",LOMAS DEL CAMPESTRE II,20100,AGUASCALIENTES,AGUASCALIENTES,16 10,01/12/2010,"Estupefacientes, Psicotrópicos, Vacunas, Toxoides, Hemoderivados"
FARMACIA INNOVADORA,FARMACIA SIN MINI SUPER,MAHATMA GANDHI # 501 - 6,PRADOS DE VILLASUNCION,20289,AGUASCALIENTES,AGUASCALIENTES,01 11,03/01/2011,"Estupefacientes, Psicotrópicos, Vacunas,"
FARMACIAS DEL AHORRO,FARMACIA CON MINI SUPER,"AV.DELACONVENCIONDE
1914 # 1610",LA CONCORDIA,20040,AGUASCALIENTES,AGUASCALIENTES,02 11,07/04/2011,"Psicotrópicos,"
FARMACIAS DEL AHORRO,FARMACIA CON MINI SUPER,"AV. AGUASCALIENTES #
1502",COLINAS DE SAN IGNACIO,20029,AGUASCALIENTES,AGUASCALIENTES,03 11,08/04/2011,"Psicotrópicos,"
FARMACIAS DEL AHORRO,FARMACIA CON MINI SUPER,"AV.AGUASCALIENTESESQ.
ZARAGOZA S/N",FATIMA,20130,AGUASCALIENTES,AGUASCALIENTES,04 11,14/04/2011,"Psicotrópicos,"
FARMACIAS DEL AHORRO,FARMACIA CON MINI SUPER,5 DE MAYO # 327,CENTRO,20000,AGUASCALIENTES,AGUASCALIENTES,05 11,16/05/2011,"Psicotrópicos,"
FARMACIAS DEL AHORRO,FARMACIA CON MINI SUPER,MIGUEL DE LA MADRID # 217,LOMAS DEL CAMPESTRE  2 SECC.,20119,AGUASCALIENTES,AGUASCALIENTES,06 11,17/05/2011,"Psicotrópicos,"
FARMACIAS DEL AHORRO,FARMACIA CON MINI SUPER,"AV.NAZARIOORTIZGARZA
# 99",SANTA ANITA,20169,AGUASCALIENTES,AGUASCALIENTES,09 11,26/05/2011,"Psicotrópicos,"
FARMACIA GUADALAJARA S.A DE C.V.,FARMACIA CON MINI SUPER,AV. INDEPENDENCIA # 2530,LAS TROJES,20900,JESUS MARIA,AGUASCALIENTES,13 11,31/05/2011,"Psicotrópicos,"
FARMACIAS DEL AHORRO,FARMACIA CON MINI SUPER,"AV.DELOSMAESTROS#
1502",MONTEBELLO,20237,AGUASCALIENTES,AGUASCALIENTES,18 11,08/06/2011,"Psicotrópicos,"
FARMACIAS DEL AHORRO,FARMACIA CON MINI SUPER,MAHATMA GHANDI # 401,PRADOS DE VILLASUNCION,20289,AGUASCALIENTES,AGUASCALIENTES,20 11,10/06/2011,"Psicotrópicos,"
FARMACIAS DEL AHORRO,FARMACIA CON MINI SUPER,"C.C.PARIANLOCALES63-
64",CENTRO,20000,AGUASCALIENTES,AGUASCALIENTES,21 11,10/06/2011,"Psicotrópicos,"
FARMACIAS DEL AHORRO,FARMACIA CON MINI SUPER,"C.C.PARIANLOCALES74-
81",CENTRO,20000,AGUASCALIENTES,AGUASCALIENTES,23 11,10/06/2011,"Psicotrópicos,"
FARMACIAS DEL AHORRO,FARMACIA CON MINI SUPER,"AV. DE LA CONVENCION
PTE. # 624",SAN MARCOS,20070,AGUASCALIENTES,AGUASCALIENTES,24 11,10/06/2011,"Psicotrópicos,"
FARMACIAS DEL AHORRO,FARMACIA CON MINI SUPER,MADERO # 102,CENTRO,20000,AGUASCALIENTES,AGUASCALIENTES,26 11,10/06/2011,"Psicotrópicos,"
FARMACIAS DEL AHORRO,FARMACIA CON MINI SUPER,HEROE INMORTAL # 301,MORELOS,20270,AGUASCALIENTES,AGUASCALIENTES,28 11,14/06/2011,"Psicotrópicos,"
FARMACIAS DEL AHORRO,FARMACIA CON MINI SUPER,MONTES HIMALAYA # 601,LA CONCEPCION,20120,AGUASCALIENTES,AGUASCALIENTES,29 11,14/06/2011,"Psicotrópicos,"
FARMACIAS DEL AHORRO,FARMACIA CON MINI SUPER,AV. INDEPENDENCIA # 802,CIRCUNVALACION NORTE,20020,AGUASCALIENTES,AGUASCALIENTES,30 11,16/06/2011,"Psicotrópicos,"
FFAARRMMAACCIIAASS  DDEELL  AAHHOORRRROO,FFAARRMMAACCIIAA  CCOONN  MMIINNII  SSUUPPEERR,AAVV..  AAGGUUAASSCCAALLIIEENNTTEESS  ##  882200,DDEELL  VVAALLLLEE  11RRAA..  SSEECCCCIIOONN,2200008800,AAGGUUAASSCCAALLIIEENNTTEESS,AAGGUUAASSCCAALLIIEENNTTEESS,3311  1111,1166//0066//22001111,"PPssiiccoottrróóppiiccooss,,"
FARMACIAS DEL AHORRO,FARMACIA CON MINI SUPER,BLVD. SIGLO XXI # 902,OJOCALIENTE III,20197,AGUASCALIENTES,AGUASCALIENTES,32 11,16/06/2011,"Psicotrópicos,"
FARMACIAS DEL AHORRO,FARMACIA CON MINI SUPER,AV. JUAN PABLO II # 1160,CANTERAS DE SAN JAVIER,20270,AGUASCALIENTES,AGUASCALIENTES,34 11,29/06/2011,"Psicotrópicos,"
FARMACIAS DEL AHORRO,FARMACIA CON MINI SUPER,AV. CONSTITUCION # 647,POZO BRAVO,20126,AGUASCALIENTES,AGUASCALIENTES,35 11,29/06/2011,"Psicotrópicos,"
FARMACIAS DEL AHORRO,FARMACIA CON MINI SUPER,"AV.AGUASCALIENTESSUR
# 717",EL DORADO,20120,AGUASCALIENTES,AGUASCALIENTES,36 11,30/06/2011,"Psicotrópicos,"
FARMACIAS DEL AHORRO,FARMACIA CON MINI SUPER,"AV.CONVENCIONDE1914#
102",HEROES,20190,AGUASCALIENTES,AGUASCALIENTES,37 11,30/06/2011,"Psicotrópicos,"
FARMACIAS DEL AHORRO,FARMACIA CON MINI SUPER,"AV.CONVENCIONDE1914
SUR # 201",LAS AMERICAS,20230,AGUASCALIENTES,AGUASCALIENTES,38 11,30/06/2011,"Psicotrópicos,"
FARMACIAS DEL AHORRO,FARMACIA CON MINI SUPER,AV. UNIVERSIDAD # 217,VILLAS DE LA UNIVERSIDAD,20029,AGUASCALIENTES,AGUASCALIENTES,39 11,01/07/2011,"Psicotrópicos,"
FARMACIAS DEL AHORRO,FARMACIA CON MINI SUPER,ZARAGOZA  # 3915,VALLE DE LAS TROJES,20115,AGUASCALIENTES,AGUASCALIENTES,40 11,06/07/2011,"Psicotrópicos,"
FARMACIAS DEL AHORRO,FARMACIA CON MINI SUPER,"AV.DELACONVENCIONDE
1914  OTE. # 705",JARDINES DE LA CRUZ,20250,AGUASCALIENTES,AGUASCALIENTES,43 11,27/07/2011,"Psicotrópicos,"
FARMACIAS DEL AHORRO,FARMACIA CON MINI SUPER,AV. INDEPENDENCIA # 1335,EL PLATEADO,20137,AGUASCALIENTES,AGUASCALIENTES,44 11,27/07/2011,"Psicotrópicos,"
LACORMA,FARMACIA SIN MINI SUPER,5 DE MAYO # 562 - A,CENTRO,20000,AGUASCALIENTES,AGUASCALIENTES,45 11,28/07/2011,
FARMACIA DERMATOLOGICA  S.A. DE C.V.,FARMACIA SIN MINI SUPER,"BLVD.AZACATECAS#849
LOCAL 1064 - A",TROJES DE ALONSO,20116,AGUASCALIENTES,AGUASCALIENTES,46 11,02/08/2011,"Psicotrópicos,"
BIOFAR,FARMACIA SIN MINI SUPER,"ANDADOR DEL ORIOL #
8201",PILAR BLANCO,20289,AGUASCALIENTES,AGUASCALIENTES,47 11,09/08/2011,"Vacunas,"
WALMART AVENIDA DE LOS MAESTROS,FARMACIA CON MINI SUPER,"AVENIDAAGUASCALIENTES
SUR # 402",NUEVA ESPAÑA,20205,AGUASCALIENTES,AGUASCALIENTES,48 11,17/08/2011,"Psicotrópicos, Vacunas, Toxoides,Sueros de Origen Animal,
Antitoxinas de Origen Animal, Hemoderivados"
FARMACIA GUADALAJARA S.A DE C.V.,FARMACIA CON MINI SUPER,INDEPENDENCIA # 1735,EL PLATEADO,20137,AGUASCALIENTES,AGUASCALIENTES,50 11,05/09/2011,"Psicotrópicos, Vacunas,"
FARMACIA CONTROL DE PESO,FARMACIA SIN MINI SUPER,"JARDINESETERNOS#213-
B",CONCORDIA,20040,AGUASCALIENTES,AGUASCALIENTES,51 11,10/10/2011,"Psicotrópicos,"
FARMACIA MI BODEGA SAN FRANCISCO DE LOS ROMOS,FARMACIA CON MINI SUPER,"AV.BENITOJUAREZSUR#
201",SAN JOSE DE BUENAVISTA,20303,"SANFRANCISCO DELOS
ROMO",AGUASCALIENTES,52 11,09/11/2011,"Psicotrópicos, Vacunas, Toxoides,Sueros de Origen Animal,
Antitoxinas de Origen Animal,"
INSTITUTO MEXICANO DEL SEGURO SOCIAL UMF 11,FARMACIA SIN MINI SUPER,"AV. MARIANO HIDALGO #
510",MORELOS I,20298,AGUASCALIENTES,AGUASCALIENTES,53 11,24/11/2011,"Psicotrópicos, Vacunas,"
FARMACIA BODEGA AURRERA MARIANO HIDALGO,FARMACIA CON MINI SUPER,"AV. MARIANO HIDALGO #
1701",MORELOS 2da. SECCION,20298,AGUASCALIENTES,AGUASCALIENTES,54 11,25/11/2011,"Psicotrópicos, Vacunas, Toxoides,Sueros de Origen Animal,
Antitoxinas de Origen Animal, Hemoderivados"
FARMACIAS LINDAVISTA SA DE CV SUC. AMERICAS,FARMACIA CON MINI SUPER,"AV.LASAMERICAS907INT.
4 Y 5",LAS AMERICAS,20230,AGUASCALIENTES,AGUASCALIENTES,02 12,27/01/2012,"Psicotrópicos, Vacunas, Toxoides,"
FARMACIA  CENTENARIO HOSPITAL MIGUEL HIDALGO,FARMACIA SIN MINI SUPER,GALEANA SUR 465,OBRAJE,20230,AGUASCALIENTES,AGUASCALIENTES,03 12,13/02/2012,"Estupefacientes, Psicotrópicos,"
QUALITY FARMA,FARMACIA CON MINI SUPER,"CORONEL VALENTE
ARTEAGA  #  305 - 1",OBRAJE,20230,AGUASCALIENTES,AGUASCALIENTES,14 12,13/06/2012,"Psicotrópicos,"
CLINICA DE MEDICINA FAMILIAR ISSSTE,FARMACIA SIN MINI SUPER,SAN COSME S/N,SAN CAYETANO,20010,AGUASCALIENTES,AGUASCALIENTES,30 12,17/07/2012,"Psicotrópicos,"
FARMACIAS DE LA OFERTA,FARMACIA SIN MINI SUPER,"REPUBLICADELPERU#102
LOCAL 207 TORRE C",LAS AMERICAS,20230,AGUASCALIENTES,AGUASCALIENTES,31 12,24/07/2012,"Psicotrópicos, Vacunas, Toxoides,Sueros de Origen Animal,
Antitoxinas de Origen Animal, Hemoderivados"
"FARMACIADELCENTROESTATALDESALUDMENTAL
FAMILIAR AGUA CL",FARMACIA SIN MINI SUPER,ARTILLERO MIER # 905,CD. SATELITE MORELOS,20270,AGUASCALIENTES,AGUASCALIENTES,32 12,28/09/2012,"Psicotrópicos,"
FARMACIA GUADALAJARA S.A. DE C.V.,FARMACIA CON MINI SUPER,"AV.DELOSMAESTROS#
2720",VERSALLES 2da. SECCION,20285,AGUASCALIENTES,AGUASCALIENTES,33 12,05/11/2012,"Psicotrópicos, Vacunas,"
DERMA PLASTIC FARMACIA DERMATOLOGICA,FARMACIA SIN MINI SUPER,"AV.INDEPENDENCIA#2351
LOCAL 108",CENTRO COMERCIAL GALERIAS,20116,AGUASCALIENTES,AGUASCALIENTES,34 12,21/11/2012,"Psicotrópicos,"
DERMA PLASTIC FARMACIA DERMATOLOGICA,FARMACIA SIN MINI SUPER,"BLVD. JOSE MA. CHAVEZ
S/N KIOSCO 3 LOCAL 7",CENTRO COMERCIAL VILLASUNCION,20289,AGUASCALIENTES,AGUASCALIENTES,35 12,21/11/2012,"Psicotrópicos,"
DERMA PLASTIC FARMACIA DERMATOLOGICA,FARMACIA SIN MINI SUPER,"AV. UNIVERSIDAD 112
LOCAL A",SAN CAYETANO,20110,AGUASCALIENTES,AGUASCALIENTES,36 12,23/11/2012,"Psicotrópicos,"
DERMA PLASTIC FARMACIA DERMATOLOGICA,FARMACIA SIN MINI SUPER,"JOSEFA ORTIZ DE
DOMINGUEZ # 246 - A",CENTRO,20000,AGUASCALIENTES,AGUASCALIENTES,37 12,23/11/2012,"Psicotrópicos,"
"FARMACIAMEGACOMERCIALMEXICANASUC.MEGA
AGS.",FARMACIA CON MINI SUPER,"AV. AGUASCALIENTES
NORTE # 802",TROJES DE ALONSO,20116,AGUASCALIENTES,AGUASCALIENTES,39 12,07/12/2012,"Psicotrópicos, Vacunas, Toxoides,Sueros de Origen Animal,
Antitoxinas de Origen Animal, Hemoderivados"
"FARMACIACOORDINACIONESTATALDESALUDMENTAL
JESUS MARIA",FARMACIA SIN MINI SUPER,UXMAL #300,FRACC. LOMAS DE JESUS MARIA,20925,JESUS MARIA,AGUASCALIENTES,280 13,26/09/2013,"Psicotrópicos,"
FARMACIA  RINCON,FARMACIA CON MINI SUPER,HOMBRES ILUSTRES  #  108,CENTRO,20408,RINCON DE ROMOS,AGUASCALIENTES,149/94,03/04/2003,"Psicotrópicos,"
HOSPITAL DE RINCON DE ROMOS,FARMACIA SIN MINI SUPER,"PROLONGACIONMORELOS
SUR S/N.",SAN JOSE,20400,RINCON DE ROMOS,AGUASCALIENTES,157/94,07/04/2003,"Estupefacientes, Vacunas"
FARMACIA INTRAHOSPITALARIA,FARMACIA SIN MINI SUPER,"VENUSTIANOCARRANZA #
50",CENTRO,20660,PABELLON DE ARTEAGA,AGUASCALIENTES,182/95,07/04/2003,"Estupefacientes, Vacunas"
FARMACIA DEL CARMEN,FARMACIA SIN MINI SUPER,"HEROICOCOLEGIOMILITAR
#  49",JARDINES DE PABELLON.,20660,PABELLON DE ARTEAGA,AGUASCALIENTES,148/94,07/04/2003,"Psicotrópicos,"
FARMACIA TEPEZALA.,FARMACIA CON MINI SUPER,BENITO JUAREZ # 3,CENTRO,20600,TEPEZALA,AGUASCALIENTES,007/96,07/04/2003,"Psicotrópicos,"
FARMACIA GUADALAJARA.,FARMACIA CON MINI SUPER,MORELOS # 125-1,CENTRO,20408,RINCON DE ROMOS,AGUASCALIENTES,009/97,10/12/1997,"Psicotrópicos,"
FARMACIA  I.M.S.S. (UMF 2. RINCON DE ROMOS),FARMACIA SIN MINI SUPER,INSURGENTES   #  126,CENTRO,20408,RINCON DE ROMOS,AGUASCALIENTES,002/99,07/04/2003,"Psicotrópicos,"
FARMACIA  I.M.S.S UMF # 3,FARMACIA SIN MINI SUPER,"AV.REVOLUCION ESQ. H.
COLEGIO MILITAR",COL. 5 DE MAYO,20660,PABELLON DE ARTEAGA,AGUASCALIENTES,004/99,07/04/2003,"Psicotrópicos,"
FARMACIA GUADALAJARA.,FARMACIA CON MINI SUPER,"VALENTINGOMEZFARIAS#
9",CENTRO,20660,PABELLON DE ARTEAGA,AGUASCALIENTES,001/00,08/04/2003,"Estupefacientes,"
FARMACIA IMSS UMF # 5 ASIENTOS.,FARMACIA SIN MINI SUPER,NICOLAS BRAVO # 1,CENTRO,20720,ASIENTOS,AGUASCALIENTES,001/01,08/04/2003,"Psicotrópicos,"
C.S.U PABELLON DE ARTEAGA.,FARMACIA SIN MINI SUPER,"IRRIGACION ESQ.EMILIANO
ZAPATA.",PALO ALTO.,20660,PABELLON DE ARTEAGA,AGUASCALIENTES,002/02,08/04/2003,"Psicotrópicos,"
C.S.U RINCON DE ROMOS.,FARMACIA SIN MINI SUPER,"AV.CONSTITUCION
ESQ.PEDRO GUERRERO.",SOLIDARIDAD.,20408,RINCON DE ROMOS,AGUASCALIENTES,001/02.,08/04/2003,"Psicotrópicos,"
CSR COSIO.,FARMACIA SIN MINI SUPER,"DOM.CONOCIDO
CARR.PANAMERICANA
KM.56",CENTRO.,20460,COSIO,AGUASCALIENTES,024/02,08/04/2003,"Psicotrópicos,"
C.S.R.SOLEDAD DE ABAJO.,FARMACIA SIN MINI SUPER,ABASOLO # 6,CENTRO.,20470,COSIO,AGUASCALIENTES,027/02.,08/04/2003,"Psicotrópicos,"
C.S.R.LAS ANIMAS.,FARMACIA SIN MINI SUPER,FRANCISCO VILLA # 105,CENTRO.,20600,PABELLON DE ARTEAGA,AGUASCALIENTES,014/02,08/04/2003,"Psicotrópicos,"
C.S.R.EMILIANO ZAPATA.,FARMACIA SIN MINI SUPER,"ADOLFOLOPEZMATEOS#
142",CENTRO.,20665,PABELLON DE ARTEAGA,AGUASCALIENTES,008/02.,08/04/2003,"Psicotrópicos,"
C. S. R. SAN JOSE DE GRACIA.,FARMACIA SIN MINI SUPER,JUAN ESTEBAN # 301,CENTRO.,20500,SAN JOSE DE GRACIA,AGUASCALIENTES,019/02.,08/04/2003,"Psicotrópicos,"
C.S.R.SAN ANTONIO DE LOS RIOS.,FARMACIA SIN MINI SUPER,SIMON DE LOS SANTOS S/N.,CENTRO.,20540,SAN JOSE DE GRACIA,AGUASCALIENTES,012/2002.,08/04/2003,"Estupefacientes,"
C.S.R. PAREDES.,FARMACIA SIN MINI SUPER,BENITO JUAREZ # 101,CENTRO.,20400,SAN JOSE DE GRACIA,AGUASCALIENTES,016/02,08/04/2003,"Psicotrópicos,"
C.S.R. POTRERO DE LOS LOPEZ,FARMACIA SIN MINI SUPER,MIGUEL HIDALGO S/N,CENTRO,20540,SAN JOSE DE GRACIA,AGUASCALIENTES,010/02,08/04/2003,"Psicotrópicos,"
C.S.R. LA CONGOJA,FARMACIA SIN MINI SUPER,"LUISORTEGADOUGLAS#
228",CENTRO,20540,SAN JOSE DE GRACIA,AGUASCALIENTES,030/2002,08/04/2003,"Psicotrópicos,"
C.S.R. TUNEL DE POTRERILLO,FARMACIA SIN MINI SUPER,"CAMINO A SAN JOSE DE
GRACIA S/N",CENTRO,20540,SAN JOSE DE GRACIA,AGUASCALIENTES,025/2002,17/07/1901,"Psicotrópicos,"
C.S.R. PABELLON DE HIDALGO,FARMACIA SIN MINI SUPER,"VENUSTIANOCARRANZA#
108",CENTRO,20400,RINCON DE ROMOS,AGUASCALIENTES,018/02,08/04/2003,Estupefacientes
C.S.R. LA BOQUILLA,FARMACIA SIN MINI SUPER,"DOM.CONOCIDOATRASDE
LA IGLESIA",CENTRO,20400,RINCON DE ROMOS,AGUASCALIENTES,007/02,08/04/2003,"Psicotrópicos,"
C.S.R. SAN JACINTO,FARMACIA SIN MINI SUPER,BENITO JUAREZ # 1,CENTRO,20410,RINCON DE ROMOS,AGUASCALIENTES,017/02,08/04/2003,"Psicotrópicos,"
CC..SS..RR..AASSIIEENNTTOOSS,FFAARRMMAACCIIAA  SSIINN  MMIINNII  SSUUPPEERR,HHIIDDAALLGGOO  ##  1166,CCEENNTTRROO,2200771122,AASSIIEENNTTOOSS,AAGGUUAASSCCAALLIIEENNTTEESS,000066//0022,0088//0044//22000033,"PPssiiccoottrróóppiiccooss,,"
C.S.R. JARILLAS,FARMACIA SIN MINI SUPER,"DOM. CON. FRENTE AL
JARDIN DE NIÑOS",CENTRO Zona,20712,ASIENTOS,AGUASCALIENTES,011/02,08/04/2003,"Psicotrópicos,"
C.S.R. CIENEGA GRANDE,FARMACIA SIN MINI SUPER,"MORELOSESQ. OLIVARES
SANTANA",CENTRO,20722,ASIENTOS,AGUASCALIENTES,005/02,08/04/2003,"Psicotrópicos,"
C.S.R. COL. EMANCIPACION,FARMACIA SIN MINI SUPER,"BENITOJUAREZESQ.GPE.
VICTORIA",CENTRO,20722,ASIENTOS,AGUASCALIENTES,029/02,08/04/2003,"Psicotrópicos,"
C.S.R.FRANCISCO VILLA,FARMACIA SIN MINI SUPER,"JOSEFA ORTIZ DE
DOMINGUEZ # 2",CENTRO,20790,ASIENTOS,AGUASCALIENTES,013/02,08/04/2003,"Psicotrópicos,"
C.S.R. FRAGUAS,FARMACIA SIN MINI SUPER,"DOM.CONOCIDOCARR.A
LOS CAMPOS S/N",CENTRO,20794,ASIENTOS,AGUASCALIENTES,003/02,08/04/2003,"Psicotrópicos,"
C.S.R. LOS CAMPOS,FARMACIA SIN MINI SUPER,COLON S/N,CENTRO,20722,ASIENTOS,AGUASCALIENTES,028/02,08/04/2003,"Psicotrópicos,"
C.S.R. PILOTOS,FARMACIA SIN MINI SUPER,"DOM.CON.AUNLADODEL
REGISTRO CIVIL",CENTRO,20795,ASIENTOS,AGUASCALIENTES,020/02,08/04/2003,"Psicotrópicos,"
C.S.R. VILLA JUAREZ,FARMACIA SIN MINI SUPER,"JESUSMACIASRANGEL#
103",CENTRO,20700,ASIENTOS,AGUASCALIENTES,022/02,08/04/2003,"Psicotrópicos,"
C.S.R. EL POLVO.,FARMACIA SIN MINI SUPER,FRANCISCO SARABIA # 118,CENTRO.,20730,ASIENTOS,AGUASCALIENTES,004/02,08/04/2003,"Psicotrópicos,"
C.S.R.ADOLFO LOPEZ MATEOS.,FARMACIA SIN MINI SUPER,"CALLE PPAL.A UN COSTADO
DE LA BODEGA CONASUPO",CENTRO.,20742,ASIENTOS,AGUASCALIENTES,023/02,08/04/2003,"Psicotrópicos,"
C.S.R.TEPEZALA.,FARMACIA SIN MINI SUPER,"JESUSMARIARODRIGUEZ#
43",CENTRO,20600,TEPEZALA,AGUASCALIENTES,026/02,08/04/2003,"Psicotrópicos,"
C.S.R.EL CHAYOTE.,FARMACIA SIN MINI SUPER,"JOSEFA ORTIZ DE
DOMINGUEZ # 11",CENTRO.,20600,TEPEZALA,AGUASCALIENTES,009/02,08/04/2003,"Psicotrópicos,"
C.S.R.SAN ANTONIO.,FARMACIA SIN MINI SUPER,EMILIANO ZAPATA #31,CENTRO,20630,TEPEZALA,AGUASCALIENTES,021/02,08/04/2003,"Psicotrópicos,"
C.S.R.MESILLAS,FARMACIA SIN MINI SUPER,LA SALUD # 3,CENTRO,20600,TEPEZALA,AGUASCALIENTES,015/02,08/04/2003,"Psicotrópicos,"
FARMACIA MI BODEGA RINCON DE ROMOS.,FARMACIA CON MINI SUPER,MORELOS  #  406,CENTRO.,20400,RINCON DE ROMOS,AGUASCALIENTES,01 06,05/07/2006,"Psicotrópicos, Toxoides, Hemoderivados"
FARMACIA SMI,FARMACIA SIN MINI SUPER,16 DE SEPTIEMBRE  #  122,CENTRO,20400,RINCON DE ROMOS,AGUASCALIENTES,02 06,25/09/2006,"Estupefacientes, Psicotrópicos,"
FARMACIA GUADALAJARA,FARMACIA CON MINI SUPER,AV. REVOLUCION # 39,5 DE MAYO,20660,PABELLON DE ARTEAGA,AGUASCALIENTES,01 07,08/08/2007,"Psicotrópicos,  Toxoides,  Hemoderivados"
FARMACIA NENA,FARMACIA CON MINI SUPER,"JOSEFA ORTIZ DE
DOMINGUEZ #690",AGUA NUEVA,20700,ASIENTOS,AGUASCALIENTES,01 08,08/07/2008,"Psicotrópicos, Toxoides, Hemoderivados"
"FARMDELACOOR.E.DESALUDMENTALUCAPANVIDA
R. ROMOS",FARMACIA SIN MINI SUPER,OCTLI # 602,ESTANCIA DE CHORA,20400,RINCON DE ROMOS,AGUASCALIENTES,01 09,17/03/2009,"Psicotrópicos,"
"FARMACIA MI BODEGA AURRERA PABELLON DE
ARTEAGA",FARMACIA CON MINI SUPER,"PROLONGACION 20 DE
NOVIEMBRE NO. 404",CARBONERA,20677,PABELLON DE ARTEAGA,AGUASCALIENTES,02 09,02/12/2009,"Psicotrópicos, Vacunas, Toxoides,Sueros de Origen Animal,
Antitoxinas de Origen Animal, Hemoderivados"
FARMACIAS DEL AHORRO,FARMACIA SIN MINI SUPER,"HEROICOCOLEGIOMILITAR
# 2",CENTRO,20660,PABELLON DE ARTEAGA,AGUASCALIENTES,01 11,01/07/2011,"Psicotrópicos,"
FARMACIAS DEL AHORRO,FARMACIA SIN MINI SUPER,MORELOS # 131,CENTRO,20400,RINCON DE ROMOS,AGUASCALIENTES,02 11,01/07/2011,"Psicotrópicos,"
CENTRO DE SALUD CARBONERAS,FARMACIA SIN MINI SUPER,MIGUEL HIDALGO # 102,CENTRO,20020,TEPEZALA,AGUASCALIENTES,03 11,16/08/2011,"Psicotrópicos, Vacunas, Toxoides, Hemoderivados"
CONSULTORIO PERIFERICO LA PUNTA,FARMACIA SIN MINI SUPER,OLIVARES SANTANA S/N,CENTRO,29472,COSIO,AGUASCALIENTES,01 12,20/01/2012,"Psicotrópicos, Vacunas, Toxoides,Sueros de Origen Animal,
Hemoderivados"
CONSULTORIO PERIFERICO ESCALERAS,FARMACIA SIN MINI SUPER,OLIVARES SANTANA,CENTRO,20437,RINCON DE ROMOS,AGUASCALIENTES,02 12,01/02/2012,"Psicotrópicos, Vacunas, Toxoides,Sueros de Origen Animal,
Hemoderivados"
CONSULTORIO PERIFERICO EJIDO CALIFORNIA,FARMACIA SIN MINI SUPER,BENITO JUAREZ #,CENTRO,20424,RINCON DE ROMOS,AGUASCALIENTES,03 12,01/02/2012,"Psicotrópicos, Vacunas, Toxoides,Sueros de Origen Animal,
Hemoderivados"
FARMACIAS SANTA MARIA,FARMACIA CON MINI SUPER,"HOMBRES ILUSTRES NO.
102",CENTRO,20400,RINCON DE ROMOS,AGUASCALIENTES,04 12,12/03/2012,"Psicotrópicos, Vacunas, Toxoides, Hemoderivados"
CONSULTORIO PERIFERICO GUADALUPE DE ATLAS,FARMACIA SIN MINI SUPER,OLIVARES SANTANA S/N,CENTRO,20720,ASIENTOS,AGUASCALIENTES,05 12,29/03/2012,"Psicotrópicos, Vacunas, Toxoides,Sueros de Origen Animal,
Hemoderivados"
CONSULTORIO PERIFIERICO PLUTARCO ELIAS CALLES,FARMACIA SIN MINI SUPER,NARCISO PERALES NO.513,PLUTARCO ELIAS CALLES,20677,PABELLON DE ARTEAGA,AGUASCALIENTES,06 12,19/04/2012,"Psicotrópicos, Vacunas, Toxoides,Sueros de Origen Animal,
Hemoderivados"
FARMACIAS RUIZ,FARMACIA CON MINI SUPER,PLAZA PRINCIPAL #119,CENTRO,20800,CALVILLO,AGUASCALIENTES,001/96,25/08/2003,PSICOTROPICOS
HOSPITAL GENERAL DE CALVILLO * @,FARMACIA SIN MINI SUPER,"BLVD. RODOLFO LANDEROS
GALLEGOS #440",BUGAMBILIAS,20800,CALVILLO,AGUASCALIENTES,123/95,22/09/2004,"PSICOTROPICOS, ESTUPEFACIENTES"
SAN JOSE,FARMACIA CON MINI SUPER,"BLVD. RODOLFO LANDEROS
GALLEGOS #439",BUGAMBILIAS,20800,CALVILLO,AGUASCALIENTES,001/99,27/08/1998,PSICOTROPICOS
INSTITUTO MEXICANO DEL SEGURO SOCIAL,FARMACIA SIN MINI SUPER,"BLVD. RODOLFO LANDEROS
GALLEGOS #320",BUGAMBILIAS,20800,CALVILLO,AGUASCALIENTES,002/99,23/07/1999,PSICOTROPICOS
"CENTRO DE SALUD URBANO ""ORIENTE""",FARMACIA SIN MINI SUPER,"BLVD. RODOLFO LANDEROS
GALLEGOS #137",DEL CARMEN,20800,CALVILLO,AGUASCALIENTES,1003030001,14/01/2002,PSICOTROPICOS
"CENTRO DE SALUD URBANO ""PONIENTE""",FARMACIA SIN MINI SUPER,"AV. INDEPENDENCIA ESQ.
LAS MORAS",INDEPENDENCIA,20800,CALVILLO,AGUASCALIENTES,1003010002,14/01/2002,PSICOTROPICOS
C. S.  R. C.  OJOCALIENTE,FARMACIA SIN MINI SUPER,AYUNTAMIENTO S/N,CENTRO,20860,CALVILLO,AGUASCALIENTES,1003030011,14/01/2002,PSICOTROPICOS
C.S.R.D.   SAN TADEO,FARMACIA SIN MINI SUPER,LIBERTAD S/N,CENTRO,20800,CALVILLO,AGUASCALIENTES,1003010009,14/01/2002,PSICOTROPICOS
C.S.R.C.  CUERVERO,FARMACIA SIN MINI SUPER,EMILIANO ZAPATA S/N,CENTRO,20800,CALVILLO,AGUASCALIENTES,1003030010,14/09/2004,PSICOTROPICOS
C.S.R.D.  LA LABOR,FARMACIA SIN MINI SUPER,AV. ESPARZA REYES S/N,CENTRO,20830,CALVILLO,AGUASCALIENTES,1003010012,14/09/2004,PSICOTROPICOS
C.S.R.D.  MALPASO,FARMACIA SIN MINI SUPER,LINDAVISTA #13,CENTRO,20809,CALVILLO,AGUASCALIENTES,1003010008,14/09/2004,PSICOTROPICOS
C.S.R.D.  JALTICHE DE ARRIBA,FARMACIA SIN MINI SUPER,JESUS MARIA S/N,CENTRO,20807,CALVILLO,AGUASCALIENTES,1003010007,29/09/2004,PSICOTROPICOS
U.A.S.  TERRERO DE LA LABOR,FARMACIA SIN MINI SUPER,"KM. 20 CARRETERA
CALVILLO-PALO ALTO",CENTRO,20834,CALVILLO,AGUASCALIENTES,1003010006,14/09/2004,PSICOTROPICOS
U.A.S.  PRESA DE LOS SERNA,FARMACIA SIN MINI SUPER,AV. MIGUEL HIDALGO S/N,CENTRO,20805,CALVILLO,AGUASCALIENTES,1003010005,29/09/2004,PSICOTROPICOS
U. A. S. EL TEMAZCAL,FARMACIA SIN MINI SUPER,AV. TEMAZCAL #15,CENTRO,20839,CALVILLO,AGUASCALIENTES,1003010004,24/09/2004,PSICOTROPICOS
U.A.S.  COLOMOS,FARMACIA SIN MINI SUPER,OLIVOS S/N,CENTRO,20961,CALVILLO,AGUASCALIENTES,1003010003,29/09/2004,PSICOTROPICOS
ALMACEN DE LA JURISDICCION SANITARIA III,,"BLVD. RODOLFO LANDEROS
GALLEGOS #137",DEL CARMEN,20800,CALVILLO,AGUASCALIENTES,1003080001,,PSICOTROPICOS
DERMA-PIEL,FARMACIA SIN MINI SUPER,ZARAGOZA #315,CENTRO,20800,CALVILLO,AGUASCALIENTES,,14/01/2002,
FARMACIA GUADALAJARA S.A. DE C.V.,FARMACIA CON MINI SUPER,"INDEPENDENCIA NO. 102
ESQ. CON ALLENDE",CENTRO,20800,CALVILLO,AGUASCALIENTES,09 04,18/11/2004,"Psicotrópicos,"
UNIDAD DE MEDICINA FAMILIAR I.S.S.S.T.E.,FARMACIA SIN MINI SUPER,"PROLONGACION GALEANA
NO. 605",INDEPENDENCIA,20800,CALVILLO,AGUASCALIENTES,01 06,11/01/2006,
FARMACIAS RUIZ,FARMACIA CON MINI SUPER,"PLAZA PRINCIPAL Y
CENTENARIO #107",CENTRO,20800,CALVILLO,AGUASCALIENTES,02 06,22/06/2006,"Psicotrópicos,"
FARMAGEN,FARMACIA SIN MINI SUPER,OLIVARES SANTANA 206-A,OJOCALIENTE,20860,CALVILLO,AGUASCALIENTES,03 07,10/12/2007,
FARMACIA LOMEDIC,FARMACIA SIN MINI SUPER,"BLVD. RODOLFO LANDEROS
GALLEGOS NO. 440",BUGAMBILIAS,20800,CALVILLO,AGUASCALIENTES,01 09,10/02/2009,
FARMACIA SAN ANTONIO,FARMACIA CON MINI SUPER,5 DE MAYO NO. 123-C,CENTRO,20800,CALVILLO,AGUASCALIENTES,02 09,24/03/2009,
FARMACIA  DE  SALUD MENTAL UNIDAD CALVILLO,FARMACIA SIN MINI SUPER,"CARR.AGS-JALPAKM5NO.
709",VALLE DE HUEJUCAR,20805,CALVILLO,AGUASCALIENTES,01 09,28/04/2009,"Psicotrópicos,"
MAS SUPER 276,FARMACIA CON MINI SUPER,RAYON 404,CENTRO,20800,CALVILLO,AGUASCALIENTES,02 10,17/02/2010,
FARMAGEN,FARMACIA SIN MINI SUPER,ZARAGOZA NO. 221,CENTRO,20800,CALVILLO,AGUASCALIENTES,03 10,12/07/2010,
FFAARRMMAACCIIAA  MMII  BBOODDEEGGAA  AAUURRRREERRAA  CCAALLVVIILLLLOO,FFAARRMMAACCIIAA  CCOONN  MMIINNII  SSUUPPEERR,"PPRROOLLOONNGGAACCIIOONN
IINNDDEEPPEENNDDEENNCCIIAA  NNOO..  990011",LLOOSS  AANNGGEELLEESS,2200880000,CCAALLVVIILLLLOO,AAGGUUAASSCCAALLIIEENNTTEESS,0011  1100,2222//1111//22001100,"PPssiiccoottrróóppiiccooss,, VVaaccuunnaass,, TTooxxooiiddeess,,SSuueerrooss ddee OOrriiggeenn AAnniimmaall,,
AAnnttiittooxxiinnaass  ddee  OOrriiggeenn  AAnniimmaall,,  HHeemmooddeerriivvaaddooss"
FARMACIA  PROVISION,FARMACIA CON MINI SUPER,"BLVD. RODOLFO LANDEROS
GALLEGOS NO. 455",BUGAMBILIAS,20800,CALVILLO,AGUASCALIENTES,01 11,17/06/2011,
FARMACIA RUIZ,FARMACIA CON MINI SUPER,PLAZA PRINCIPAL NO. 117-1,CENTRO,20800,CALVILLO,AGUASCALIENTES,01 11,04/07/2011,"Psicotrópicos, Vacunas, Toxoides,Sueros de Origen Animal,
Antitoxinas de Origen Animal, Hemoderivados"
FARMACIA LOPEZ MATEOS,FARMACIA CON MINI SUPER,LOPEZ MATEOS NO.327,LOPEZ MATEOS,20800,CALVILLO,AGUASCALIENTES,02 11,25/08/2011,
FARMACIA DE ESPECIALIDADES,FARMACIA SIN MINI SUPER,INDEPENDENCIA NO. 614,LAS FLORES,20800,CALVILLO,AGUASCALIENTES,01 12,27/01/2012,
FARMACIA SIMILARES S.A. DE C.V.,FARMACIA SIN MINI SUPER,INDEPENDENCIA NO. 116-A,CENTRO,20800,CALVILLO,AGUASCALIENTES,02 12,16/02/2012,
FARMART LA FARMACIA Y EL SUPER,FARMACIA SIN MINI SUPER,ALLENDE NO. 101,CENTRO,20800,CALVILLO,AGUASCALIENTES,03 12,12/04/2012,
SUPER FARMACIA   SANTA MARIA,FARMACIA CON MINI SUPER,"BOULEVARD RODOLFO
LANDEROSGALLEGOSNO.
780",LA PANADERA,20834,CALVILLO,AGUASCALIENTES,05 12,25/07/2012,Psicotrópicos
FARMACIA GUADALAJARA S.A. DE C.V.,FARMACIA CON MINI SUPER,BENITO JUAREZ SUR 309-B,PANAMERICANO,20300,AGUASCALIENTES,AGUASCALIENTES,1401IS05,16-may-14,Psicotrópicos
"FARMACIAS BENAVIDES S.A.B. DE C.V. SUCURSAL
OJOCALIENTE",FARMACIA CON MINI SUPER,AV. TECNOLOGICO #125,SALTO DE OJOCALIENTE,20263,AGUASCALIENTES,AGUASCALIENTES,1401IS08,24-jul-14,"Psicotrópicos,  Biológicos"
LAFORMA,FARMACIA SIN MINISUPER,"BLV.JOSEMARÍACHAVEZ
S/NC.C.VILLAASUNCIÓN
LOCAL 07 ZONA O",MARTINEZ DOMINGUEZ,20280,AGUASCALIENTES,AGUASCALIENTES,1401IS10,22-ago-14,
FARMACIAS LINDAVISTA S.A. DE C.V.,FARMACIA CON MINI SUPER,"AV. LAS AMERICAS 902
LOCAL 26",LAS AMERICAS,20230,AGUASCALIENTES,AGUASCALIENTES,1401IS11,22-sep-14,"Psicotrópicos,Vacunas, Toxoides, Sueros de Origen Animal,
Antitoxinas de Origen Animal, Hemoderivados"
QMCFARMACIA-CONSULTORIOS,FARMACIA SIN MINISUPER,ZARAGOZA #221,CENTRO,20000,AGUASCALIENTES,AGUASCALIENTES,1401IS12,22-sep-14,"Psicotrópicos,Vacunas, Toxoides, Sueros de Origen Animal,
Antitoxinas de Origen Animal, Hemoderivados"
FARMACIAS LINDAVISTA S.A. DE C.V.,FARMACIA CON MINI SUPER,"AV.MARIANOHIDALGONO.
2105",MUJERES ILUSTRES,20299,AGUASCALIENTES,AGUASCALIENTES,1401IS13,22-sep-14,"Psicotrópicos,Vacunas, Toxoides, Sueros de Origen Animal,
Antitoxinas de Origen Animal, Hemoderivados"
FARMACIA GUADALAJARA S.A. DE C.V.,FARMACIA CON MINI SUPER,"EUGENIOGARZASADANO.
128-J",LA PLAZUELA,20239,AGUASCALIENTES,AGUASCALIENTES,1401IS15,14-oct-14,"Psicotrópicos,Vacunas, Toxoides, Sueros de Origen Animal,
Antitoxinas de Origen Animal, Hemoderivados"
FARMACIAS LINDAVISTA S.A. DE C.V.,FARMACIA CON MINI SUPER,"BLVD. SIGLO XXI NO.401
LOCALES 3-4",MORELOS I,20298,AGUASCALIENTES,AGUASCALIENTES,1401IS16,22-oct-14,"Psicotrópicos,Vacunas, Toxoides, Sueros de Origen Animal,
Antitoxinas de Origen Animal, Hemoderivados"
FARMACIA SBELTICA,FARMACIA SIN MINISUPER,HORNEDO 609-A,CENTRO,20000,AGUASCALIENTES,AGUASCALIENTES,1401IS17,01-nov-14,Psicotrópicos
LAFORMA,FARMACIA SIN MINISUPER,FRANCISCO I. MADERO #243,ZONA CENTRO,20000,AGUASCALIENTES,AGUASCALIENTES,1401IS18,19-dic-14,
"FARMACIADELACOORDINACIÓNESTATALDESALUD
MENTAL Y ADICCIONES UNIDAD CALVILLO",FARMACIA SIN MINISUPER,"CARRETERA
AGUASCALIENTES-JALPA
KM. 5 NO. 709",VALLE DE HUEJUCAR,20805,CALVILLO,AGUASCALIENTES,1501IS01,16-feb-15,"Psicotrópicos,Vacunas, Toxoides, Sueros de Origen Animal,
Antitoxinas de Origen Animal, Hemoderivados"
VITAFARMACIA,FARMACIA CON MINI SUPER,AV. UNIVERSIDAD 118-B,SAN CAYETANO,20010,AGUASCALIENTES,AGUASCALIENTES,1501IS02,16-feb-15,Psicotrópicos
"SUPERMERCADOS INTERNACIONALES HEB, S.A DE C.V.",FARMACIA CON MINI SUPER,AV. INDEPENDENCIA # 1831,TROJES DE ALONSO,20116,AGUASCALIENTES,AGUASCALIENTES,1501IS03,11-mar-15,Psicotrópicos
"TIENDASSORIANA,S.ADEC.V.(FARMACIASORIANA
PLAZA ADANA)",FARMACIA CON MINI SUPER,AV. TECNOLOGICO No. 120-1,EJIDO OJOCALIENTE,20198,AGUASCALIENTES,AGUASCALIENTES,1501IS04,04-may-15,"Psicotrópicos,Vacunas, Toxoides, Sueros de Origen Animal,
Antitoxinas de Origen Animal, Hemoderivados"
FARMASAN,FARMACIA SIN MINISUPER,"GENERAL ALVARO
OBREGON No. 401",ZONA CENTRO,20000,AGUASCALIENTES,AGUASCALIENTES,1501IS05,12-may-15,
FARMACIAS ECONOMIK,FARMACIA CON MINI SUPER,AV LAS AMERICAS No. 101,JARDINES DE LAS FUENTES,20278,AGUASCALIENTES,AGUASCALIENTES,1501IS06,04-ago-15,Psicotrópicos
CLINICA Y MATERNIDAD ASUNCION S.A DE C.V.,FARMACIA SIN MINISUPER,"JOSEFA ORTIZ DE
DOMINGUEZ NO. 724",LINDAVISTA,20270,AGUASCALIENTES,AGUASCALIENTES,1501IS10,26-ago-15,"Estupefacientes,Psicotrópicos,Vacunas, Toxoides,Suerosde
Origen Animal, Antitoxinas de Origen Animal y Hemoderivados."
FARMACIA SAN GERONIMO,FARMACIA SIN MINISUPER,AQUILES SERDAN 203,INDUSTRIAL,20673,PABELLON DE ARTEGA,AGUASCALIENTES,1501IS11,31-ago-15,"Estupefacientes,Psicotrópicos,Vacunas, Toxoides,Suerosde
Origen Animal, Antitoxinas de Origen Animal y Hemoderivados."
FARMACIAS DEL AHORRO,FARMACIA CON MINI SUPER,"AVENIDA ADOLFO LÓPEZ
MATEOS 803 INT 1",GAMEZ,20249,AGUASCALIENTES,AGUASCALIENTES,1501IS13,23-oct-15,"Psicotrópicos,Vacunas, Toxoides,Sueros de Origen Animal,
Antitoxinas de Origen Animal y Hemoderivados."
FARMACIAS LINDAVISTA SA DE CV,FARMACIA CON MINI SUPER,"GRAL. EMILIANO ZAPATA
405",BARRIO DE GUADALUPE,20070,AGUASCALIENTES,AGUASCALIENTES,1501IS15,23-nov-15,"Psicotrópicos,Vacunas, Toxoides,Sueros de Origen Animal,
Antitoxinas de Origen Animal y Hemoderivados."
FARMACIA GUADALAJARA S.A. DE C.V.,FARMACIA CON MINI SUPER,"BOULEVARD LUIS DONALDO
COLOSIO 537","JARDINES DE LA CONCEPCION 2ª
SECCION",20120,AGUASCALIENTES,AGUASCALIENTES,1501IS18,07-dic-15,"Psicotrópicos,Vacunas, Toxoides,Sueros de Origen Animal,
Antitoxinas de Origen Animal y Hemoderivados."
"CIRUGIA AMBULATORIA EURODERM ( F
INTRAHOSPITALARIA)",AFRAMRMAACCIIAA SIN MINISUPER,SIERRA MORENA  NO. 503,BOSQUES DEL PRADO NORTE,20127,AGUASCALIENTES,AGUASCALIENTES,1501IS19,09-dic-15,"Estupefacientes,Psicotrópicos,Vacunas, Toxoides,Suerosde
Origen Animal, Antitoxinas de Origen Animal y Hemoderivados."
FARMACIA VALENTINO,FARMACIA CON MINI SUPER,"AVENIDA VERACRUZ NO.
502 INT.1",SAN MARCOS,20070,AGUASCALIENTES,AGUASCALIENTES,16IS010010001,08-mar-16,"Psicotrópicos,Vacunas, Toxoides,Sueros de Origen Animal,
Antitoxinas de Origen Animal y Hemoderivados"
FARMACIAS LINDAVISTA SUCURSAL LANDEROS,FARMACIA CON MINI SUPER,AVENIDA SIGLO XXI #918,RODOLFO LANDEROS GALLEGOS,20170,AGUASCALIENTES,AGUASCALIENTES,16IS010010002,12-abr-16,"Psicotrópicos,Vacunas, Toxoides,Sueros de Origen Animal,
Antitoxinas de Origen Animal y Hemoderivados"
FARMACIAS RUIZ,FARMACIA CON MINI SUPER,CALLE PLAZA PRINCIPAL #12,5CENTRO,20800,CALVILLO,AGUASCALIENTES,16IS010030003,12-abr-16,"Psicotrópicos,Vacunas, Toxoides,Sueros de Origen Animal,
Antitoxinas de Origen Animal y Hemoderivados"
FARMACIA GUADALAJARA S.A. DE C.V.,FARMACIA CON MINI SUPER,BOULEVARD JUAN PABLO II,#C1A1N63TERAS DE SAN AGUSTIN,202108,AGUASCALIENTES,AGUASCALIENTES,16IS010010004,12-abr-16,"Psicotrópicos,Vacunas, Toxoides,Sueros de Origen Animal,
Antitoxinas de Origen Animal y Hemoderivados"
FARMACIAS RUIZ,FARMACIA CON MINI SUPER,CALLE PLAZA PRINCIPAL NO.,107 CENTRO,20800,CALVILLO,AGUASCALIENTES,16IS010030006,06-may-16,"Psicotrópicos,Vacunas, Toxoides,Sueros de Origen Animal,
Antitoxinas de Origen Animal y Hemoderivados"
"FARMACIA GUADALAJARA, S.A. DE C.V.",FARMACIA CON MINI SUPER,AVENIDA SIGLO XXI NO. 1315,NAZARIO ORTIZ GARZA,20170,AGUASCALIENTES,AGUASCALIENTES,16IS010010007,27-may-16,"Psicotrópicos,Vacunas, Toxoides,Sueros de Origen Animal,
Antitoxinas de Origen Animal y Hemoderivados"
FARMACIA WALMART AGUASCALIENTES ORIENTE,FARMACIA CON MINI SUPER,AVENIDA AGUASCALIENTES,OERJIIDENOT OEJ NOOC.A2L6I0E6NTE,20198,AGUASCALIENTES,AGUASCALIENTES,16IS010010008,27-may-16,"Psicotrópicos,Vacunas, Toxoides,Sueros de Origen Animal,
Antitoxinas de Origen Animal y Hemoderivados"
LAFORMA,FARMACIA SIN MINI SUPER,CALLE ALVARO OBREGON N,OC. E2N31T-RCO,20000,AGUASCALIENTES,AGUASCALIENTES,16IS010010009,30-may-16,
FARMACIA JUAN PABLO II,FARMACIA SIN MINI SUPER,AVENIDA BENITO JUAREZ 101-B,LOS CEDROS,20300,SAN FRANCISCO DE LOS ROMO,AGUASCALIENTES,16IS010010010,28-jun-16,"Psicotrópicos,Vacunas, Toxoides,Sueros de Origen Animal,
Antitoxinas de Origen Animal y Hemoderivados"
FARMACIAS RUIZ,FARMACIA CON MINI SUPER,CALLE PLAZA PRINCIPAL # 1,19 CENTRO,20800,CALVILLO,AGUASCALIENTES,16IS010030011,09-ago-16,"Psicotrópicos,Vacunas, Toxoides,Sueros de Origen Animal,
Antitoxinas de Origen Animal y Hemoderivados"
DERMA PLASTIC,FARMACIA SIN MINI SUPER,BOULEVARD JOSE MARIA CH,APVREAZD OS/SN  DCEE NVITLRLOAS CUONMCEIORNCIAL VILLAS,UNCION K2IO02S8C0,O 3 LOCAAGLU A6SCALIENTES,AGUASCALIENTES,16IS010030012,09-ago-16,"Psicotrópicos,Vacunas, Toxoides,Sueros de Origen Animal,
Antitoxinas de Origen Animal y Hemoderivados"
