ESTABLECIMIENTO,"GIRO (FARMACIA, BOTICA ,DROGUERIA)",CALLE Y NO.,COLONIA,CODIGO POSTAL,MUNICIPIO O DELEGACION,ENTIDAD,No. LICENCIA,FECHA EXPEDICION,"LINEAS DE COMERCIALIZACION AUTORIZADAS (ESTUPEFACIENTES), 
(PSICOTRÓPICOS  II, III), VACUNAS, TOXOIDES, SUEROS DE ORIGEN 
ANIMAL, ANTITOXINAS DE ORIGEN ANIMAL, HEMODERIVADOS)"
""" DE JESUS """,FARMACIA,INDEPENDENCIA # 77,COFRADIA DE JUAREZ,28120,TECOMAN,COLIMA,06 009 09 0001,24-feb.-00,"PSICOTROPICOS, VACUNAS, TOXOIDES"
SAN FELIPE,FARMACIA,AV. SAN FERNANDO Nº 288,CENTRO,28000,COLIMA,COLIMA,06 002 09 0003,15-mar.-00,"PSICOTROPICOS, VACUNAS, TOXOIDES, SUEROS DE ORIGEN ANIMAL, 
ANTITOXINAS DE ORIGEN ANIMAL"
"CENTRO HOSPITALARIO UNION, S.A. DE C.V.",BOTICA,ENRIQUE CORONA MORFIN N° 90,CENTRO,28750,VILLA DE ALVAREZ,COLIMA,06 010 10 0001,EAV-0248931257 act3dtc26a,"ESTUPEFACIENTES, PSICOTROPICOS, VACUNAS, TOXOIDES, SUEROS 
DE ORIGEN ANIMAL, ANTITOXINAS DE ORIGEN ANIMAL"
FARMACIA DE LA CLINICA HOSPITAL DR. MIGUEL TREJO OCHOA,BOTICA,IGNACIO SANDOVAL Y ANTONIO CASO,LOMAS DE CIRCUNVALACION,28010,COLIMA,COLIMA,06 002  10 0016,20-jun.-00,"ESTUPEFACIENTES, PSICOTROPICOS, VACUNAS, TOXOIDES, SUEROS Y 
ANTITOXINAS DE ORIGEN ANIMAL Y HEMODERIVADOS"
FARMACIA DEL REFUGIO,DROGUERIA,VICENTE GUERRERO N° 190,CENTRO,28000,COLIMA,COLIMA,06 002 11 0001,26-mar.-13,PREPARACION DE FORMULAS MAGISTRALES Y OFICINALES
FARMACIA DE PENSIONES,FARMACIA,JUAREZ # 450,CENTRO,28000,COLIMA,COLIMA,06 002 09 0011,20-feb.-19,"PSICOTROPICOS FRACCIONES II Y III, VACUNAS, TOXOIDES Y SUEROS 
DE ORIGEN ANIMAL."
FARMACIA CLINICA QUIRURGICA MANZANILLO,FARMACIA,BLVD.MIGUE DE LA MADRID 44,FONDEPORT,28219,MANZANILLO,COLIMA,06 007 09 0002,27-jul.-00,"ESTUPEFACIENTES, PSICOTROPICOS, VACUNAS, TOXOIDES, SUEROS 
DE ORIGEN ANIMAL"
FARMACIA URIBE,FARMACIA,28 DE AGOSTO 56 B,SANTIAGO,28864,MANZANILLO,COLIMA,06 007 09 0003,27-jul.-00,"PSICOTROPICOS, VACUNAS, TOXOIDES, SUEROS DE ORIGEN ANIMAL, 
ANTITOXINAS DE ORIGEN ANIMAL"
FARMACIA CRISTAL,FARMACIA,E.ZAPATA NO.34 SANTIAGO,LAS JOYAS,28230,MANZANILLO,COLIMA,06 007 09 0008,27-jul.-00,"PSICOTROPICOS, TOXOIDES, SUEROS DE ORIGEN ANIMAL"
MORALETE,FARMACIA,FRANCISCO I. MADERO Nº 640,EL MORALETE,28060,COLIMA,COLIMA,06 002 09 0024,31-jul.-00,
JABIH,FARMACIA,HIDALGO Nº 75,TEPAMES,28600,COLIMA,COLIMA,06 002 09 0030,31-jul.-00,"PSICOTROPICOS, TOXOIDES, SUEROS DE ORIGEN ANIMAL"
FARMACIA SAN RAFAEL,FARMACIA,FRANCISCO VELASCO N° 2,CENTRO,28500,CUAUHTEMOC,COLIMA,06 005 09 0001,31-jul.-00,PSICOTROPICOS
FARMACIA HERRERA,FARMACIA,BENITO JUAREZ 24,SANTIAGO,28860,MANZANILLO,COLIMA,06 007 09 0007,31-jul.-00,"PSICOTROPICOS, VACUNAS, TOXOIDES, SUEROS DE ORIGEN ANIMAL"
FARMACIA ECHAURI,FARMACIA,BLVD.COSTERO KM 9.7,SALAGUA,28867,MANZANILLO,COLIMA,06 007 09 0012,22-ago.-00,"PSICOTROPICOS, VACUNAS, TOXOIDES, SUEROS DE ORIGEN ANIMAL, 
ANTITOXINAS DE ORIGEN ANIMAL, HEMODERIVADOS"
FARMACIA AMERICA,DROGUERIA,AVE.MEXICO NO 224,CENTRO,28200,MANZANILLO,COLIMA,06 007 11 0001,22-ago.-00,"ESTUPEFACIENTES, PSICOTROPICOS, VACUNAS, TOXOIDES, SUEROS 
DE ORIGEN ANIMAL, ANTITOXINAS DE HORIGEN ANIMAL, 
HEMODERIVADOS"
RODRIGUEZ,FARMACIA,E. CARRANZA 26-A,COFRADIA DE MORELOS,28935,TECOMAN,COLIMA,06 009 09 0002,28-ago.-00,"PSICOTROPICOS, VACUNAS, TOXOIDES, SUEROS DE ORIGEN ANIMAL, 
ANTITOXINAS DE ORIGEN ANIMAL"
""" WENDY """,FARMACIA,MEXICO # 4,CENTRO,28700,IXTLAHUACAN,COLIMA,06 006 09 0001,31-ago.-00,PSICOTROPICOS
"FARMACIAS ""GUADALAJARA"" SA DE CV",FARMACIA,18 DE JULIO # 3600,CENTRO,28100,TECOMAN,COLIMA,06 009 09 0010,31-ago.-00,"PSICOTROPICOS, VACUNAS, TOXOIDES, SUERO, ANTITOXINAS DE 
ORIGEN ANIMAL, HEMODERIVADOS"
FARMACIA BIOREDUCING,FARMACIA,AV. SAN FERNANDO N° 533-14,CENTRO,28000,COLIMA,COLIMA,06 002 09 0035,30-oct.-00,PSICOTROPICOS
FARMACIA GUADALAJARA,FARMACIA,"AV. FELIPE SEVILLA DEL RIO N° 350, ESQ. CON 
IGNACIO SANDOVAL, COL. LOMAS DE 
CIRCUNVALACION COLIMA COL. C.P. 28010",LOMAS DE CIRCUNVALACION,28010,COLIMA,COLIMA,06 002 09 0012,24-ene.-01,"PSICOTROPICOS, VACUNAS, TOXOIDES, SUEROS DE ORIGEN ANIMAL, 
ANTITOXINAS DE ORIGEN ANIMAL, HEMODERIVADOS"
FARMACIA GUADALAJARA,FARMACIA,AV. DE LOS MAESTROS N° 108 C,CENTRO,28000,COLIMA,COLIMA,06 002 09 0019,24-ene.-01,"PSICOTROPICOS, VACUNAS, TOXOIDES, SUEROS DE ORIGEN ANIMAL, 
ANTITOXINAS DE ORIGEN ANIMAL, HEMODERIVADOS"
FARMACIA GUADALAJARA,FARMACIA,BLVD.MIGUEL DE LA MADRID #1040,SALAHUA,28867,MANZANILLO,COLIMA,06 007 09 0017,20-feb.-01,"PSICOTROPICOS, VACUNAS, TOXOIDES, SUEROS DE ORIGEN ANIMAL, 
ANTITOXINAS DE ORIGEN ANIMAL, HEMODERIVADOS"
CLINICA DE SERVICIOS MEDICOS COLIMAN S.A. DE C.V.,BOTICA,VENUSTIANO CARRANZA N° 369-B,CENTRO,28000,COLIMA,COLIMA,06 002 10 0040,06-may.-04,"ESTUPEFACIENTES PSICOTROPICOS, TOXOIDES, SUEROS DE ORIGEN 
ANIMAL"
CLINICA HOSPITAL ISSSTE MANZANILLO,FARMACIA,AV. PAROTAS SIN NUMERO,VALLE DE LAS GARZAS,28219,MANZANILLO,COLIMA,06 007 09 0014,07-may.-01,"ESTUPEFACIENTES, PSICOTROPICOS, SUEROS DE ORIGEN ANIMAL, 
TOXOIDES"
FARMACIA GUADALAJARA,FARMACIA,AVE.MEXICO NO.301,CENTRO,28200,MANZANILLO,COLIMA,06 007 09 0022,25-ene.-02,"PSICOTROPICOS, TOXOIDES, SUEROS DE ORIGEN ANIMAL, 
HEMODERIVADOS"
ABC,FARMACIA,ALDAMA Nº 130,CENTRO,28000,COLIMA,COLIMA,06 002 09 0042,08-abr.-02,"PSICOTROPICOS, VACUNAS"
"SUPER FARMACIA ""ZAPOTLAN "" SUC.",FARMACIA,MANUEL ALVAREZ # 27,CENTRO,28300,ARMERIA,COLIMA,06 001 09 0001,04-jun.-02,"PSICOTRPICOS, VACUNAS, TOXOIDES, ANTITOXINAS DE ORIGEN 
ANIMAL"
SUPER  FARMACIA ZAPOTLAN,FARMACIA,20 DE NOVIEMBRE # 325,CENTRO,28100,TECOMAN,COLIMA,06 009 09 0011,04-jun.-02,"PSICOTROPICOS, TOXOIDES, ANTITOXINAS DE ORIGEN ANIMAL"
"SUPER FARMACIA ""ZAPOTLAN "" SUC.",FARMACIA,PROGRESO # 725 L-19F,CENTRO,28100,TECOMAN,COLIMA,06 009 09 0016,04-jun.-02,"PSICOTROPICOS, VACUNAS, TOXOIDES"
FARMACIA GUADALAJARA,FARMACIA,HIDALGO N° 56,CENTRO,28000,COLIMA,COLIMA,06 002 09 0014,02-jul.-02,"PSICOTROPICOS, VACUNAS , TOXOIDES, SUEROS DE ORIGEN ANIMAL, 
ANTITOXINAS DE ORIGEN ANIMAL"
FARMACIA WAL-MART,FARMACIA,CALZ. PEDRO A. GALVAN NORTE N° 120,CENTRO,28000,COLIMA,COLIMA,06 002 09 0034,08-jul.-02,"PSICOTROPICOS, VACUNAS, TOXOIDES, SUEROS DE ORIGEN ANIMAL, 
ANTITOXINAS DE ORIGEN ANIMAL"
BOTICA DEL CENTRO MEDICO DE COLIMA,BOTICA,MACLOVIO HERRERA  Nº  140,JARDINES DE LA CORREGIDORA,28030,COLIMA,COLIMA,06 002 10 0001,22-jul.-02,"ESTUPEFACIENTE, PSICOTROPICOS, VACUNAS, TOXOIDES, SUEROS Y 
ANTITOXINAS DE ORIGEN ANIMAL Y HEMODERIVADOS"
BOTICA CLINICA GUADALUPANA,BOTICA,GILDARDO GOMEZ N° 199,CENTRO,28000,COLIMA,COLIMA,06 002 10 0002,22-jul.-02,"ESTUPEFACIENTES, PSICOTROPICOS"
LA ECONOMICA,FARMACIA,20 DE NOVIEMBRE N° 10-B,QUESERIA,28510,QUESERIA,COLIMA,06 005 09 0005,22-jul.-02,"PSICOTROPICOS, TOXOIDES, SUEROS DE ORIGEN ANIMAL"
FARMACIA GUADALAJARA,FARMACIA,"AV. TECNOLOGICO N° 2, COL. JARDINEZ VISTA 
HERMOSA, COLIMA COL. C.P. 28010",JARDINES VISTA HERMOSA,28010,COLIMA,COLIMA,06 002 09 0006,23-jul.-02,"PSICOTROPICOS, VACUNAS, TOXOIDES, SUEROS DE ORIGEN ANIMAL, 
ANTITOXINAS DE ORIGEN ANIMAL, HEMODERIVADOS"
UNIDAD MEDICINA FAMILIAR No. 17,BOTICA,AV. PAROTAS  218 ESQ. PINOS,VALLE DE LAS GARZAS,28219,MANZANILLO,COLIMA,06 007 10  0010,04-mar.-13,"PSICOTROPICOS, VACUNAS, TOXOIDES SUEROS DE ORIGEN ANIMAL"
FARMACIA CRISTINA,FARMACIA,AV. MACLOVIO HERRERA Nº 501,CENTRO,28000,COLIMA,COLIMA,06 002 09  0001,19-sep.-02,"PSICOTROPICOS, TOXOIDES, ANTITOXINAS DE ORIGEN ANIMAL"
"FARMACIAS ""GUADALAJARA"" SA DE CV",FARMACIA,AV LOPEZ MATEO # 205,CENTRO,28100,TECOMAN,COLIMA,06 009 09 0020,26-nov.-02,"PSICOTROPICOS, VACUNAS, TOXOIDES SUEROS, ANTITOXINAS DE 
ORIGEN ANIMAL Y HEMODERIVADOS"
"FARMACIAS ""GUADALAJARA"" SA DE CV",FARMACIA,AV. DE LA JUVENTUD # INT 1,LAS FLORES,28134,TECOMAN,COLIMA,06 009 09 0025,26-nov.-02,"PSICOTROPICOS, VACUNAS, TOXOIDES, SUEROS DE ORIGEN ANIMAL, 
ANTITOXINAS DE ORIGENIMAL, HEMODERIVADOS"
SUPERFARMACIA ZAPOTLAN,FARMACIA,FILOMENO MEDINA Nº 52,CENTRO,28000,COLIMA,COLIMA,06 002 09 0026,17-feb.-03,"PSICOTROPICOS, VACUNAS, TOXOIDES, SUEROS DE ORIGEN ANIMAL"
CENTRO DE READAPTACION SOCIAL MANZANILLO,BOTICA,CARRETERA SANTIAGO-CHANDIABLO KM. 7.5,SANTIIAGO,28860,MANZANILLO,COLIMA,06 007 10 0003,03-mar.-03,"PSICOTROPICOS, VACUNAS, TOXOIDES Y SUEROS DE ORIGEN ANIMAL"
UNIDAD DE MEDICINA FAMILIAR No. 9,BOTICA,DOMICILIO CONOCIDO PEÑA COLORADA,CENTRO,28870,MINATITLAN,COLIMA,06 008 10 0001,26-mar.-03,"ESTUPEFACIENTES, PSICOTROPICOS, VACUNAS, TOXOIDES"
FARMACIA GUADALAJARA,FARMACIA,FILOMENO MEDINA N° 83,CENTRO,28000,COLIMA,COLIMA,06 002 09 00 39,22-may.-03,"PSICOTROPICOS, VACUNAS, TOXOIDES, SUEROS DE ORIGEN ANIMAL, 
ANTITOXINAS DE ORIGEN ANIMAL, HEMODERIVADOS"
FARMACIA H.G.Z. No. 10,BOTICA,"UNIDAD PADRE HIDALGO, CALLE 9 S/N",SALAHUA,28200,SALAHUA,COLIMA,06 007 10 0004,22-may.-03,"ESTUPEFACIENTE, PSICOTROPICOS, VACUNAS, TOXOIDES, SUEROS Y 
ANTITOXINAS DE ORIGEN ANIMAL"
FARMACIA SORIANA,FARMACIA,BLVD.MIGUEL DE LA MADRID 1580,SOLEARES,28219,MANZANILLO,COLIMA,06 007 09 0021,22-jul.-03,"ESTUPEFACIENTES, PSICOTROPICOS, VACUNAS, TOXOIDES, SUEROS 
DE ORIGEN ANIMAL, ANTITOXINAS DE ORIGEN ANIMAL"
FARMACIA GUADALAJARA,FARMACIA,AV.ELIAS ZAMORA VERDUZCO NO.90,VALLE DE LAS GARZAS,28219,MANZANILLO,COLIMA,06 007 09 0018,23-abr.-04,"PSICOTROPICOS, TOXOIDES, SUEROS DE ORIGEN ANIMAL, 
HEMODERIVADOS"
FARMAPIEL,FARMACIA,"I. SANDOVAL N° 1029 PLANTA BAJA ""A""",LOMAS DE CIRCUNVALACION,28010,COLIMA,COLIMA,06 002 09 0061,09-jun.-04,PSICOTROPICOS
FARMACIA DIF MUNICIPAL,FARMACIA,EDIF. CENTRAL PARQUE HIDALGO,CENTRO,28000,COLIMA,COLIMA,06 002 10 0014,11-jun.-04,PSICOTROPICOS
SUPER FARMACIA ZAPOTLAN,FARMACIA,AV. INSURGENTES # 590,UNION,28130,TECOMAN,COLIMA,06 009 09 0021,27-jul.-04,"PSICOTROPICOS, VACUNAS, TOXOIDES, ANTITOXINAS DE ORIGEN 
ANIMAL"
"BASE DE DATOS DE LICENCIAS EXPEDIDAS FARMACIAS, BOTICAS O DROGUERIAS",,,,,,,,,
ESTABLECIMIENTO,"GIRO (FARMACIA, BOTICA ,DROGUERIA)",CALLE Y NO.,COLONIA,CODIGO POSTAL,MUNICIPIO O DELEGACION,ENTIDAD,No. LICENCIA,FECHA EXPEDICION,"LINEAS DE COMERCIALIZACION AUTORIZADAS (ESTUPEFACIENTES), 
(PSICOTRÓPICOS  II, III), VACUNAS, TOXOIDES, SUEROS DE ORIGEN 
ANIMAL, ANTITOXINAS DE ORIGEN ANIMAL, HEMODERIVADOS)"
TIENDAS SORIANA FARMACIA CITY CLUB,FARMACIA,AV. MARIA AHUMADA N° 135,CAMPESTRE,28988,VILLA DE ALV.,COLIMA,06 010 09 0008,06-sep.-04,"PSICOTROPICOS, VACUNAS, TOXOIDES, SUEROS DE ORIGEN ANIMAL, 
ANTITOXINAS DE ORIGEN ANIMAL"
SUPER FARMACIA ZAPOTLAN,FARMACIA,AV. BENITO JUAREZ Nº 88-B,FRACC. ALTA VILLA,28987,VILLA DE ALV.,COLIMA,06 010 09 0007,19-sep.-04,"PSICOTROPICOS, TOXOIDES, ANTITOXINAS DE ORIGEN ANIMAL"
BOTICA MEDICA PACIFICO,FARMACIA,PALMA REAL NO 10,SALAHUA,28867,MANZANILLO,COLIMA,06 007 10 0005,05-nov.-04,"ESTUPEFACIENTES, PSICOTROPICOS, VACUNAS, TOXOIDES, SUEROS 
DE ORIGEN ANIMAL"
FARMACIA SAM'S CLUB  COLIMA,FARMACIA,AV. FELIPE SEVILLA DEL RIO N° 49,VISTA HERMOSA,28016,COLIMA,COLIMA,06 002 09 0045,02-dic.-04,"PSICOTROPICOS, VACUNAS, TOXOIDES, SUEROS DE ORIGEN ANIMAL, 
ANTITOXINAS DE ORIGEN ANIMAL, HEMODERIVADOS"
"""BODEGA AURRERA TECOMAN""",FARMACIA,INSURGENTES # 823,UNION,28130,TECOMAN,COLIMA,06 009 09 0022,02-dic.-04,"PSICOTROPICOS, VACUNAS, TOXOIDES, SUEROS DE ORIGEN ANIMAL, 
ANTITOXINAS DE ORIGEN ANIMAL. HEMODERIVADOS"
SUPERCENTER WAL MART COLIMA NORTE,FARMACIA,AV. TECNOLOGICO N° 125,MIGUEL HIDALGO,28030,COLIMA,COLIMA,06 002 09 0046,16-dic.-04,"PSICOTROPICOS, TOXOIDES, VACUNAS"
FARMACIA BODEGA AURRERA VILLA DE ALVAREZ,FARMACIA,AV. BENITO JUAREZ # 345,CENTRO,28970,VILLA DE ALVAREZ,COLIMA,06 010 09 0009,04-ene.-05,"PSICOTRPICOS, TOXOIDES, VACUNAS"
FARMACIA GUADALAJARA,FARMACIA,AVE.NIÑOS HEROES 514,CENTRO,28200,MANZANILLO,COLIMA,06 007 09 0019,05-ene.-05,"PSICOTROPICOS, VACUNAS, TOXOIDES, SUEROS DE ORIGEN ANIMAL, 
ANTITOXINAS DE ORIGEN ANIMAL"
SUPERFARMACIA  ZAPOTLAN,FARMACIA,FRANCISCO I. MADERO N° 1,CENTRO,28000,COLIMA,COLIMA,06 002 09 0017,08-sep.-05,"PSICOTROPICOS, VACUNAS , TOXOIDES, SUEROS Y ANTITOXINAS DE 
ORIGEN ANIMAL"
"SUPER FARMACIA""FENIX""",FARMACIA,AV. REVOLUCION No. 171,CENTRO,28100,TECOMAN,COLIMA,06 009 09 0019,14-mar.-06,PSICOTROPICOS
FARMACIA CARBAJAL,FARMACIA,FRANCISCO I. MADERO N 849,EL MORALETE,28060,COLIMA,COLIMA,06 002 09 0043,15-jun.-06,PSICOTROPICOS
MERCADO SORIANA,FARMACIA,BLVD. RODOLFO CHAVEZ N° 399,CENTRO,28000,COLIMA,COLIMA,06 002 09 0050,25-jul.-06,"PSICOTROPICOS, VACUNAS, TOXOIDES, SUEROS DE ORIGENANIMAL, 
ANTITOXINAS DE ORIGEN ANIMAL, HEMODERIVADOS"
SUPER FARMACIA ZAPOTLAN,FARMACIA,CALZ. PEDRO A. GALVAN N° 600-A,CAMINO REAL,28040,COLIMA,COLIMA,06 002 09 0051,25-jul.-06,"PSICOTROPICOS, VACUNAS, TOXOIDES, SUEROS DE ORIGEN ANIMAL"
HOSPITAL GENERAL DE MANZANILLO,BOTICA,AV. ELIAS ZAMORA VERDUZCO S/N,SALAHUA,28869,MANZANILLO,COLIMA,06 007 10 0002,05-oct.-06,"ESTUPEFACIENTES, PSICOTROPICOS, VACUNAS TOXOIDES, SUEROS DE 
ORIGEN ANIMAL, ANTITOXINAL DE ORIGEN ANIMAL, HEMODERIVADOS"
FARMACIA FARMAPRONTO,FARMACIA,AV. MACLOVIO HERRERA N° 177,CENTRO,28000,COLIMA,COLIMA,06 002 09 0052,08-ene.-07,PSICOTROPICOS
FARMACIA GUADALAJARA,FARMACIA,ALVARO OBREGON N° 16,CENTRO,28000,COLIMA,COLIMA,06 002 09 0016,17-ene.-07,"ESTUPEFACIENTES, PSICOTROPICOS, VACUNAS, TOXOIDES, SUEROS 
DE ORIGEN ANIMAL, ANTITOXINAS DE ORIGEN ANIMAL,"
SORIANA,FARMACIA,AVE. PLAYA LA MANZANILLA # 81,BUGAMBILIAS,28180,TECOMAN,COLIMA,06 009 09 0024,05-mar.-07,PSICOTRPICOS
FARMACIA ZAPOTLAN,FARMACIA,BLVD.COSTERO 8250,SALAHUA,28867,MANZANILLO,COLIMA,06 007 09 0025,05-mar.-07,"PSICOTROPICOS, VACUNAS, TOXOIDES, SUEROS DE ORIGEN ANIMAL, 
ANTITOXINAS DE ORIGEN ANIMAL, HEMODERIVADOS"
FARMACIAS BAYARDO S.A. DE C.V.,FARMACIA,AV. FELIPE SEVILLA N° 199-C,JARDINES VISTA HERMOSA,28017,COLIMA,COLIMA,06 002 09 0053,07-ago.-07,PSICOTROPICOS
""" DEL PACIFICO """,FARMACIA,20 DE NOVIEMBRE # 448,CENTRO,28100,TECOMAN,COLIMA,06 009 09 0017,24-sep.-07,"PSICOTROPICOS, VACUNAS, TOXOIDES"
FARMACIA WALMART,FARMACIA,BLVD.COSTERO NO.17,SALAHUA,28867,MANZANILLO,COLIMA,06 007 09 0027,10-dic.-07,"PSICOTROPICOS, VACUNAS, TOXOIDES, SUEROS DE ORIGEN ANIMAL, 
HEMODERIVADOS"
FARMACIA GENSIM,FARMACIA,TORRES QUINTERO N° 352-A,CENTRO,28000,COLIMA,COLIMA,06 002 09 0054,19-feb.-08,PSICOTROPICOS
FARMAPRONTO,FARMACIA,AV. JAVIER MINA 119,CENTRO,28000,COLIMA,COLIMA,06 002 09 0055,17-jun.-08,PSICOTROPICOS
SUPER FARMACIAS ZAPOTLAN,FARMACIA,BLVD. CAMINO REAL N° 1095,PUERTA PARAISO,28018,COLIMA,COLIMA,06 002 09 0056,17-jun.-08,"ESTUPEFACIENTES, PSICOTROPICOS, VACUNAS, SUEROS Y 
ANTITOXINAS DE ORIGEN ANIMAL"
FARMACIA GUADALAJARA,FARMACIA,"AV. AYUNTAMIENTO N° 627, C",LOMAS DE LA HIGUERA,28979,VILLA DE ALVAREZ,COLIMA,06 010 09 0012,23-jun.-08,"PSICOTROPICOS, VACUNAS, TOXOIDES, ANTITOXINAS DE ORIGEN 
ANIMAL"
FARMACIA DE ESPECIALIDADES DERMATOLOGICAS DE COLIMA,FARMACIA,CORREGIDORA Nº 57,CENTRO,28000,COLIMA,COLIMA,06 002 09 0060,05-nov.-08,PSICOTROPICOS
FARMACIA PEDIATRICA DR. MARIO,FARMACIA,ANTONIO CASO Nº 446 INT 5,LOMAS DE CIRCUNVALACION,28010,COLIMA,COLIMA,06 002 09 0059,07-nov.-08,"PSICOTROPICOS, VACUNAS, TOOXOIDES SUEROS DE ORIGEN ANIMAL, 
HEMODERIVADOS"
UMI,FARMACIA,IGNACIO M. ALTAMIRANO NO. 850,LOMAS DE CIRCUNVALACION,28010,COLIMA,COLIMA,06 002 09 0058,22-sep.-08,PSICOTROPICOS
FARMACIA GUADALAJARA,FARMACIA,AVE. PASEO DE LAS GAVIOTAS NO. 300,BARRIO 5,28219,MANZANILLO,COLIMA,06 007 09 0028,21-abr.-09,"PSICOTROPICOS, TOXOIDES, SUEROS DE ORIGEN ANIMAL, 
HEMODERIVADOS"
SUER FARMACIA ZAPOTLAN,FARMACIA,AV. PERIFERICO NO. 80 L-1,RESIDENCIAL ESMERALDA,28017,COLIMA,COLIMA,06 002 09 0062,16-oct.-09,"PSICOTROPICOS, VACUANAS Y SUEROS DE ORIGEN ANIMAL"
CLINICA CORDOBA,FARMACIA,ZARAGOZA N° 377,CENTRO,28000,COLIMA,COLIMA,06 002 09 0033,18-ene.-10,"ESTUPEFACIENTES, PSICOTROPICOS"
MULTIFARMACIA DEL NORTE,FARMACIA,AV.ELIAS ZOMORA VERDUZCO 151 L-2,VALLE DE LAS GARZAS,28219,MANZANILLO,COLIMA,06 007 09 0026,24-mar.-10,PSICOTROPICOS
"DISTRIBUIDORA MEDICA Y HOSPITALARIA QUIROZ, S.A. DE C.V.",FARMACIA,BENITO JUAREZ N° 971 L-2,LA FLORESTA,28973,VILLA DE ALV.,COLIMA,06 010 09 0011,24-mar.-10,PSICOTROPICOS
FARMACIAS BAYARDO S.A. DE C.V.,FARMACIA,AV. CRISTOBAL COLON N° 501 L-5 Y 6,LOS VIVEROS,28070,COLIMA,COLIMA,06 002 09 0063,28-abr.-10,"PSICOTROPICOS, VACUNAS, SUEROS Y ANTITOXINAS DE ORIGEN 
ANIMAL"
FARMACIA DE LAS CLINICA No. 11,FARMACIA,DOROTEO LOPEZ N° 442,MAGISTERIAL,28030,COLIMA,COLIMA,06 002 10 0008,25-may.-10,"PSICOTROPICOS, VACUNAS, TOXOIDES"
UNIDAD DE MEDICINA FAMILIAR No. 16,BOTICA,FCO. J. MUJICA N° 1001,INFONAVIT LA ESTANCIA,28040,COLIMA,COLIMA,06 002 10 0004,26-mar.-13,"PSICOTROPICOS, VACUNAS, TOXOIDES, SUEROS DE ORIGEN ANIMAL"
UNIDAD DE MEDICINA FAMILIAR No. 19,BOTICA,AV. JAVIER MINA  Nº 301,CENTRO,28000,COLIMA,COLIMA,06 002 10 0005,29-nov.-10,"ESTUPEFACIENTES, PSICOTROPICOS, VACUNAS TOXOIDES, SUEROS DE 
ORIGEN ANIMAL"
FARMACIAS GUADALAJARA,FARMACIA,PABLO SILVA GARCIA NO. 594,EL CENTENARIO,28984,VILLA DE ALVAREZ,COLIMA,06 010 09 0013,11-feb.-11,"PSICOTROPICOS, TOXOIDES, SUEROS DE ORIGEN ANIMAL, 
HEMODERIVADOS"
CLINICA DE ATENCION RESIDENCIAL EN ADICCIONES,BOTICA,RIO COLIMA ESQ. RIO JAZMIN,PRIMAVERAS DEL REAL,28180,TECOMAN,COLIMA,06 009 10 0002,05-dic.-11,PSICOTROPICOS
LA PAZ,FARMACIA,AV. PERIFERICO N° 690 INT. A,VALLE DORADO,28018,COLIMA,COLIMA,06 002 09 0064,20-dic-11,"ESTUPEFACIENTES, PSICOTROPICOS, VACUNAS TOXOIDES, SUEROS Y 
ANTITOXINAS DE ORIGEN ANIMAL, HEMODERIVADOS"
FARMACIA BODEGA AURRERA,FARMACIA,ELIAS ZAMORA VERDUZCO FR-6,VALLE DE LAS GARZAS,28219,MANZANILLO,COLIMA,06 007 09 0031,07-mar.-12,"PSICOTROPICOS, VACUNAS, TOXOIDES, SUEROS DE ORIGEN ANIMAL, 
ANTITOXINAS DE ORIGEN ANIMAL, HEMODERIVADOS"
CENTROS DE INTEGRACION JUVENIL A.C.,BOTICA,ESTADO DE MEXICO  Nº 172,ALTA VILLA,28970,VILLA DE ALVAREZ,COLIMA,06 010 10 0003,22-may.-12,PSICOTROPICOS
FARMACIA DEL HGZ  No. 1,BOTICA,AV. DE LOS MAESTROS N° 149,CENTRO,28000,COLIMA,COLIMA,06 002 10 0009,09-ago.-11,"ESTUPEFACIENTE, PSICOTROPICOS, VACUNAS, TOXOIDES, SUEROS Y 
ANTITOXINAS DE ORIGEN ANIMAL Y HEMODERIVADOS"
UNION MEDICA ADAME S.A. DE C.V.,FARMACIA,ALDAMA N° 126,CENTRO,28000,COLIMA,COLIMA,06 002 10 0012,09-ago.-11,ESTUPEFACIENTES Y PSICITROPICOS
FARMACIA GUADALAJARA,FARMACIA,BENITO JUAREZ 305,CENTRO,28974,VILLA DE ALVAREZ,COLIMA,06 010 09 0014,10-jul.-12,"PSICOTROPICOS, VACUNAS TOXOIDES, SUEROS Y ANTITOXINAS DE 
ORIGEN ANIMAL Y HEMODERIVADOS"
FARMACIA SAN PEDRO GI,BOTICA,AV GONZALO DE SANDOVAL 1579,JARDINES DE LA ESTANCIA,28047,COLIMA,COLIMA,06 002 10 0013,15-jun.-12,PSICOTROPICOS
FARMACIA SAMS CLUB MANZANILLO,FARMACIA,BLVD MIGUEL DE LA MADRID 1518,PLAYA AZUL,28218,MANZANILLO,COLIMA,06 007 09 0032,10-ene.-13,"PSICOTROPICOS, VACUNAS, TOXOIDES, SUEROS Y ANTITOXINAS DE 
ORIGEN ANIMAL Y HEMODERIVADOS"
FARMACIA SIHARU,FARMACIA,AV. REAL BUGAMBILIAR N° 505,LOMAS DE LAS FLORES,28979,VILLA DE ALVAREZ,COLIMA,06 010 09 0015,31/10/13,PSICOTROPICOS
"FARMACIA BENAVIDES S.A.B. DE C.V. SUCURSAL FELIPE SEVILLA 
DEL RIO",FARMACIA,AV FELIPE SEVILLA DEL RIO # 150 LOCAL A,LOMAS VISTA HERMOSA,28016,COLIMA,COLIMA,06 002 09 0066,22-oct.-13,PSICOTROPICOS
FARMACIA VIRGEN DE LA CANDELARIA SA DE CV,FARMACIA,CONSTITUCION No. 121,CENTRO,,TECOMAN,COLIMA,06 009 09 0004,06-jun.-13,PSICOTROPICOS
FARMACIA MERCADO EXPRESS,FARMACIA,AVE. INSURGENTES 925,LA UNION,28130,TECOMAN,COLIMA,06 009 09 0026,24-jul.-13,"PSICOTROPOICOS, VACUNAS, TOXOIDES, SUEROS Y ANTITOXINAS DE 
ORIGEN ANIMAL, HEMODERIVADOS"
SUPER FARMACIA ZAPOTLAN,FARMACIA,MATAMOROS No. 102,CENTRO,28100,TECOMAN,COLIMA,06 009 09 0027,19-ago.-13,"PSICOTROPICOS, VACUNAS, SUEROS DE ORIGEN ANIMAL"
FARMACIA SAN MIGUEL,BOTICA,(PROGRESO) 5 DE MAYO NO.  52,CENTRO,28450,COMALA,COLIMA,06 003 10 0003,22-ene.-14,ESTUPEFACIENTES Y PSICOTROPICOS
"BASE DE DATOS DE LICENCIAS EXPEDIDAS FARMACIAS, BOTICAS O DROGUERIAS",,,,,,,,,
ESTABLECIMIENTO,"GIRO (FARMACIA, BOTICA ,DROGUERIA)",CALLE Y NO.,COLONIA,CODIGO POSTAL,MUNICIPIO O DELEGACION,ENTIDAD,No. LICENCIA,FECHA EXPEDICION,"LINEAS DE COMERCIALIZACION AUTORIZADAS (ESTUPEFACIENTES), 
(PSICOTRÓPICOS  II, III), VACUNAS, TOXOIDES, SUEROS DE ORIGEN 
ANIMAL, ANTITOXINAS DE ORIGEN ANIMAL, HEMODERIVADOS)"
FARMACIA WALMART SUPERCENTER TERCER ANILLO,FARMACIA,AV MANUEL J CLOUTHIER NUMERO 91 PONIENTE,JARDINES DE BUGAMBILIAS,28978,VILLA DE ALVAREZ,COLIMA,06 010 09 0016,11-feb.-14,"PSICOTROPOICOS, VACUNAS, TOXOIDES, SUEROS Y ANTITOXINAS DE 
ORIGEN ANIMAL, HEMODERIVADOS"
FARMACIA GUADALUPANA,FARMACIA,AVENIDA FCO. I. MADERO NO. 66,CENTRO,28000,COLIMA,COLIMA,06 002 09 0008,17-feb.-14,"ESTUPEFACIENTES, PSICOTROPOICOS, VACUNAS, TOXOIDES, SUEROS 
Y ANTITOXINAS DE ORIGEN ANIMAL"
"FARMACIAS BENAVIDES S. A. B DE C.V.  SUCURSAL JUAREZ 
COLIMA",FARMACIA,AV. BENITO JUAREZ # 94,ALTA VILLA,28987,VILLA DE ALVAREZ,COLIMA,06 010 09 0017,04-abr.-14,PSICOTROPICOS
SUPER FARMACIAS ZAPOTLAN,FARMACIA,"AV. FELIPE SEVILLA DEL RIO 690 INTERIOR 7, 
PLANTA BAJA",JARDINES DE LAS LOMAS,28014,COLIMA,COLIMA,06 002 09 0068,03-jun.-14,"PSICOTROPICOS, VACUNAS Y  SUEROS ORIGEN ANIMAL"
SUPER FARMACIAS ZAPOTLAN,FARMACIA,"AV. CONSTITUCION 555, LOCAL 217",LOMAS DE CIRCUNVALACION,28010,COLIMA,COLIMA,06 002 09 0069,03-jun.-14,"PSICOTROPICOS, VACUNAS Y  SUEROS ORIGEN ANIMAL"
SUPER FARMACIAS ZAPOTLAN,FARMACIA,AV. CONSTITUCION 2141-1,PIUERTA DEL SOL,28017,COLIMA,COLIMA,06 002 09 0070,27-jun.-14,"PSICOTROPICOS, VACUNAS Y  SUEROS ORIGEN ANIMAL"
UMI FARMACIA,BOTICA,"IGNACIO MANUEL ALTAMIRANO NO. 850, PLANTA 
ALTA",LOMAS DE CIRCUNVALACION,28010,COLIMA,COLIMA,06 002 10 0017,21-nov.-14,PSICOTROPICOS
UNIDAD DE MEDICINA FAMILIAR NO. 3,BOTICA,CHIHUAHUA ESQ. CON BASILIO VADILLO,CENTRO,28300,ARMERIA,COLIMA,06 001 10 0001,20-feb.-15,"PSICOTROPICOS, VACUNAS, TOXOIDES, SUEROS Y ANTITOXINAS DE 
ORIGEN ANIMAL"
FARMACIA GUADALAJARA,FARMACIA,BLVD. CAMINO REAL NO. 852,EL PORVENIR,28019,COLIMA,COLIMA,06 002 09 0073,20-abr.-15,"PSICOTROPICOS, VACUNAS, TOXOIDES, SUEROS Y ANTITOXINAS DE 
ORIGEN ANIMAL Y HEMODERIVADOS"
FARMACIA DEL HOSPITAL NAVAL DE MANZANILLO,BOTICA,SATURNINO RODRIGUEZ S/N,LAS BRISAS,28210,MANZANILLO,COLIMA,06 007 10 0012,21-abr.-15,"ESTUPEFACIENTE, PSICOTROPICOS, VACUNAS, TOXOIDES, SUEROS Y 
ANTITOXINAS DE ORIGEN ANIMAL Y HEMODERIVADOS"
FIT FARMA,FARMACIA,BLVD. CAMINO REAL NO 300 INT. 13-17,LAS VIBORAS,28040,COLIMA,COLIMA,06 002 09 0074,13-may.-15,PSICOTROPICOS
FARMACIA SAN JORGE,FARMACIA,AV. IGNACIO SANDOVAL NO. 1549-3,JARDINES DE VISTA HERMOSA,28017,COLIMA,COLIMA,06 002 09 0072,05-ago.-15,PSICOTROPICOS
FARMACIA DEL H.G.S.Z. Y M.F. NO. 4,BOTICA,H. COLEGIO MILITAR NO. 1,CENTRO,28100,TECOMAN,COLIMA,06 009 10 0003,24-sep.-15,"ESTUPEFACIENTES, PSICOTROPICOS, VACUNAS, TOXOIDES, SUEROS Y 
ANTITOXINAS DE ORIGEN ANIMAL"
FARMACIA GUADALAJARA,FARMACIA,PROLONGACION SONORA NO. 1240,SANTA AMALIA,28048,COLIMA,COLIMA,06 002 09 0075,17-nov.-15,"PSICOTROPICOS, VACUNAS, TOXOIDES, SUEROS Y ANTITOXINAS DE 
ORIGEN ANIMAL Y HEMODERIVADOS"
FARMACIA LA PAZ,FARMACIA,AV. MANZANILLO NO. 1,SALAHUA,28867,MANZANILLO,COLIMA,06 007 09 0034,11-dic.-15,"ESTUPEFACIENTE, PSICOTROPICOS, VACUNAS, TOXOIDES, SUEROS Y 
ANTITOXINAS DE ORIGEN ANIMAL Y HEMODERIVADOS"
FARMACIA BODEGA AURRERA SALAGUA,FARMACIA,CALLE ELIAS ZAMORA VERDUZCO NO. 3236,FRACCIONAMIENTO COMERCIAL SAN LUIS,28869,MANZANILLO,COLIMA,06 007 09 0033,17-dic.-15,"PSICOTROPICOS, VACUNAS, TOXOIDES, SUEROS Y ANTITOXINAS DE 
ORIGEN ANIMAL, HORMONAS, ENZIMAS Y HEMODERIVADOS"
FARMACIA DEL HOSPITAL GENERAL DE TECOMAN,FARMACIA,PROL. PEDRO TORRES ORTIZ S/N,BENITO JUAREZ,28130,TECOMAN,COLIMA,06 009 10 0004,07-mar.-16,"ESTUPEFACIENTES, PSICOTROPICOS, VACUNAS, TOXOIDES, SUEROS Y 
ANTITOXINAS DE ORIGEN AIMAL Y HEMODERIVADOS"
FARMACIA U.M.F. No. 2,BOTICA,"PLAZA CIVICA CALLE 10, S/N INTERIOR EDF. B2",UNIDAD PADRE HIDALGO,28200,MANZANILLO,COLIMA,06 007 10 0013,28-jun.-16,"ESTUPEFACIENTES, PSICOTROPICOS, VACUNAS, TOXOIDES, SUEROS T 
ESTUPEFNATCITIEONXTINEASS, P DSEIC OORTIRGOENPI CAONISM, AVLA CY UHNEAMSO, DTOERXIOVIADDEOSS, SUEROS"
"FARMACIAS ESPECIALIZADAS, SUCURSAL COLIMA",FARMACIA,BLVD. CAMINO REAL No 995 LT 1 MZ 311 ZONA 6,EL DIEZMO,28010,COLIMA,COLIMA,06 002 09 0049,28-jun.-16,"DE ORIGEN ANIMAL, ANTITOXINAS DE ORIGEN ANIMAL, 
HEMODERIVADOS"
HOSPITAL REGIONAL UNIVERSITARIO,BOTICA,KM. 2 CARR. COLIMA- GUADALAJARA,EL PORVENIR,28010,COLIMA,COLIMA,06 002 10 0019,19-jul.-16,"ESTUPEFACIENTES, PSICOTROPICOS, VACUNAS, TOXOIDES, SUEROS 
DE ORIGEN ANIMAL, ANTITOXINAS DE ORIGEN ANIMAL, 
HEMODERIVADOS"
MEDICINA MAGISTRAL,DROGUERIA,CORREGIDORA NO. 57 ALTOS INT. 3,CENTRO,28000,COLIMA,COLIMA,06 002 11 0003,02-may.-16,PREPARACION DE FORMULAS MAGISTRALES Y OFICINALES
SILUETE (CENTRO DE CONTROL DE PESO),FARMACIA,GABINO BARREDA NO. 751-A,LOMAS VISTA HERMOSA,28016,COLIMA,COLIMA,06 002 09 0076,02-feb.-16,PSICOTROPICOS
UNIDAD DE MEDICINA FAMILIAR No. 18,BOTICA,AV. BENITO JUAREZ  Nº 118,ALTA VILLA,28970,VILLA DE ALVAREZ,COLIMA,06 010 10 0002,28-jun.-16,"PSICOTROPICOS, VACUNAS, SUEROS Y ANTITOXINAS DE ORIGEN 
ANIMAL Y TOXOIDES"
FARMACIA DE  MEDICINA FAMILIAR No. 6 QUESERIA,BOTICA,KM. 24.5 CARRET.  COLIMA-GUADALAJAR,QUESERIA,28510,CUAUHTEMOC,COLIMA,06 005 10 0001,20-jul.-16,"PSICOTROPICOS, VACUNAS, SUEROS Y ANTITOXINAS DE ORIGEN 
ANIMAL Y TOXOIDES"
FARMACIA DE  MEDICINA FAMILIAR No. 5 CUAUHTEMOC,BOTICA,KM. 15 CARR. COLIMA-GUADALAJARA,CENTRO,28500,CUAUHTEMOC,COLIMA,06 005 10 0002,20-jul.-16,"PSICOTROPICOS, VACUNAS, SUEROS Y ANTITOXINAS DE ORIGEN 
ANIMAL Y TOXOIDES"
SUPER FARMACIA ZAPOTLAN,FARMACIA,FRANCISCO I. MADERO Nº 152,CENTRO,28000,COLIMA,COLIMA,06 002 09 0029,02-may.-16,"PSICOTROPICOS, VACUNAS, TOXOIDES, SUEROS Y ANTITOXINAS DE 
ORIGEN ANIMAL"
FARMACIA COMERCIAL CITY FRESKO,FARMACIA,BLVD.COSTERO MIGUEL DE LA MADRID KM. 11.5,SALAHUA,28867,MANZANILLO,COLIMA,06 007 09 0005,10-may.-16,"PSICOTROPICOS, VACUNAS, TOXOIDES, SUEROS DE ORIGEN ANIMAL, 
ANTITOXINAS DE ORIGEN ANIMAL"
SUPER FARMACIAS ZAPOTLAN,FARMACIA,AV. MEXICO O. 254,CENTRO,28200,MANZANILLO,COLIMA,06 007 09 0030,09-sep.-16,PSICOTROPICOS (FRACCIONES II Y III)
FARMADERM FARMACIA DERMATOLOGICA,FARMACIA,AV. DE LA PAZ NO. 56,COLINAS DE SANTA BARBARA,28017,COLIMA,COLIMA,06 002 09 0076,20-ene.-17,PSICOTROPICOS
FARMACIAS BENAVIDES S.A.B. DE C.V.,FARMACIA,AV. DE LOS MAESTROS NO. 334,HUERTAS DEL SOL,28030,COLIMA,COLIMA,06 002 09 0077,23-ene.-17,PSICOTROPICOS Y HEMODERIVADOS
HOSPITAL GENERAL DE ZONA NO. 1,BOTICA,AV. LAPISLAÁZULI NO. 250,EL HAYA,29883,VILLA DE ALVAREZ,COLIMA,06 010 10 0004,10-feb.-17,"ESTUPEFACIENTES, PSICOTROPICOS, VACUNAS, TOXOIDES, SUEROS Y 
ANTITOXINAS DE ORIGEN ANIMAL Y HEMODERIVADOS"
FARMACIA BODEGA AURRERA COLIMA CENTRO,FARMACIA,MACLOVIO HERRERA NO. 120,JARDINES DE LA CORREGIDORA,28030,COLIMA,COLIMA,06 002 09 0075,11-ene.-17,"PSICOTROPICOS, VACUNS, TOXOIDES, SUEROS Y ANTITIXINAS DE 
ORIGEN ANIMAL Y HEMODERIVADOS"
FARMACIA Ce. Re. So.,BOTICA,AV. GONZALO DE SANDOVAL NO. 2000,LA ESTANACIA,28610,LA ESTANCIA,COLIMA,06 002 10 0020,12-ene.-17,"PSICOTROPICOS, VACUNAS, TOXOIDES, SUEROS DE ORIGEN ANIMAL,  
ANTITOXINAS DE ORIGEN ANIMAL"
FARMAPIEL,FARMACIA,IGNACIO SANDOVAL NO. 995 P.B.A,LOMAS DE CIRCUNVALACIÓN,28010,COLIMA,COLIMA,06 002 09 0071,07-abr.-17,PSICOTROPICOS fracción II
FARMACIA DEL HOSPITAL COMUNITARIO DE IXTLAHUACAN,BOTICA,ZARAGOZA S/N,CENTRO,28700,IXTLAHUACAN,COLIMA,06 006 10 0002,24-abr.-17,ESTUPEFACIENTES Fraccion I y PSICOTROPICOS Fracción II y III
INSTITUTO ESTATAL DE CANCEROLOGÍA,BOTICA,AVEIDA LICEO DE VARONES NO. 401,LA ESPERANZA,28079,COLIMA,COLIMA,06 002 10 0021,26-abr.-17,ESTUPEFACIENTES Y PSICOTROPICOS FRACCIONES I Y II
FARMACIA DERMATOLÓGICA DERMAPIEL,FARMACIA,"AVENIDA FELIPE SEVILLA DEL RIO NO. 352 
INTERIOR A",LOMAS DE CIRCUNVALACIÓN,28010,COLIMA,COLIMA,06 002 09 0078,16-jun.-17,PSICOTROPICOS FRACCION II
FARMACIA  GUADALAJARA,FARMACIA,PERIFERICO ISMAEL AGUAYO FIGUEROA NO. 168,EL ANGEL,28979,VILLA DE ALVAREZ,COLIMA,06 010 09 0018,22-ago.-17,PSICOTROPICOS Y HEMODERIVADOS
FARMACIA SUTUC,FARMACIA,AVENIDA GONZALO SANDOVAL NO. 350,LAS VIVORAS,28078,COLIMA,COLIMA,06 002 09 0079,22-ago.-17,PSICOTROPICOS
VELA SKIN,FARMACIA,"AVENIDA IGNACIO SANDOVAL NO. 1866 
INTERIOR 4",FRACCIONAMIENTO REAL VISTA HERMOSA,28018,COLIMA,COLIMA,06 002 09 0080,30-oct.-17,PSICOTROPICOS FRACCION  II
FARMACIA SAN JORGE,FARMACIA,AVENIDA MACLOVIO HERRERA NO.177,CENTRO,28000,COLIMA,COLIMA,06 002 09 0052,06-jul.-17,PSICOTROPICOSFRACCIONES II Y III
FARMACIA DEL HOSPITAL MATERNO INFANTIL,BOTICA,AVENIDA PAROTAS SIN NÚMERO,FRACCIONAMIENTO MINA DE PEÑA,28983,VILLA DE ALVAREZ,COLIMA,06 010 10 0005,29-nov.-17,ESTUPEFACIENTE FRACCION  I Y PSICOTROPICOS  FRACCIONES II Y III
FARMACIA GUADALAJARA S.A. DE C.V.,FARMACIA,AVENIDA RODOLFO CHAVEZ CARRILLO NO. 448,PLACETAS ESTADIO,28050,COLIMA,COLIMA,06 002 09 0081,12-feb.-18,"PSICOTROPICOS FRACCIONES II Y III, HEMODERIVADOS, VACUNAS, 
TOXOIDES Y SUEROS Y ANTITIXINAS DE ORIGEN ANIMAL"
FARMACIA LA PAZ,FARMACIA,"AVENIDA SAN FERNANDO NO. 518, LOCAL B",CENTRO,28000,COLIMA,COLIMA,06 002 09 0082,03-abr.-18,"ESTUPEFACIENTES FRACCION I, PSICOTROPICOS FRACCIONES II Y III, 
HEMODERIVADOS, VACUNAS, TOXOIDES Y SUEROS Y ANTITIXINAS DE 
ORIGEN ANIMAL"
FARMACIAS BENAVIDES S.A.B. DE C.V.,FARMACIA,AVENIDA BENITO JUAREZ NO. 821-A,VILLAS DEL RIO,28973,VILLA DE ALVAREZ,COLIMA,06 010 09 0019,12-abr.-83,"ESTUPEFACIENTES FRACCION I, PSICOTROPICOS FRACCIONES II Y III, 
HEMODERIVADOS, VACUNAS, TOXOIDES Y SUEROS Y ANTITIXINAS DE 
ORIGEN ANIMAL"
FARMACIA GUADALAJARA S.A. DE C.V.,FARMACIA,AVENIDA PABLO SILVA GARCIA NO. 862,SENDEROS DE RANCHO BLANCO,28983,VILLA DE ALVAREZ,COLIMA,06 010 09 0020,27-jun.-18,"PSICOTROPICOS FRACCIONES II Y III, HEMODERIVADOS, VACUNAS Y 
SUEROS Y ANTITOXINAS DE ORIGEN ANIMAL"
FARMACIA GUADALAJARA S.A. DE C.V.,FARMACIA,AVENIDA NIÑOS HÉROES NO. 1014,EL MORALETE,28060,COLIMA,COLIMA,06 002 09 0084,27-jun.-18,"PSICOTROPICOS FRACCIONES II Y III, HEMODERIVADOS, VACUNAS Y 
SUEROS Y ANTITOXINAS DE ORIGEN ANIMAL"
"BASE DE DATOS DE LICENCIAS EXPEDIDAS FARMACIAS, BOTICAS O DROGUERIAS",,,,,,,,,
ESTABLECIMIENTO,"GIRO (FARMACIA, BOTICA ,DROGUERIA)",CALLE Y NO.,COLONIA,CODIGO POSTAL,MUNICIPIO O DELEGACION,ENTIDAD,No. LICENCIA,FECHA EXPEDICION,"LINEAS DE COMERCIALIZACION AUTORIZADAS (ESTUPEFACIENTES), 
(PSICOTRÓPICOS  II, III), VACUNAS, TOXOIDES, SUEROS DE ORIGEN 
ANIMAL, ANTITOXINAS DE ORIGEN ANIMAL, HEMODERIVADOS)"
SUPER FARMACIA COLIMA,FARMACIA,"AVENIDA PASEO MIGUEL DE LA MADRID 
HURTADO NO. 55 INT. 14",ESMERALDA NORTE,28017,COLIMA,COLIMA,06 002 09 0083,22-jun.-18,"PSICOTROPICOS FRACCIONES II Y III, HEMODERIVADOS, TOXOIDES, 
VACUNAS Y SUEROS Y ANTITOXINAS DE ORIGEN ANIMAL"
CENTRO MÉDICO DE TECOMÁN S.A. DE C.V.,BOTICA,EMILIANO ZAPATA NO. 592,TEPEYAC,28110,TECOMAN,COLIMA,06 009 10 0006,26-jun.-18,"PSICOTROPICOS FRACCIONES II Y III, HEMODERIVADOS, TOXOIDES, 
VACUNAS Y SUEROS Y ANTITOXINAS DE ORIGEN ANIMAL"
FARMACIA GUADALAJARA S.A. DE C.V.,FARMACIA,AVENIDA ELIAS ZAMORA VERDUZCO NO. 130,MANZANILLO,28869,MANZANILLO,COLIMA,06 007 09 0036,19-jun.-18,"PSICOTROPICOS FRACCIONES II Y III, HEMODERIVADOS, TOXOIDES, 
VACUNAS Y SUEROS Y ANTITOXINAS DE ORIGEN ANIMAL"
FARMACIA BAYARDO S.A.D E C.V.,FARMACIA,"AVENIDA IGNACIO SANDOVAL NO. 1699, 
INTERIOR 5",GIRASOLES,28018,COLIMA,COLIMA,06 002 09 0085,06-ago.-18,"PSICOTROPICOS FARCCIONES II Y III, HEMODERIVADOS, VACUNAS, 
TOXOIDES Y SUEROS Y ANTITOXINAS DE ORIGEN ANIMAL"
FARMACIA BAYARDO S.A.D E C.V.,FARMACIA,"AVENIDA IGNACIO SANDOVAL NO. 1801, 
INTERIOR 2",GIRASOLES,28018,COLIMA,COLIMA,06 002 09  0086,06-ago.-18,"PSICOTROPICOS FARCCIONES II Y III, HEMODERIVADOS, VACUNAS, 
TOXOIDES Y SUEROS Y ANTITOXINAS DE ORIGEN ANIMAL"
FARMACIA GUADALAJARA,FARMACIA,"AVENIDA BENITO JUAREZ NO. 20 L-1,2,3,4",FRACCIONAMIENTO ALTA VILLA,28970,VILLA DE ÁLVAREZ,COLIMA,06 010 09 0021,09-ago.-18,"PSICOTROPICOS FRACCIONES II Y III, HEMODERIVADOS, VACUNAS, 
ESTUPSEUFEARCOIESN YT EASN TFIRTAOCXCINIOANS  ID, EP SOIRCIOGTERNO EPNICIMOASL F YR ATCOCXOIOIDNEESS. II Y III,"
BOTICA DIMESA ANEXA A HOSPITAL MATERNO INFANTIL,BOTICA,"AVENIDA PAROTAS SIN NÚMERO, INTERIOR B",MINA DE PEÑA,28983,VILLA DE ÁLVAREZ,COLIMA,06 010 10 0006,06-sep.-18,"HEMODERIVADOS, VACUNAS, TOXOIDES Y SUEROS Y ANTITIXINAS DE 
ORIGEN ANIMAL"
BOTICA DIMESA ANEXA A HOSPITAL GENERAL DE IXTLAHUACAN,BOTICA,ZARAGOZA SIN NÚMERO INTERIOR B,CENTRO,28700,IXTLAHUACAN,COLIMA,06 006 10 0003,17-sep.-18,"ESTUPEFACIENTES FRACCION I, PSICOTROPICOS FRACCIONES II Y III, 
HEMODERIVADOS, VACUNAS, TOXOIDES Y SUEROS Y ANTITIXINAS DE 
ORIGEN ANIMAL"
BOTICA DIMESA ANEXA A HOSPITAL REGIONAL UNIVERSITARIO,BOTICA,"CARRETERA COLIMA-GUADALAJARA KM 2, SIN 
NÚMERO, INTERIOR B",EL PORVENIR,28010,COLIMA,COLIMA,06 002 10 0022,17-sep.-18,"ESTUPEFACIENTES FRACCION I, PSICOTROPICOS FRACCIONES II Y III, 
HEMODERIVADOS, VACUNAS, TOXOIDES Y SUEROS Y ANTITIXINAS DE 
ORIGEN ANIMAL"
BOTICA ANEXA A INSTITUTO ESTATAL DE CANCEROLOGÍA,BOTICA,"AVENIDA LICEO DE VARONES NO. 401, INTERIOR 
B",LA ESPERANZA,28085,COLIMA,COLIMA,06 002 10 0023,21-sep.-18,"ESTUPEFACIENTES FRACCION I, PSICOTROPICOS FRACCIONES II Y III, 
HEMODERIVADOS, VACUNAS, TOXOIDES Y SUEROS Y ANTITIXINAS DE 
ORIGEN ANIMAL"
BOTICA DIMESA ANEXA A HOSPITAL GENERAL DE TECOMÁN,BOTICA,"PROLONGACIÓN PEDRO TORRES ORTIZ SIN 
NÚMERO, INTERIOR B",BENITO JUAREZ,28150,TECOMAN,COLIMA,06 009 10 0007,21-sep.-18,"ESTUPEFACIENTES FRACCION I, PSICOTROPICOS FRACCIONES II Y III, 
HEMODERIVADOS, VACUNAS, TOXOIDES Y SUEROS Y ANTITIXINAS DE 
ORIGEN ANIMAL"
BOTICA DIMESA ANEXA A HOSPITAL GENERAL DE MANZANILLO,BOTICA,"BOULEVARD ELÍAS ZAMORA VERDUZCO SIN 
NÚMERO INTERIOR B",NUEVO SALAHUA,28869,MANZANILLO,COLIMA,06 007 10 0015,21-sep.-18,"ESTUPEFACIENTES FRACCION I, PSICOTROPICOS FRACCIONES II Y III, 
HEMODERIVADOS, VACUNAS, TOXOIDES Y SUEROS Y ANTITIXINAS DE 
ORIGEN ANIMAL"
"INSTITUTO ESPECIALIZADO EN LA EJECUCIÓN DE MEDIDAS PARA 
ADOLECENTES",BOTICA,"CARRTERA VILLA DE ALVAREZ-COMALA 
KILOMETRO 6.5",SIN NUMERO,28450,COMALA,COLIMA,06 003 10 0002,01-oct.-18,PSICOTROPICOS FRACCIONES II Y III
SÚPER FARMACIA ZAPOTLÁN,FARMACIA,CALLE FRANCISCO I. MADERO NO. 33,CENTRO,28018,COMALA,COLIMA,06 003 09 0004,22-ene.-19,"PSICOTROPICOS FRACCIONES II Y III, HEMODERIVADOS, VACUNAS , 
TOXOIDES Y SUEROS Y ANTITOXINAS DE ORIGEN ANIMAL."
SÚPER FARMACIA ZAPOTLÁN,FARMACIA,CALLE CONSTITUCIÓN NO. 291,CENTRO,28100,TECOMÁN,COLIMA,06 009 09 0029,22-ene.-09,"PSICOTROPICOS FRACCIONES II Y III, HEMODERIVADOS, VACUNAS , 
TOXOIDES Y SUEROS Y ANTITOXINAS DE ORIGEN ANIMAL."
SÚPER FARMACIA ZAPOTLÁN,FARMACIA,CALLE EMILIANO ZAPATA NO. 105,CENTRO,28100,TECOMÁN,COLIMA,06 009 09 0028,22-ene.-19,"PSICOTROPICOS FRACCIONES II Y III, HEMODERIVADOS, VACUNAS , 
TOXOIDES Y SUEROS Y ANTITOXINAS DE ORIGEN ANIMAL."
SÚPER FARMACIA ZAPOTLÁN,FARMACIA,AVENIDA MARÍA AHUMADA DE GÓMEZ NO. 115,CAMPESTRE,28988,VILLA DE ALVAREZ,COLIMA,06 010 09 0022,21-feb.-19,"PSICOTROPICOS FRACCIONES II Y III, HEMODERIVADOS, VACUNAS, 
TOXOIDES Y SUEROS Y ANTITOXINAS DE ORIGEN ANIMAL"
SÚPER FARMACIA ZAPOTLÁN,FARMACIA,AVENIDA VENUSTIANO CARRANZA NO. 1450,RESIDENCIAL SANTA BARBARRA,28018,COLIMA,COLIMA,06 002 09 0087,05-feb.-19,"PSICOTROPICOS FRACCIONES II Y III, HEMODERIVADOS, VACUNAS, 
TOXOIDES Y SUEROS Y ANTITOXINAS DE ORIGEN ANIMAL"
FARMACIA DE LA CLÍNICA IMSS NO. 11,BOTICA,AVENIDA DE LOS MAESTROS NO. 149,CENTRO,28030,COLIMA,COLIMA,06 002 10 0024,22-feb.-19,"PSICOTROPICOS FRACCIONES II Y III, VACUNAS Y SUEROS"
FARMACIA GUADALAJARA,FARMACIA,AVENIDA 20 DE NOVIEMBRE NO. 452,LOS VIVEROS,28070,COLIMA,COLIMA,06 002 09 0088,22-mar.-19,"PSICOTROPICOS FRACCIONES II Y III, HEMODERIVADOS, VACUNAS, 
TOXOIDES Y SUEROS Y ANTITOXINAS DE ORIGEN ANIMAL"
FARMACIA  ECHAURI,FARMACIA,CARRETERA SANTIAGO KM. 9.7 SIN NÚMERO,SALAGUA,28218,MANZANILLO,COLIMA,06 007 09 0012,15-feb.-19,"PSICOTROPICOS FRACCIONES II Y III, HEMODERIVADOS, VACUNAS, 
TOXOIDES Y SUEROS Y ANTITOXINAS DE ORIGEN ANIMAL"
SINERGÍA IMPACTO EMPRESARIAL S.A. DE C.V.,BOTICA,AVENIDA IGNACIO SANDOVAL NO. 1699 S-1,LOS GIRASOLES,28018,COLIMA,COLIMA,06 002 10 0015,15-feb.-19,"ESTUPEFACIENTES FRACCIÓN I, PSICOTROPICOS FRACCIONES II Y III, 
VACUNAS, TOXOIDES, SUEROS Y ANTITOXINAS DE ORIGEN ANIMAL Y 
HEMODERIVADOS."