PROPIETARIO,ESTABLECIMIENTO,GIRO,CALLE,COLONIA,"CODIGO 
POSTAL",MUNICIPIO O DELEGACION,ENTIDAD,No. LICENCIA,"FECHA 
EXPEDICION","LINEAS DE 
COMERCIALIZACION"
GARCIA MONTIEL HUMBERTO,GARCIA MONTIEL HUMBERTO,FARMACIA,ALTAMIRANO NO. 14,CENTRO,,ACTOPAN,HIDALGO,13003090001,02/05/2002,"AUTORIZADAS 
I,II"
MENDIA OLMEDO IVAN FIDEL,MENDIA,FARMACIA,ALLENDE NO. 903,CENTRO,,PACHUCA,HIDALGO,13048090001,16/05/2002,"I,II"
SANCHEZ HERNANDEZ NANCY CECILIA,SANCHEZ HERNANDEZ NANCY CECILIA,FARMACIA,AV. DEL TEZONTLE S/N,EL TEZONTLE,,PACHUCA,HIDALGO,13048090002,16/05/2002,"I,II"
CHAVEZ BUSTOS DAMASO,FARMACIA CON DIOS,FARMACIA,AV. CONSTITUYENTES NO. 1432,FRACC. CONSTITUCION,,PACHUCA,HIDALGO,13048090003,16/05/2002,"I,II"
GARCIA LOPEZ ANA MARIA,FARMACIA SANTA ANA,FARMACIA,ARISTA NO. 330,NUEVA FCO. I. MADERO,,PACHUCA,HIDALGO,13048090004,16/05/2002,"I,II,III"
DE LA CAJICA ARELLANO JORGE,FARMACIA DESCUENTO NUESTRA SEÑORA DE LA LUZ,FARMACIA,PAUL HARRIS NO. 107,REAL DE MINAS,,PACHUCA,HIDALGO,13048090005,16/05/2002,"I,II"
DE LA CAJICA ARELLANO JORGE ALBERTO,FARMACIA DE DESCUENTO PIRACANTOS,FARMACIA,AV. PIRACANTOS M - J L-3,PIRACANTOS,,PACHUCA,HIDALGO,13048090006,16/05/2002,"I,II"
CAREI S.A. DE C.V.,FARMACIA DE DESCUENTO SAN JOSE,FARMACIA,TOLTECAS NO. 105 LOCAL 3,AQUILES SERDAN,,PACHUCA,HIDALGO,13048090007,16/05/2002,"I,II"
CAREI S.A. DE C.V.,FARMACIA DESCUENTO JORGE'S,FARMACIA,EMILIANO ZAPATA NO. 168,ROJO GOMEZ,,PACHUCA,HIDALGO,13048090008,16/05/2002,"I,II"
GARCIA LOPEZ MIRNA,FARMACIA SANTA ANA,FARMACIA,ARISTA NO. 330,CENTRO,,PACHUCA,HIDALGO,13048090009,16/05/2002,"I,II"
ARELLANO MENESES GASPAR,FARMACIA NUEVA PRINCIPAL,FARMACIA,REFORMA NO. 94,CESPEDES,,PACHUCA,HIDALGO,13048090010,16/05/2002,"I,II"
MENESES ORTIZ ALICIA,FARMACIA SAN CARLOS,FARMACIA,CALZADA DE VERACRUZ NO. 100,CUAUHTEMOC,,PACHUCA,HIDALGO,13048090011,16/05/2002,"I,II"
ARELLANO MENESES MA. DEL CARMEN,FARMADESCUENTO ARELLANO,FARMACIA,GUERRERO NO. 1208-A,CENTRO,,PACHUCA,HIDALGO,13048090012,16/05/2002,"I,II"
INSTITUTO MEXICANO DEL SEGURO SOCIAL,HOSPITAL GENERAL DE ZONA MEDICINA FAMILIAR 1,FARMACIA,PROLONGACION AV. MADERO NO. 405,DOCTORES,,PACHUCA,HIDALGO,13048090014,24/04/2015,"I,II"
CLINICA MEDICA P/CONTROL DE OBESIDAD S.C.,CLINICA MEDICA P/CONTROL DE OBESIDAD S.C.,FARMACIA,"EXPLANADA TEATRO SAN FRANCISCO 
S/N","EXHACIENDA DE 
GUADALUPE",,PACHUCA,HIDALGO,13048090015,16/05/2002,"I,II"
SERVICIOS DE SALUD DE HIDALGO,FARMACIA DEL HOSPITAL GENERAL DE PACHUCA,FARMACIA,"CARRETERA PACHUCA-TULANCINGO 
NO. 101-A",CD. DE LOS NIÑOS,,PACHUCA,HIDALGO,13048090016,16/05/2002,"I,II,III"
AGUILERA CHAVEZ LIDIA,SIN DENOMINACION,FARMACIA,CD. DE LOS NIÑOS NO. 300,CD. DE LOS NIÑOS,,PACHUCA,HIDALGO,13048090017,16/05/2002,"I,II"
ORTIZ GUERRERO SANTOS,FARMACIA SIGLO XXI,FARMACIA,AV. MADERO NO. 406 L A1,PERIODISTAS,,PACHUCA,HIDALGO,13048090018,16/05/2002,"I,II,III"
TIENDAS SORIANA S.A. DE C.V.,FARMACIA SÍMBOLO,FARMACIA,LUIS DONALDO COLOSIO NO. 1501,VENTA PRIETA,42086,PACHUCA,HIDALGO,13048090021,05/02/2019,"II,III"
RODRIGUEZ ORTEGA ANNA CATALINA,FARMACIA CENTRO MEDICO PRIVADO,FARMACIA,JOSE IBARRA OLIVARES NO. 105-A,CENTRO,,PACHUCA,HIDALGO,13048090022,16/05/2002,"I,II"
SISTEMA INTEGRAL DE TIENDAS Y FARMACIAS,ISSSSTE FARMACIA NO. 13,FARMACIA,"AV. REVOLUCION ESQ. ADRIAN 
GUERRERO DIAZ S/N",PERIODISTAS,,PACHUCA,HIDALGO,13048090026,16/05/2002,"I,II"
CHAVEZ BAHENA SANDRA DEL CARMEN,FARMACIA EL PASTILLERO DE PACHUCA,FARMACIA,LEANDRO VALLE NO. 106,CENTRO,,PACHUCA,HIDALGO,13048090027,16/05/2002,"I,II"
GALVEZ AGUILAR EVA,BANKO DE KILOS,FARMACIA,AV. REVOLUCION NO. 504,PERIODISTAS,,PACHUCA,HIDALGO,13048090031,16/05/2002,"II,III"
SAENZ MOLINA BLANCA,FARMACIA SAN JAVIER,FARMACIA,BLVD. VALLE DE SAN JAVIER NO. 119,SAN JAVIER,,PACHUCA,HIDALGO,13048090032,16/05/2002,"I,II"
COMERCIAL EN VINOS Y ABARROTES DE TULA,WINE & SPIRIT INTERNATIONAL WHOLE SALE MART,FARMACIA,AV. JUAREZ NO. 599,PERIODISTAS,,PACHUCA,HIDALGO,13048090033,16/05/2002,"I,II,III"
ORTIZ GUERRERO SANTOS,FARMACIA SIGLO XXI,FARMACIA,AV. MADERO NO. 406 L A1,PERIODISTAS,,PACHUCA,HIDALGO,13048090034,16/05/2002,"I,II"
"CARDIMP, S.A. DE C.V.","CARDIMP, S.A. DE C.V.",FARMACIA,BLVD. PACHUCA-TULANCINGO NO. 98,FELIPE ANGELES,,PACHUCA,HIDALGO,13048090037,16/05/2002,"I,II,III"
CAREI S.A. DE C.V.,FARMA DESCUENTO SAM,FARMACIA,AV. SOLIDARIDAD NO. 1401,PIRACANTOS,,PACHUCA,HIDALGO,13048090038,16/05/2002,"I,II,III"
INSTITUTO MEXICANO DEL SEGURO SOCIAL,INSTITUTO MEXICANO DEL SEGURO SOCIAL (ALMACEN DELEGACIONAL),FARMACIA,"CARR. PACHUCA LAS BOMBAS LA PAZ 
NO 402",FRACC. LA PAZ,,PACHUCA,HIDALGO,13048090040,16/05/2002,"I,II"
CANO VERA LOURDES LUISA FERNANDA,FARMACIA SAN MIGUEL,FARMACIA,12 DE OCTUBRE NO. 201,MAESTRANZA,,PACHUCA,HIDALGO,13048090041,16/05/2002,"I,II"
"MYD, S.A. DE C.V.",FARMACIA LA CRUZ BLANCA,FARMACIA,HIDALGO NO. 102-C,CENTRO,,PACHUCA,HIDALGO,13048090044,16/05/2002,"I,II,III"
CANO VEREA LOURDES LUISA FERNANDA,FARMACIA SAN MIGUEL,FARMACIA,AV. DEL ROBLE NO. 100,VILLAS DEL ALAMO,,PACHUQUILLA,HIDALGO,13051090001,16/05/2002,"II,III"
SERVICIOS DE SALUD DE HIDALGO,FARMACIA HOSPITAL GENERAL DE ACTOPAN,FARMACIA,CARLOS MAYORGA NO. 55,CHAPULTEPEC,42500,ACTOPAN,HIDALGO,13003090005,17/05/2002,"I,II Y III"
FLORES BULOS JANNET,FARMACIA ISABEL,FARMACIA,PLAZA JUAREZ NO. 11,CENTRO,,ACTOPAN,HIDALGO,13003090006,17/05/2002,"I,II"
SANTILLAN REYES EMMA,SANTILLAN REYES EMMA,FARMACIA,"CARR. MEXICO LAREDO ESQ. 
ZARAGOZA S/N",,,ACTOPAN,HIDALGO,13003090008,17/05/2002,"I,II,III"
BALMACEDA PEREZ JUAN CARLOS,FARMACIA CENTRAL,FARMACIA,MORELOS PTE. NO. 2,CENTRO,,APAN,HIDALGO,13008090001,17/05/2002,"I,II"
DURAN MANZO KARINA,FARMACIA SANTA ANA,FARMACIA,REFORMA SUR NO. 4,CENTRO,,APAN,HIDALGO,13008090003,17/05/2002,"I,II"
GUTIERREZ VELAZQUEZ ARTURO,FARMACIA ABC,FARMACIA,GUERRERO SUR NO. 25,CENTRO,,APAN,HIDALGO,13008090004,17/05/2002,"I,II"
IBARRA AJEN EVODIA MARTHA,FARMACIA AZTECA,FARMACIA,AMPLIACION CORREGIDORA NO. 24,LOMA BONITA,,EMILIANO ZAPATA,HIDALGO,13021090002,17/05/2002,"I,II,III"
GONZALEZ CAMACHO AVELINA,FARMACIA RAGIR,FARMACIA,AV. HIDALGO S/N,TEPATEPEC,,FRANCISCO I. MADERO,HIDALGO,13023090001,17/05/2002,"II,III"
DEL ANGEL LARA MARIBEL,FARMACIA BET-EL,FARMACIA,MELCHOR OCAMPO NO. 3,BENITO JUAREZ,43000,HUEJUTLA DE REYES,HIDALGO,13028090001,11/02/2019,"II,III"
BADILLO RAMIREZ LAURA,FARMACIA SAN FRANCISCO,FARMACIA,NUEVO LEON S/N,SANTA IRENE,,HUEJUTLA DE REYES,HIDALGO,13028090002,17/05/2002,"II,III"
BADILLO RAMIREZ LAURA,FARMACIA SAN FRANCISCO,FARMACIA,"PLAZA DE LA REVOLUCION MEXICANA 
S/N",CENTRO,,HUEJUTLA DE REYES,HIDALGO,13028090003,17/05/2002,"I,II"
BADILLO RAMIREZ LAURA,FARMACIA SAN FRANCISCO,FARMACIA,CUAUHTEMOC NO. 1,CENTRO,,HUEJUTLA DE REYES,HIDALGO,13028090004,17/05/2002,"I,II"
INSTITUTO MEXICANO DEL SEGURO SOCIAL,HOSPITAL RURAL 21 HUEJUTLA IMSS OPORTUNIDADES,FARMACIA,CARR. MEXICO - TAMPICO KM. 214,LA LOMITA,,HUEJUTLA DE REYES,HIDALGO,13028090005,17/05/2002,"I,II"
BADILLO OLVERA PRIMO,BOTICA GABY,FARMACIA,MORELOS NO. 27,CENTRO,,HUEJUTLA DE REYES,HIDALGO,13028090006,17/05/2002,"I,II"
RIVERA VILLEGAS JUANA DEL ROSARIO,SAN JORGE,FARMACIA,VELAZQUEZ IBARRA NO. 12,CENTRO,,HUEJUTLA DE REYES,HIDALGO,13028090008,17/05/2002,"I,II,III"
ALVARADO GARCIA GERARDO GABRIEL,FARMACIA SANTA BARBARA,FARMACIA,ROJO LUGO Y 16 DE ENERO S/N,,,HUICHAPAN,HIDALGO,13029090004,17/05/2002,"I,II,III"
SALAS JIMENEZ MARIA ELENA,FARMACIA SR.DE JALPAN,FARMACIA,DR. JESUS DEL ROSAL NO. 27,CENTRO,,IXMIQUILPAN,HIDALGO,13030090001,17/05/2002,"I,II"
INSTITUTO MEXICANO DEL SEGUERO SOCIAL,HOSPITAL RURAL SOLIDARIDAD SOCIAL NO. 30,FARMACIA,CALE ÑEZU S/N,VALLE DE SAN JAVIER,,IXMIQUILPAN,HIDALGO,13030090002,17/05/2002,"II,III"
DE LA GARZA URIBE MARIA DEL CARMEN,FARMACIA DEL VALLE,FARMACIA,AV. HEROES DE CHAPULTEPEC NO. 26,CENTRO,,IXMIQUILPAN,HIDALGO,13030090005,17/05/2002,"I,II,III"
GOMEZ PONCE HERMINA,FARMACIA HIDALGO,FARMACIA,PLAZA JUAREZ NO. 11,CENTRO,,IXMIQUILPAN,HIDALGO,13030090006,17/05/2002,"I,II"
SERVICIOS DE SALUD DE HIDALGO,FARMACIA HOSPITAL INTEGRAL JACALA,FARMACIA,JUVENTINO ROSAS S/N,BARRIO EL CERRITO,,JACALA DE LEDEZMA,HIDALGO,13031090001,19/12/2016,"I,II, III"
INSTITUTO MEXICANO DEL SEGURO SOCIAL,HOSPITAL RURAL SOLIDADRIDAD NO. 23,FARMACIA,"CARR. TULANCINGO - 
HUAYACOCOTLA S/N",,,METEPEC,HIDALGO,13035090001,17/05/2002,"I,II"
MORA POSADA GUSTAVO,FARMACIA DE LA VEGA,FARMACIA,AV. ISACC PEÑA GUSTAVO,METZTITLAN,,METZTITLAN,HIDALGO,13037090001,17/05/2002,"I,II"
MORALES BELTRAN HILDA,FARMACIA HILDA,FARMACIA,GUADALUPE VICTORIA NO. 4-A,CENTRO,,MIXQUIAHUALA DE JUAREZ,HIDALGO,13041090001,17/05/2002,"I,II"
INSTITUTO MEXICANO DEL SEGURO SOCIAL,INSTITUTO MEXICANO DEL SEGURO SOCIAL,FARMACIA,CARR. TLAXCOPAN DOXEY,EDUCACION,,TLAXCOAPAN,HIDALGO,13044090003,17/05/2002,"II,III"
PAULIN CRUZ SANTA,FARMACIA HUMANA,FARMACIA,TITO ESTRADA NO. 6,CENTRO,,PROGRESO DE OBREGON,HIDALGO,13050090001,17/05/2002,"I,II,III"
LOPEZ MONROY J. ISABEL,FARMACIA EDITH,FARMACIA,NIÑOS HEROES S/N,,,SAN AGUSTIN TLAXIACA,HIDALGO,13052090001,17/05/2002,"I,II"
SERVICIOS DE SALUD DE HIDALGO,HOSPITAL REGIONAL OTOMI-TEPEHUA,FARMACIA,"CARR. TULANCINGO-SAN BARTOLO 
S/N",MAGDALENA,,SAN BARTOLO TUTOTEPEC,HIDALGO,13053090001,17/05/2002,"I,II,III"
SANCHEZ MERA HORIETA,FARMACIA SAN MARTIN,FARMACIA,AV. REVOLUCION NO. 12,CENTRO,,SINGUILICAN,HIDALGO,13057090001,17/05/2002,"I,II"
SANCHEZ MERA HORIETA JUANA,FARMACIA SAN MARTIN,FARMACIA,INSURGENTES NO. 3,CENTRO,,SINGUILUCAN,HIDALGO,13057090002,17/05/2002,"I,II"
LABORATORIOS ROLDAN S.A. DE C.V.,FARMACIA ROLDAN,FARMACIA,NICOLAS BRAVO NO. 20,DINA,,CD. SAHAGUN,HIDALGO,13061090001,17/05/2002,"II,III"
VIORNERY ISLAS RAMIRO DE JESUS,FARMACIA KARDYL,FARMACIA,"AV. FERNANDO DE ALBA 
IXTLIXOCHITL S/N",CD. SAHAGUN,,CD. SAHAGUN,HIDALGO,13061090002,17/05/2002,"II,III"
HERNANDEZ CASTRO MATILDE,FARMACIA JARDIN,FARMACIA,MELCHOR OCAMPO NO. 12,SAN MATEO,,TEPEJI DEL RIO DE OCAMPO,HIDALGO,13063090001,17/05/2002,"I,II,III"
INSTITUTO MEXICANO DEL SEGURO SOCIAL,HOSPITAL GENERAL DE ZONA DE MEDICINA FAMILIAR NO. 6,FARMACIA,MELCHOR OCAMPO NO. 31,CENTRO,42850,TEPEJI DEL RIO DE OCAMPO,HIDALGO,13063090002,23/05/2018,"I,II,III"
LEYVA HERNANDEZ JUAN GABRIEL,FARMACIA EL PASTILLERO,FARMACIA,REVOLUCION MEXICANA NO. 24,EL EDEN,,TEPEJI DEL RIO DE OCAMPO,HIDALGO,13063090004,17/05/2002,"II,III"
VAZQUEZ GONZALEZ ELSA DOLORES,FARMACIA SAN PEDRO,FARMACIA,16 DE SEPTIEMBRE NO. 15 - C,CENTRO,,VILLA DE TEZONTEPEC,HIDALGO,13066090001,17/05/2002,"II,III"
PORRAS CORNEJO VICENTE,FARMACIA DE DIOS,FARMACIA,INSURGENTES S/N,CENTRO,,TEZONTEPEC DE ALDAMA,HIDALGO,13067090001,17/05/2002,"I,II,III"
BRAVO MENDOZA YOLANDA,FARMACIA DE JESUS,FARMACIA,AV. 16 DE ENERO NO. 23-A,CUAUHTEMOC,,TLAHUELILPAN,HIDALGO,13070090001,17/05/2002,"II,III"
HERNANDEZ TREJO DIANA ANGELICA,DIANA ANGELICA HERNANDEZ TREJO,FARMACIA,REFORMA NO. 73,,,TLAXCOAPAN,HIDALGO,13074090001,17/05/2002,"I,II,III"
CENTRO COMERCIAL CRUZ AZUL S.A. DE C.V.,CENTRO COMERCIAL CRUZ AZUL S.A. DE C.V.,FARMACIA,BLVD. COOPERATIVISMO NO. 1,CRUZ AZUL,,TULA DE ALLENDE,HIDALGO,13076090001,17/05/2002,"I,II"
SUPER COMERCIAL GARRIDO HNOS. S.A.,EN UN 2 X 3,FARMACIA,MORELOS NO. 117,CENTRO,,TULA DE ALLENDE,HIDALGO,13076090002,17/05/2002,"I,II"
SUPER COMERCIAL GARRIDO HNOS. S.A.,SUPER COMERCIAL GARRIDO HNOS. S.A.,FARMACIA,5 DE MAYO NO. 13,CENTRO,,TULA DE ALLENDE,HIDALGO,13076090003,17/05/2002,"I,II,III"
MARQUEZ ISLAS YOLANDA,FARMACIA TULA,FARMACIA,5 DE FEBRERO NO. 209,CENTRO,,TULA DE ALLENDE,HIDALGO,13076090006,17/05/2002,"I,II,III"
SUPER COMERCIAL GARRIDO HNOS. S.A.,WINE & SPIRIT SUPER MARKET,FARMACIA,PROLONGACION ZARAGOZA NO. 4,CENTRO,,TULA DE ALLENDE,HIDALGO,13076090007,17/05/2002,"I,II,III"
OCAMPO VARGAS RAFAEL,FARMACIA TULA,FARMACIA,"MANUEL ROJO DEL RIO Y 5 DE 
FEBRERO S/N",CENTRO,,TULA DE ALLENDE,HIDALGO,13076090011,17/05/2002,"I,II"
NUEVA WAL MART DE MEXICO S. DE R.L. DE C.V.,FARMACIA BODEGA AURRERA,FARMACIA,CALLEJON DE LA CRUZ NO. 100,EL SALITRE,,TULA DE ALLENDE,HIDALGO,13076090012,17/05/2002,"I,II,III"
CLINICA CUAUTEPEC S.A. DE C.V.,CLINICA CUAUTEPEC S.A. DE C.V.,FARMACIA,PROGRESO NO. 98,SANTA MARTHA,,TULANCINGO DE BRAVO,HIDALGO,13077090001,17/05/2002,"I,II"
HOSPITAL Y SERVICIOS MEDICOS DE TULANCINGO,HOSPITAL Y SERVICIOS MEDICOS DE TULANCINGO S.A. DE C.V.,FARMACIA,MORELOS ORIENTE NO. 102,CENTRO,,TULANCINGO DE BRAVO,HIDALGO,13077090002,17/05/2002,"I,II,III"
GONZALEZ MOTA ABRAHAM,FARMACIA DEL VALLE,FARMACIA,21 DE MARZO NORTE NO. 800,CENTRO,,TULANCINGO DE BRAVO,HIDALGO,13077090005,17/05/2002,"I,II"
CHAVEZ BAHENA SANDRA DEL CARMEN,FARMACIA EL PASTILLERO DE TULANCINGO,FARMACIA,JUAREZ SUR NO. 204,CENTRO,,TULANCINGO DE BRAVO,HIDALGO,13077090007,17/05/2002,"I,II,III"
MARTINEZ MEDINA EDUARDO,FARMACIA MERIDA,FARMACIA,21 DE MARZO SUR NO. 128,CENTRO,,TULANCINGO DE BRAVO,HIDALGO,13077090008,17/05/2002,"I,II,III"
GARCIA CHAVEZ MARIA,FARMACIA AHORRO,FARMACIA,MANUEL FERNANDO SOTO NO. 210-B,CENTRO,,TULANCINGO DE BRAVO,HIDALGO,13077090009,17/05/2002,"I,II,III"
FARMACIAS DEL VALLE DE TULANCINGO S.A DE C.V.,FARMACIAS DEL VALLE DE TULANCINGO S.A DE C.V.,FARMACIA,AV. 21 DE MARZO NTE. NO. 800,INSURGENTES,,TULANCINGO DE BRAVO,HIDALGO,13077090012,17/05/2002,"I,II,III"
FARMACIAS DEL VALLE DE TULANCINGO S.A DE C.V.,FARMACIAS DEL VALLE DE TULANCINGO S.A DE C.V.,FARMACIA,AV. BENITO JUAREZ NO. 807,CENTRO,,TULANCINGO DE BRAVO,HIDALGO,13077090013,17/05/2002,"I,II,III"
GOMEZ REYES ROSA,FARMACIA JUAREZ,FARMACIA,JUAREZ NORTE NO. 615,CENTRO,,TULANCINGO DE BRAVO,HIDALGO,13077090015,17/05/2002,"I,II,III"
INSTITUTO MEXICANO DEL SEGURO SOCIAL,FARMACIA DEL HOSPITAL GENERAL ZONA MEDICA FAM 2,FARMACIA,"CARR. MEXICO TUXPAN S/N ESQ. 
PROLONGACION GUERRERO",CENTRO,,TULANCINGO DE BRAVO,HIDALGO,13077090017,17/05/2002,"I,II,III"
INSTITUTO MEXICANO DEL SEGURO SOCIAL,HOSPITAL RURAL DE SOLIDARIDAD NO. 22,FARMACIA,OCAMPO S/N ESQ. MOCTEZUMA,CHILILIAPA,,ZACUALTIPAN DE LOS ANGELES,HIDALGO,13081090001,17/05/2002,"I,III"
OLIVERA PALMAS LUCIA,FARMACIA HIDALGO,FARMACIA,RIVA PALACIO NO. 7,CENTRO,,ZIMAPAN,HIDALGO,13084090002,17/05/2002,"I,II"
ANGELES GOMEZ ALINA,FARMACIAS DE GRAN DESCUENTO,FARMACIA,CALOS MAYORGA NO. 76,CHAPULTEPEC,,ACTOPAN,HIDALGO,13003090010,27/05/2002,"I,II,III"
PALOMO OLIVARES MIGUEL ANGEL,FARMACIA SAN AGUSTIN,FARMACIA,AV. JUAREZ NO. 304,CENTRO,,PACHUCA,HIDALGO,13048090057,27/05/2002,"I,II,III"
SANBORN HERMANOS S.A.,SANBORN HERMANOS S.A.,FARMACIA,BLVD. EVERARDO MARQUEZ NO. 100,PERIODISTAS,,PACHUCA,HIDALGO,13048090059,31/05/2002,"I,II,III"
VAZQUEZ GONZALEZ SALVADOR,FARMACIA MATERIAL DE CURACION ANEST. EQUIPO MEDICO,FARMACIA,CERRADA DE RAYON NO. 5,CENTRO,,ACTOPAN,HIDALGO,13003090011,07/06/2002,"I,II,III"
"HOSPITAL GENERAL ""A"" DE PACHUCA","HOSPITAL GENERAL ""A"" DE PACHUCA",FARMACIA,"CARR. PACHUCA - TULANCINGO NO. 
101-0A",CD. DE LOS NIÑOS,,PACHUCA,HIDALGO,13048090061,07/06/2002,"I,II,III"
HUESCA AGUILAR AURELIO,HUESCA AGUILAR AURELIO,FARMACIA,CIRCUITO PLAN DE LA NORIA NO. 113,CONSTITUCION,,PACHUCA,HIDALGO,13048090063,07/06/2002,"I,II,III"
INSTITUTO MEXICANO DEL SEGURO SOCIAL,INSTITUTO MEXICANO DEL SEGURO SOCIAL,FARMACIA,MELCHOR OCAMPO NO. 106,CENTRO,,TULA DE ALLENDE,HIDALGO,13076090015,07/06/2002,"I,II,III"
"HOSPITAL GENERAL DE ZONA CON MEDICINA FAMILIAR 
NO. 5",INSTITUTO MEXICANO DEL SEGURO SOCIAL,FARMACIA,MELCHOR OCAMPO NO. 106,CENTRO,,TULA DE ALLENDE,HIDALGO,13076090018,07/06/2002,"I,II,III"
SERVICIOS DE SALUD DE HIDALGO,ALAMACEN GENERAL DE LOS SERVICIOS DE SALUD DE HIDALGO,FARMACIA,"AV. CONSTITUYENTES Y CIRCUITO 
GOBERNADORES",,,PACHUCA,HIDALGO,13048090065,20/06/2002,"I,II,III"
FARMACIA TRUJILLO S.A DE C.V.,FARMACIA JUAREZ,FARMACIA,GENENERAL CORONA NO. 4,CENTRO,,ZIMAPAN,HIDALGO,13084090006,01/07/2002,"I,II,III"
ZARCO FRAGOSO OSCAR JAVIER,FARMAKOLOR,FARMACIA,HIDALGO NO. 100-D,CENTRO,,PACHUCA,HIDALGO,13048090067,14/08/2002,"I,II,III"
GOMEZ TELLO MIRIAM,FARMACIA HIDALGO,FARMACIA,"ZONA COMERCIAL 1 LOCAL 5 PASEO 
TORIBIO DE BENAVENTE",CARROS,,TEPEAPULCO,HIDALGO,13061090005,15/08/2002,"I,II"
FARMACIA MEDICA DE ESPECIALIDADES S.A. DE C.V.,FARMACIA MEDICA DE ESPECIALIDADES S.A. DE C.V.,FARMACIA,CARR. PACHUCA TULANCINGO S/N,CD. DE LOS NIÑOS,,PACHUCA,HIDALGO,13048090069,04/09/2002,"I,II,III"
"SOCIEDAD ESPAÑOLA DE BENEFICENCIA, A.C.","FARMACIA DE LA SOCIEDAD ESPAÑOLA DE BENEFICENCIA, A.C.",FARMACIA,AV. JUAREZ NO. 908,LA VILLITA,,PACHUCA,HIDALGO,13048090070,24/07/2017,"I,II,III, V,T,S,A,H"
LOEZA BARROSO SULLY,FARMACIA FARMASUR,FARMACIA,AV. JUAREZ NORTE NO. 700-3,CENTRO,,TULANCINGO DE BRAVO,HIDALGO,13077090021,10/09/2002,"I,II,III"
NUEVA WAL MART DE MEXICO S.A. DE C.V.,FARMACIA AURRERA SUCURSAL TULANCINGO,FARMACIA,BLVD. EMILIANO ZAPATA NO. 218,NUEVA MORELOS,,TULANCINGO DE BRAVO,HIDALGO,13077090022,06/10/2016,"II,III, V,T,S,A,H"
PEREZ RAMIREZ VICTOR HUGO,FARMACIA SAN JOSE,FARMACIA,PROLG. REVOLUCION S/N,VALLE VERDE,,ATLAPEXCO,HIDALGO,13011090001,26/09/2002,"I,II,III"
NUEVA WAL MART DE  MEXICO DE RL DE C.V.,FARMACIA BODEGA,FARMACIA,NUEVO HIDALGO NO. 509,COLONIAS,,PACHUCA,HIDALGO,13048090071,07/10/2002,"I,II,III"
OJEDA ORTIZ ALFONSO JORGE,FARMACIA J&R SUCURSAL JUAREZ,FARMACIA,AVENIDA JUAREZ NO. 902-A,CENTRO,,PACHUCA,HIDALGO,13048090072,14/11/2002,"I,II,III"
CLINICA DE MEDICINA FAMILIAR E+R11,FARMACIA I.S.S.S.T.E.,FARMACIA,JOHANES BRAHAMS S/N,JARDINES DEL SUR,,TULANCINGO DE BRAVO,HIDALGO,13077090023,27/11/2002,"I,II,III"
CLINICA Y FARMACIA HUEJUTLA S.A.,CLINICA Y FARMACIA HUEJUTLA S.A.,FARMACIA,JUAN MOGICA UGALDE NO. 11-B,CENTRO,,HUEJUTLA DE REYES,HIDALGO,13028090010,03/12/2002,"I,II,III"
SUPER Y FARMACIAS EL NIÑO DOCTOR S.A. DE C.V.,FARMACIA EL NIÑO DOCTOR,FARMACIA,AV. HIDALGO NO. 5-A,CENTRO,,SAN FELIPE ORIZATLAN,HIDALGO,13046090004,05/12/2002,"I,II"
SERVICIOS DE SALUD DE HIDALGO,HOSPITAL INTEGRAL CINTA LARGA,FARMACIA,"CARRETERA MIXQUIAHUALA-TULA 
KM. 2.8",CINTA LARGA,42700,MIXQUIAHUALA DE JUAREZ,HIDALGO,13041090002,30/11/2018,"I,II,III"
"ASOCIACION MEXICANA PARA LA INVESTIGACION 
CLINICA A.C.",ASOCIACION MEXICANA PARA LA INVESTIGACION CLINICA A.C.,FARMACIA,CUMBRES NO. 107,CD. DE LOS NIÑOS,,PACHUCA,HIDALGO,13048090074,09/01/2003,"I,II,III"
BURGOS MARTINEZ DOLORES,FARMACIA SAN JOSE,FARMACIA,MELCHOR OCAMPO NO. 6,SAN MATEO 1A. SECC.,,TEPEJI DEL RIO DE OCAMPO,HIDALGO,13063090007,10/03/2003,"II,III"
BURGOS MARTINEZ DOLORES,FARMACIA SAN JOSE,FARMACIA,5 DE FEBRERO NO. 1,CENTRO,,TULA DE ALLENDE,HIDALGO,13076090020,10/03/2003,"I,II,III"
BURGOS MARTINEZ DOLORES,FARMACIA SAN JOSE,FARMACIA,5 DE MAYO NO. 15-B,CENTRO,,TULA DE ALLENDE,HIDALGO,13076090021,10/03/2003,"I,II,III"
ALBINO ASCENCIO FLORES,FARMACIA DE DIOS,FARMACIA,AV. JUAREZ NO. 95,CENTRO,,ATOTONILCO EL GRANDE,HIDALGO,13012090003,08/07/2016,"I,II,III"
MORENO LOPEZ ROBERTO,FARMACIA RM,FARMACIA,MATAMOROS NO. 517-D,CENTRO,,PACHUCA,HIDALGO,13048090076,28/03/2003,"I,II,III"
FARMACOS ESPECIALIZADOS S.A. DE C.V.,FARMACIA FARMACOS ESPECIALIZADOS S.A. DE C.V.,FARMACIA,MANUEL DUBLAN NO. 308,PERIODISTAS,42060,PACHUCA,HIDALGO,13048090077,18/04/2018,"I,II,III, B,T, S, A, V"
DE LA CAJICA ARELLANO JORGE,FARMA DESCUENTO NUESTRA SEÑORA DE LA LUZ,FARMACIA,"RAMIREZ ULLOA ESQ. GEA GONZALEZ 
NO. 401",DOCTORES,,PACHUCA,HIDALGO,13048090078,10/04/2003,"I,II,III"
NUEVA WAL MART DE  MEXICO DE RL DE C.V.,FARMACIA BODEGA,FARMACIA,BLVD. RAMON G. BONFIL NO. 1509,EL PALMAR 1,,PACHUCA,HIDALGO,13048090079,10/04/2003,"I,II,III"
IRMA ELENA MEJÍA GÓMEZ,FARMACIA SANTA ELENA,FARMACIA,AV. JUAREZ NORTE NO. 804,CENTRO,43600,TULANCINGO DE BRAVO,HIDALGO,13077090024,25/03/2014,"(I,II,III,V,T,S,A,H)"
AMADO ESCALONA ANGEL,FARMACIA DE DIOS,FARMACIA,AV. MELCHOR OCAMPO NO. 62,"AV. MELCHOR OCAMPO 
NO. 62",,TEPEJI DEL RIO DE OCAMPO,HIDALGO,13063090008,30/05/2003,"I,II,III"
QUIÑONES SILVA BEATRIZ DEL CARMEN,SUTI-PHARMA,FARMACIA,CARLOS MAYORGA NO. 76,CHAPULTEPEC,,ACTOPAN,HIDALGO,13003090013,16/06/2003,"I,II,III"
VAZQUEZ GONZALEZ ELSA DOLORES,FARMACIA SIMILARES,FARMACIA,AV. 16 DE SEPTIEMBRE NO.15-C,CENTRO,,VILLA DE TEZONTEPEC,HIDALGO,13066090002,16/06/2003,"I,II,III"
TIENDAS SORIANA S.A DE C.V.,TIENDAS COMERCIAL MEXICANA S.A. DE C.V.,FARMACIA,"BLVD. LUIS DONALDO COLOSIO NO. 
2003","EXHACIENDA DE 
COSCOTITLAN",42086,PACHUCA,HIDALGO,13048090082,09/01/2018,"I,II,III"
RODRIGUEZ NACASPACA MAURICIO ISRAEL,FARMACIA Y PERFUMERIA  JAIME,FARMACIA,CALZADA DE GUADALUPE NO. 1,CENTRO,,TECOZAUTLA,HIDALGO,13059090002,06/08/2003,"I,II,III"
RAMON GARCIA GARCIA,FARMACIA VICTORIA,FARMACIA,VICTORIA OTE. NO. 202-2,CENTRO,43600,TULANCINGO DE BRAVO,HIDALGO,13077090025,22/10/2015,"I,II,IIIV,T,S,A,H,DM"
ZARCO FRAGOSO TOMAS JUAN CARLOS,FARMAKOLOR,FARMACIA,HIDALGO NO. 100-D,CENTRO,,PACHUCA,HIDALGO,13048090084,04/09/2003,"I,II,III"
MEJIA NAVA LILIANA BERENICE,FARMACIA EL PASTILLERO DE TULANCINGO II,FARMACIA,MORELOS NO.323-A,CENTRO,,TULANCINGO DE BRAVO,HIDALGO,13077090026,04/09/2003,"I,II,III"
TIENDAS SORIANA S.A. DE C.V.,FARMACIA CITY CLUB,FARMACIA,BLVD. NUEVO HIDALGO NO. 202,"FRACC. PUERTA DE 
HIERRO",,PACHUCA,HIDALGO,13048090087,04/07/2018,"I,II,III, B,V,T,S,A,V"
POLI SALUD S.A. DE C.V.,HOSPITAL CENTRO MEDICO MARFIL,FARMACIA,"CARR. PACHUCA-TULANCINGO NO. 
106",ABUNDIO MARTINEZ,,MINERAL DE LA REFORMA,HIDALGO,13051090003,07/10/2003,"II,III"
QUINTOS LOZANO EVA,FARMACIA SANTA MARIA,FARMACIA,"CARR. PACHUCA - TULANCINGO KM 
7.5",CENTRO,,PACHUQUILLA,HIDALGO,13051090004,31/10/2003,"II,III"
"DISTRIBUIDORA Y COMEERCIALIZADORASERVIFARMA 
S.A. DE V.V.",DISTRIBUIDORA Y COMEERCIALIZADORASERVIFARMA S.A. DE V.V.,FARMACIA,GUERRERO SUR NO. 3 A,CENTRO,,APAN,HIDALGO,13008090006,13/11/2003,"I,II,III"
"DISTRIBUIDORA Y COMERCIALIZADORA SERVIFARMA, 
S.A. DE C.V.","DISTRIBUIDORA Y COMERCIALIZADORA SERVIFARMA, S.A. DE C.V.",FARMACIA,"MANUEL FERNANDO SOTO S/N ESQ. 
MIGUEL HIDALGO",CENTRO,,TULANCINGO DE BRAVO,HIDALGO,13077090028,17/11/2003,"I,II,III"
"HOSPITAL Y SERVICIOS MEDICOS DE TULANCINGO S.A. 
DE C.V.",HOSPITAL Y SERVICIOS MEDICOS DE TULANCINGO S.A. DE C.V.,FARMACIA,MORELOS ORIENTE NO. 104,CENTRO,,TULANCINGO DE BRAVO,HIDALGO,13077090029,31/10/2016,"I,II,III, B, H"
FARMACIA MEDICA DE ESPECIALIDADES S.A. DE C.V.,FARMACIA MEDICA DE ESPECIALIDADES S.A. DE C.V.,FARMACIA,AV. JUAREZ NO. 2-B,CENTRO,,HUEJUTLA DE REYES,HIDALGO,13028090011,02/12/2003,"I,II,III"
SERVICIOS DE SALUD DE HIDALGO,CENTRO DE SALUD RURAL DE CARDONAL,FARMACIA,PLAZA JUAREZ S/N,CENTRO,,CARDONAL,HIDALGO,13015090001,19/12/2003,"II,III"
SERVICIOS DE SALUD DE HIDALGO,CENTRO DE SALUD CHILCUAUTLA,FARMACIA,DOMICILIO CONOCIDO,CENTRO,,CHILCUAUTLA,HIDALGO,13019090001,19/12/2003,"II,III"
SERVICIOS DE SALUD DE HIDALGO,CENTRO DE SALUD RURAL DISPERSO DE NICOLAS FLORES,FARMACIA,DOMICILIO CONOCIDO,TAXDHO,,NICOLAS FLORES,HIDALGO,13043090001,19/12/2003,"II,III"
SERVICIOS DE SALUD DE HIDALGO,CENTRO DE SALUD DE TASQUILLO,FARMACIA,DOMICILIO CONOCIDO,CENTRO,,TASQUILLO,HIDALGO,13058090001,19/12/2003,"I,II,III"
SERVICIOS DE SALUD DE HIDALGO,CENTRO DE SALUD URBANO,FARMACIA,JAVIER MINA NO. 15,EL CARMEN,,IXMIQUILPAN,HIDALGO,13030090007,12/01/2004,"I,II,III"
TIENDAS SORIANA S.A. DE C.V.,FARMACIA SIMBOLO,FARMACIA,BLVD. DEL MINERO NO. 602,VENUSTIANO CARRANZA,,PACHUCA,HIDALGO,13048090094,26/01/2004,"I,II,III"
FARMACIA GUADALUPANA,FARMACIA GUADALUPANA,FARMACIA,AV. JUAREZ NORTE 10-A,CENTRO,,TIZAYUCA,HIDALGO,13069090007,26/01/2004,"II,III"
"MEDIWEPS, S.A. DE C.V.",FARMAPRONTO,FARMACIA,PRIMERO DE MAYO ORIENTE NO. 107,CENTRO,,TULANCINGO DE BRAVO,HIDALGO,13077090030,26/01/2004,"I,II,III"
"COMERCIALIZADORA FARMACEUTIETICA DE CHIAPAS, 
SAPI, CV.",FARMACIAS DEL AHORRO,FARMACIA,1o. DE MAYO NO. 106,CENTRO,,TULANCINGO DE BRAVO,HIDALGO,13077090031,19/12/2014,"II,III"
ARGUETA CAMACHO FEDERICO,CLINICA SANTA MONICA,FARMACIA,AV. HIDALGO NO. 6,SAN NICOLAS,,IXMIQUILPAN,HIDALGO,13030090008,17/02/2004,"I,II,III"
SERVICIOS DE SALUD DE HIDALGO,MODULO DE SALUD MENTAL ABRAHAN KANAN HABCHE,FARMACIA,"CERRADA DE FERNANDEZ DE LIZARDI 
NO. 900",NUEVA FCO. I. MADERO,,PACHUCA,HIDALGO,13048090098,19/02/2004,"I,II,III"
SERVICIOS DE SALUD DE HIDALGO,MODILO DE SALUD MENTAL MINERAL DE LA REFORMA,FARMACIA,VENUSTIANO CARRANZA NO. 7,CENTRO,,MINERAL DE LA REFORMA,HIDALGO,13051090005,19/02/2004,"II,III"
SERVICIOS DE SALUD DE HIDALGO,JURISDICCION SANITARIA NO. VI IXMIQUILPAN,FARMACIA,IGNACIO ALLENDE NO. 1,EL CORTIJO,,IXMIQUILPAN,HIDALGO,13030090009,04/03/2004,"I,II,III"
"TIENDAS SORIANA, S.A. C.V.",FARMACIA SORIANA,FARMACIA,BLVD. TULA - ITURBIDE NO. 118,EL SALITRE,,TULA DE ALLENDE,HIDALGO,13076090023,04/03/2004,"I,II,III"
CARRASCO ROMAN LUIS,FARMACIA CARRASCO,FARMACIA,AV. DE LAS FLORES NO. 7,CENTRO,,EPAZOYUCAN,HIDALGO,13022090001,29/04/2004,"II,III"
ZARCO FRAGOSO OSCAR JAVIER,FARMAKOLOR,FARMACIA,AV. HIDALGO NO. 1,CENTRO,,MINERAL DEL MONTE,HIDALGO,13039090001,29/04/2004,"I,II,III"
FARMACIAS GUADALAJARA S.A. DE C.V.,FARMACIAS GUADALAJARA S.A. DE C.V.,FARMACIA,ALLENDE NO. 110,CENTRO,,PACHUCA,HIDALGO,13048090100,24/05/2004,"I,II,III"
GARCIA PORRAS ALVARO,FARMASERVICIOS DE DIOS,FARMACIA,REPUBLICA DE URUGUAY S/N,CENTRO,,ATIOTONILCO DE TULA,HIDALGO,13013090001,01/06/2004,"II,III"
PORRAS CORNEJO ELVIRA,FARMASERVICIOS DE DIOS,FARMACIA,AV. JUAN ALDAMA NO. 7,CENTRO,,TEZONTEPEC DE ALDAMA,HIDALGO,13067090003,01/06/2004,"I,II,III"
AGUILAR LOPEZ MARLEN,FARMASERVICIOS DE DIOS,FARMACIA,AV. JUAREZ NO. 1-C,CENTRO,,TEPATEPEC,HIDALGO,13023090002,21/06/2004,"I,II,III"
"COMERCIALIZADORA PHARMACEUTICA DE CHIAPAS S.A. 
DE C.V.",FARMACIAS DEL AHORRO,FARMACIA,"CALZADA VALLE DE TULANCINGO NO. 
603 LOCAL 12 13 Y 14",VALLE DE SSAN JAVIER,,PACHUCA,HIDALGO,13048090104,02/08/2004,"II,III"
HERNANDEZ GONZALEZ LEO CESAR,FARMACIA MEDICA DE ESPECIALIDADES,FARMACIA,AV. BENITO JUAREZ NO. 120,CENTRO,,ATOTONILCO EL GRANDE,HIDALGO,13012090004,10/08/2004,"I,II,III"
DE LA CERA COBOS GUSTAVO ALFONSO,FARMACIA Y PERFUMERIA MARINA,FARMACIA,"MARIANO MATAMOROS NO. 25 LOCAL 
D",DINA,,CD. SAHAGUN,HIDALGO,13061090007,19/08/2004,"I,II,III"
MEDICA INTEGRAL MEXICO S.A. DE C.V.,FARMACIA MEDICA INTEGRAL MEXICO S.A. DE C.V.,FARMACIA,PROGRESO NO. 98,SANTA MARTHA,,CUAUTEPEC DE HINOJOSA,HIDALGO,13016090002,29/09/2004,"I,II,III"
"COMERCIALIZADORA DE FARMACERUTICA DE CHIAPAS 
SAPI DE C.V.",FARMACIAS DEL AHORRO,FARMACIA,AV. 21 DE MARZO SUR NO. 114,CENTRO,,TULANCINGO DE BRAVO,HIDALGO,13077090033,04/02/2015,"I,II,III, V,T,S,A,H"
DELGADO ARREDONDO MARIA INES,FARMACIA SANTA CECILIA,FARMACIA,NIÑOS HEROES NO. 12,ROJO GOMEZ,,HUEJUTLA DE REYES,HIDALGO,13028090012,09/11/2004,"I,II,III"
PEREZ RAMIREZ JESUS,FARMACIA CEMYD,FARMACIA,AV. ROJO GOMEZ NO. 26,5 DE MAYO,,HUEJUTLA DE REYES,HIDALGO,13028090013,09/11/2004,"I,II,III"
FARMACIA GUADALAJARA S.A. DE C.V.,FARMACIA GUADALAJARA S.A. DE C.V.,FARMACIA,MATAMOROS NO. 207,CENTRO,,PACHUCA,HIDALGO,13048090106,09/11/2004,"I,II,III"
MEDICINA FARMACEUTICA AL MAYOREO S.A. DE C.V.,FARMACIA SAN JOAQUIN,FARMACIA,MATAMOROS NO. 517-D,CENTRO,,PACHUCA,HIDALGO,13048090107,09/11/2004,"I,II,III"
GARCIA PORRAS ALVARO,FARMASERVICIOS DE DIOS,FARMACIA,FRANCISCO I. MADERO NO. 23,CENTRO,,TLAXCOAPAN,HIDALGO,13074090002,09/11/2004,"II,III"
"COMERCIALIZADORA DE FARMACOS DE ACTOPAN S.A. 
DE C.V.",COMERCIALIZADORA DE FARMACOS DE ACTOPAN S.A. DE C.V.,FARMACIA,VICENTE GUERRERO NO. 1,CENTRO,,ACTOPAN,HIDALGO,13003090015,22/11/2004,"I,II,III"
MEDICINA FARMACEUTICA AL MAYOREO S.A. DE C.V.,FARMACIA SAN JOAQUIN,FARMACIA,AV. DEL PALMAR LOTE 1 SECCION C,CONSTITUCION,,PACHUCA,HIDALGO,13048090108,01/12/2004,"I,II,III"
NUEVA WAL MART DE MEXICO S.A DE R.L. DE C.V.,MI BODEGA SAHAGUN,FARMACIA,CARLOS LAZO NO. 35,MIGUEL HIDALGO,,CD. SAHAGUN,HIDALGO,13061090008,01/12/2004,"II,III"
SOTO VIEYRA HERMINA,FARMACIA CRISTO REY,FARMACIA,RIVA PALACIO S/N,CENTRO,,ZIMAPAN,HIDALGO,13084090007,01/12/2004,"II,III"
MEDICINA FARMACEUTICA AL MAYOREO S.A. DE C.V.,FARMACIA SAN JOAQUIN,FARMACIA,AV. FRANCISCO I. MADERO NO. 500,REAL DE MINAS,,PACHUCA,HIDALGO,13048090109,02/12/2004,"I,II,III"
GUTIERREZ MARQUEZ JESUS,EL PASTILLERO,FARMACIA,AV. MELCHOR OCAMPO NO. 18-B,SAN MATEO 1A. SECC.,,TEPEJI DEL RIO DE OCAMPO,HIDALGO,13063090009,09/02/2005,"I,II,III"
VAZQUEZ ALARCON PATRICIA,FARMACIA GALVAC,FARMACIA,MONTE CAUCASO NO. 210,"LOMAS DE VISTA 
HERMOSA",,PACHUCA,HIDALGO,13048090113,16/02/2005,"I,II,III"
FARMACIA GUADALAJARA S.A. DE C.V.,FARMACIA GUADALAJARA S.A. DE C.V.,FARMACIA,BLVD. EL MINERO NO. 703,ROJO GOMEZ,,PACHUCA,HIDALGO,13048090114,16/02/2005,"I,II,III"
INSTITUTO MEXICANO DEL SEGURO SOCIAL,H.G.Z. Y M-F- NO. 8 CD. SAHAGUN HIDALGO,FARMACIA,"AV. CIRCUNVALACION Y PERIFERICO 
NORTE S/N",DINA,,TEPEAPULCO,HIDALGO,13061090004,21/02/2005,"II,III"
LOPEZ CALDERON RUBEN,FARMACIA BELEN 24 HRS.,FARMACIA,ALDAMA ESQ. REFORMA S/N,CENTRO,,APAN,HIDALGO,13008090007,15/03/2005,
ESPINOZA PICAZO EFREEN,FARMACIA SAN PABLO,FARMACIA,OCAMPO NORTE NO. 1,CENTRO,,APAN,HIDALGO,13008090002,16/03/2005,"I,II,III"
RODRIGUEZ MADRIGAL MISAEL,FARMACIA Y MINNISUPER GUADALUPANA,FARMACIA,AV. JUAREZ NTE. 10-A,PEDREGAL,,TIZAYUCA,HIDALGO,13069090008,22/03/2005,"I,II,III"
MARTINEZ SILVESTRE JESUS,FARMACIA SILVESTRE,FARMACIA,COMONFORT NO. 3-B,CENTRO,,ZIMAPAN,HIDALGO,13084090008,22/03/2005,"I,II,III"
INSTITUTO MEXICANO DEL SEGURO SOCIAL,IMSSS OPORTUNIDADES,FARMACIA,OCAMPO S/N ESQ. MOCTEZUMA,CHILILIAPA,,ZACUALTIPAN DE LOS ANGELES,HIDALGO,13081090002,23/03/2005,"I,II"
INSTITUTO MEXICANO DEL SEGURO SOCIAL,INSTITUTO MEXICANO DEL SEGURO SOCIAL,FARMACIA,PROLG. GUERRERO S/N,CENTRO,,TULANCINGO DE BRAVO,HIDALGO,13077090035,15/04/2005,"I,II,III"
"FARMACIA NIETO HERMANOS, S.A. DE C.V.","FARMACIA NIETO HERMANOS, S.A. DE C.V.",FARMACIA,IGNACIO COMONFORT NO. 6,EL EDEN,42850,TEPEJI DEL RIO DE OCAMPO,HIDALGO,13063090010,24/04/2013,"I,II,III, V,T,S,A,H"
"FARMACIA GUADALAJARA, S.A. DE C.V.","FARMACIA GUADALAJARA, S.A. DE C.V.",FARMACIA,21 DE MARZO NO. 607,CENTRO,,TULANCINGO DE BRAVO,HIDALGO,13077090036,12/05/2005,"I,II,III"
GARNICA HERNANDEZ IRENE,FARMACIA SANTA ANA,FARMACIA,AV. REFORMA S/N,PRADOS DEL NORTE,,ATLAPEXCO,HIDALGO,13011090002,23/05/2005,"I,II,III"
ANDRADE AMRTINEZ HECTOR MANUEL,FARMACIA TEPEYAC,FARMACIA,DR. GEA GONZALEZ NO. 7,CENTRO,,HUEJUTLA DE REYES,HIDALGO,13028090014,25/05/2005,"I,II,III"
GONZALEZ ISLAS LEONOR ISABEL,FARMACIA INTRAHOSPITALARIA SANATORIO SANTA MARIA,FARMACIA,AV. FRANCISCO I. MADERO NO. 403,"EXHACIENDA DE 
GUADALUPE",,PACHUCA,HIDALGO,13048090117,03/06/2005,"I,II,III"
INSTITUTO MEXICANO DEL SEGURO SOCIAL,UNIDAD DE MEDICINA FAMILIAR NO. 4,FARMACIA,MIGUEL HIDALGO NO. 107,CENTRO,,SANTIAGO TULANTEPEC,HIDALGO,13056090001,03/06/2005,"II,III"
CONTROLADORA DE FARMACIAS S.A DE C.V.,CONTROLADORA DE FARMACIAS S.A DE C.V. SUCURSAL ARROYO,FARMACIA,MANUEL FERNANDO SOTO NO. 204,CENTRO,,TULANCINGO DE BRAVO,HIDALGO,13077090004,21/06/2005,"I,II"
"CONTROLADORA DE FARMACIAS S.A.P.I., S.A DE C.V.",FARMACIA FARMATODO SUCURSAL ARROYO 1,FARMACIA,HIDALGO OTE. NO. 218,CENTRO,,TULANCINGO DE BRAVO,HIDALGO,13077090032,14/07/2014,"I,II,III"
INSTITUTO MEXICANO DEL SEGURO SOCIAL,UNIDAD DE MEDICINA FAMILIAR NO. 25,FARMACIA,BO. SAN FRANCISCO S/N,CENTRO,,MINERAL DEL MONTE,HIDALGO,13039090002,06/07/2005,"I,II,III"
INSTITUTO MEXICANO DEL SEGURO SOCIAL,INSTITUTO MEXICANO DEL SEGURO SOCIAL,FARMACIA,NICOLAS FLORES S/N,TIGRES MIXQUIAHUALA,,MIXQUIAHUALA DE JUAREZ,HIDALGO,13041090004,12/07/2005,"I,II,III"
INSTITUTO MEXICANO DEL SEGURO SOCIAL,INSTITUTO MEXICANO DEL SEGURO SOCIAL,FARMACIA,AV. CRUZ AZUL S/N,CRUZ AZUL,,TEPEJI DEL RIO DE OCAMPO,HIDALGO,13063090011,12/07/2005,"I,II,III"
INSTITUTO MEXICANO DEL SEGURO SOCIAL,INSTITUTO MEXICANO DEL SEGURO SOCIAL,FARMACIA,CARR. TLAXCOAPAN DOXEY,EDUCACION,,TLAXCOAPAN,HIDALGO,13074090003,12/07/2005,"II,III"
INSTITUTO MEXICANO DEL SEGURO SOCIAL,HOSPITAL GENERAL DE ZONA CON MEDICINA FAMILIAR NO. 5,FARMACIA,"MELCHOR OCAMPO ESQ. 
XOCOTENCATL",CENTRO,,TULA DE ALLENDE,HIDALGO,13076090025,28/07/2017,"I, II,III"
INSTITUTO MEXICANO DEL SEGURO SOCIAL,INSTITUTO MEXICANO DEL SEGURO SOCIAL,FARMACIA,AV. PEDRO MA. ANAYA S/N,LA CAMPANA,,LA CAMPANA,HIDALGO,13029090006,13/07/2005,"I,II,III"
INSTITUTO MEXICANO DEL SEGURO SOCIAL,INSTITUTO MEXICANO DEL SEGURO SOCIAL,FARMACIA,"BLVD. LUIS DONALDO COLOSIO NO. 
201",TORRES BODET,,PACHUCA,HIDALGO,13048090119,13/07/2005,"I,II,III"
INSTITUTO MEXICANO DEL SEGURO SOCIAL,INSTITUTO MEXICANO DEL SEGURO SOCIAL,FARMACIA,REPUBLICA DEL SALVADOR NO. 17,CENTRO,,ATOTONILCO DE TULA,HIDALGO,13013090002,25/01/2017,"I,II,III"
INSTITUTO MEXICANO DEL SEGURO SOCIAL,INSTITUTO MEXICANO DEL SEGURO SOCIAL,FARMACIA,"GRAL. JESUS ORTEGA CON 
XICOTENCATL S/N",CERRITO,,ZIMAPAN,HIDALGO,13084090009,15/07/2005,"I,II,III"
INSTITUTO MEXICANO DEL SEGURO SOCIAL,IMSS,FARMACIA,ALDAMA Y PONIENTE S/N,CENTRO,,APAN,HIDALGO,13008090008,18/07/2005,"I,II,III"
LOPEZ CALDERON RUBEN,FARMACIA BELEN 24 HRS.,FARMACIA,REFORMA ESQ. ALDAMA NO. 14,CENTRO,,APAN,HIDALGO,13008090009,18/07/2005,"I,II,III"
FRANCO RAMIREZ ALBERTO,ALPHA FARMACOS,FARMACIA,PEDRO PONCE NO. 27,SALVADOR ALLENDE,,TEPEAPULCO,HIDALGO,13061090009,02/08/2005,"II,III"
JIMENEZ GUERRERO MARIA DE LOS ANGELES,FARMACIA DE LA SALUD,FARMACIA,CALZADA DE GUADALUPE NO. 23-A,CENTRO,,TECOZAUTLA,HIDALGO,13059090003,20/09/2005,"I,II,III"
NUEVA WAL MART DE MEXICO S. DE R.L. DE C.V.,FARMACIA MI BODEGA IXMIQUILPAN,FARMACIA,PLAZA JUAREZ NO. 9,CENTRO,,IXMIQUILPAN,HIDALGO,13030090013,13/02/2013,"(I,II,III,V,T,S,A,H)"
FARMACIA GUADALAJARA S.A. DE C.V.,FARMACIA GUADALAJARA S.A. DE C.V.,FARMACIA,AV. DE LOS ARBOLES NO. 116,"FORJADORES DE 
PACHUCA",,PACHUCA,HIDALGO,13048090120,21/09/2005,"I,II,III"
FARMACIA GUADALAJARA S.A. DE C.V.,FARMACIA GUADALAJARA S.A. DE C.V.,FARMACIA,AVENIDA NUEVO PACHUCA NO. 102,RANCHO LAS COLONIAS,,PACHUCA,HIDALGO,13048090121,21/09/2005,"I,II,III, T, A. Y S. O. A Y V)"
ALARCON GARCIA IRINEO,FARMACIA EL PASTILLERO DE TULANCINGO VI,FARMACIA,LAZARO CARDENAS NO. 205,FRACC. DEL VILLAR,,TULANCINGO DE BRAVO,HIDALGO,13077090037,12/10/2005,"II,III"
FARMACIA GUADALAJARA S.A. DE C.V.,FARMACIA GUADALAJARA S.A. DE C.V.,FARMACIA,AV. FRANCISCO I. MADERO NO. 801,"EXHACIENDA DE 
GUADALUPE",,PACHUCA,HIDALGO,13048090122,03/11/2005,"I,II,III"
FARMACIA GUADALAJARA S.A. DE C.V.,FARMACIA GUADALAJARA S.A. DE C.V.,FARMACIA,"CARR. PACHUCA TULANCINGO NO. 
200","FELIPE ANGELES 2DA. 
SECCION",,PACHUCA,HIDALGO,13048090123,03/11/2005,"I,II,III"
SERVICIOS DE SALUD DE HIDALGO,FARMACIA DEL HOSPITAL GENERAL DE HUICHAPAN,FARMACIA,16 DE ENERO S/N,ABUNDIO MARTINEZ,,HUICHAPAN,HIDALGO,13029090007,18/11/2005,"I,II"
FUNDACION TELETON MEXICO A.C.,CENTRO DE REHABILITACION E INCLUSION INFANTIL TELETON HIDALGO/FARMACIA,FARMACIA,BLVD. FOMENTO MINERO NO. 105,VENTA PRIETA,42080,PACHUCA,HIDALGO,13048100001,08/07/2016,"I,II, III"
CONTRERA ANGELES ASUNCION ALEJANDRA,FARMACIA SAN AGUSTIN,FARMACIA,PZA. 31 DE MAYO NO. 15,CENTRO,,TEPATEPEC,HIDALGO,13023090003,05/12/2005,"I,II,III"
NUEVA WAL MART DE  MEXICO DE RL DE C.V.,BODEGA EL ALAMO,FARMACIA,"CARR. PACHUCA - TULANCINGO NO. 
1000",EL PORTEZUELO,,MINERAL DE LA REFORMA,HIDALGO,13051090006,05/12/2005,"I,II"
MEJIA NAVA JONATHAN NEFTALI,FARMACIA EL PASTILLERO DE TULANCINGO I,FARMACIA,JUAREZ SUR NO. 204,CENTRO,,TULANCINGO DE BRAVO,HIDALGO,13077090038,08/12/2005,"II,III"
NUEVA WAL MART DE MEXICO S. DE R.L. DE C.V.,BODEGA TIZAYUCA,FARMACIA,AVENIDA JUAREZ NO. 81,CUXTITLA,,TIZAYUCA,HIDALGO,13069090009,09/12/2005,"I,II,III"
GARCIA GARCIA SARA,FARMASERVICIOS TOLLAN,FARMACIA,MANUEL ROJO DEL RIO NO. 16 -A,CENTRO,,TULA DE ALLENDE,HIDALGO,13076090026,09/12/2005,"II,III"
CASTAÑEDA CAMPOS MANUEL,FARMACIA JIREH,FARMACIA,OCAMPO NO. 49-B,CHILILIAPA,,ZACUALTIPAN DE LOS ANGELES,HIDALGO,13081090003,09/12/2005,"II,III"
MEDICINA FARMACEUTICA AL MAYOREO S.A. DE C.V.,FARMACIA SAN JOAQUIN,FARMACIA,MORELOS NO. 101,CENTRO,,PACHUCA,HIDALGO,13048090126,15/12/2005,"I,II,III"
MEDICINA FARMACEUTICA AL MAYOREO S.A. DE C.V.,FARMACIAS SAN JOAQUIN,FARMACIA,"BLVD. LUIS DONALDO COLOSIO NO. 
212 L3","FRACC. ARBOLEDAS DE 
SAN JAVIER",,PACHUCA,HIDALGO,13048090127,15/12/2005,"I,II,III"
MONDRAGON ROSAS LUIS MIGUEL,FARMACIA D'YAIR,FARMACIA,TEODOMIRO MANZANO NO. 139,"SAN ANTONIO EL 
DESMONTE",,PACHUCA,HIDALGO,13048090128,15/12/2005,"I,II,III"
CISNEROS PINTADO OCTAVIO ERNESTO,FARMACIA HIDALGO,FARMACIA,"MORELOS ESQ. ATANACIO BERNAL 
NO. 101",CENTRO,,TULA DE ALLENDE,HIDALGO,13076090005,20/12/2005,"I,II,III"
"MYD, S.A. DE C.V.",FARMACIA LA CRUZ BLANCA,FARMACIA,HIDALGO NO. 102-C,CENTRO,,PACHUCA,HIDALGO,13048090129,09/01/2006,"I,II,III"
"TIENDAS SORIANA, S.A DE C.V.","TIENDAS SORIANA, S.A DE C.V.",FARMACIA,"ANTIGUA CARRETERA MEXICO-
QUERETARO NO. 41 L 2 MZ 180","SAN MATEO PRIMERA 
SECCÓN",,TEPEJI DEL RIO DE OCAMPO,HIDALGO,13063090012,27/03/2018,"I,II,III"
NUTRI CONTROL LINE S.A. DE C.V.,FARMACIA NUTRI CONTROL LINE,FARMACIA,CORDOBA NO. 100,"EXHACIENDA DE 
GUADALUPE",,PACHUCA,HIDALGO,13048090130,18/01/2006,"I,II,III"
LAURA ANGELICA VAZQUEZ MENDEZ,FARMACIA MODERNA,FARMACIA,5 DE MAYO NO. 201,CENTRO,,TULA DE ALLENDE,HIDALGO,13076090004,26/11/2014,II Y III
NUEVA WAL MART DE MEXICO S.A. DE C.V.,FARMACIA SAM'S CLUB TULANCINGO,FARMACIA,"BOULEVARD MIGUEL HIDALGO NO. 
901",SANTA ANA,43648,TULANCINGO DE BRAVO,HIDALGO,13077090039,26/09/2019,"II, III B (T,A Y S O.A., V) Y H"
REY MEJIA RENE,FARMACIA REY MELCHOR,FARMACIA,CAL. LOCAL COMERCIAL NO. 19,FRACC.  HDA. PITAHAYAS,,PACHUCA,HIDALGO,13048090131,04/05/2006,"I,II,III"
BADILLO PEREA MARIA LUCIA,DROGUERIA CENTRAL,FARMACIA,CUAUHTEMOC NTE. 105,CENTRO,,TULANCINGO DE BRAVO,HIDALGO,13077110001,11/12/2006,"II,III"
NuEVA WAL MART DE MEXICO,MI BODEGA VALLE DL MEZQUITAL,FARMACIA,AV. EMILIANO ZAPATA NO. 88,CENTRO,,PROGRESO DE OBREGON,HIDALGO,13050090002,13/02/2013,"I,II,III, V,T,S,A,H"
NUEVA WALMART DE MEXICO S DE RL DE CV,MI BODEGA VALLE DEL MEZQUITAL,FARMACIA,AV. EMILIANO ZAPATA NO. 88,"PROGRESO DE 
OBREGON",42730,PROGRESO DE OBREGON,HIDALGO,13050090002,13/02/2013,"I,II,II, BIOLOGICOS Y 
HEMODERIVADOS"
"COMERCIALIZADORA DE FARMACERUTICA DE CHIAPAS 
SAPI DE C.V.",FARMACIA DEL AHORRO,FARMACIA,JUAREZ NORTE NO. 16,CENTRO,,TIZAYUCA,HIDALGO,13069090010,29/01/2015,"I,II,III, V,T,S,A,H"
INSTITUTO MEXICANO DEL SEGURO SOCIAL,HOSPITAL GENERAL DE SUBZONA NO. 33,FARMACIA,RUBI NO. 3,GEO VILLAS,,TIZAYUCA,HIDALGO,13069090010,18/12/2006,"II,III"
"COMERCIALIZADORA PHARMACEUTICA Y MISCELANEOS 
DE MEXICO S.A.",FARMACIA SAN JOAQUIN,FARMACIA,PLAZA JUAREZ NO. 1,CENTRO,,ACTOPAN,HIDALGO,13003090017,15/01/2007,"I,II,III"
"COMERCIALIZADORA PHARMACEUTICA Y MISCELANEOS 
DE MEXICO, S.A.",FARMACIA SAN JOAQUIN,FARMACIA,AV. DEL PALMAR SECC LT 1 S/N,FRACC. CONSTITUCION,,PACHUCA,HIDALGO,13048090132,15/01/2007,"II,III"
"COMERCIALIZADORA PHARMACEUTICA Y MISCELANEOS 
DE MEXICO, S.A.",FARMACIA SAN JOAQUIN,FARMACIA,MORELOS NO. 101,CENTRO,,PACHUCA,HIDALGO,13048090134,15/01/2007,"I,II,III"
"COORPORATIVO FARMACIAS MAS S,A DE C.V.",FARMACIA HERSA,FARMACIA,CARR. PACHUCA-TULANCINGO S/N,CD. DE LOS NIÑOS,,PACHUCA,HIDALGO,13048090135,15/01/2007,"I,II,III"
"COMERCIALIZADORA D FARMACIAS DAROGIMA, S.A. DE 
C.V.",FARMACIA DEL AHORRO,FARMACIA,AV. LAZARO CARDENAS NO. 110-5,CENTRO,,TULANCINGO DE BRAVO,HIDALGO,13077090040,24/09/2014,"II,III"
PEDRAZA HIDALGO NIVIA YEDRENA,FARMACIA POPULAR 24 HRS EL SAGRADO CORAZON,FARMACIA,GRAL TAPIA NO. 18,CHILILIAPA,,ZACUALTIPAN DE LOS ANGELES,HIDALGO,13081090004,15/01/2007,"I,II,III"
SERVICIOS DE SALUD DE HIDALGO,HOSPITAL OBSTETRICO PACHUCA,FARMACIA,AV. PIRACANTOS  ESQ. SOLIDARIDAD,PIRACANTOS,,PACHUCA,HIDALGO,13048090023,28/07/2017,"I,II,III"
INSTITUTO MEXICANO DEL SEGURO SOCIAL UMF NO. 18,INSTITUTO MEXICANO DEL SEGURO SOCIAL,FARMACIA,5 DE MAYO ESQ. PROGRESO NO. 1,EL PEDREGAL,,TIZAYUCA,HIDALGO,13069090011,18/01/2007,"II,III"
DIAZ REBOLLAR MARIA CELINA,FARMACIA EL PASTILLERO DE TULANCINGO 1,FARMACIA,JUAREZ SUR NO. 204,CENTRO,,TULANCINGO DE BRAVO,HIDALGO,13077090041,18/01/2007,"II,III"
MONTIEL VALENCIA YOLANDA,FARMACIA LA GUADALUPANA DE HIDALGO,FARMACIA,"AV. PASEO DE LA MONTAÑA NO. 100 - 
A",FRACC. LA HACIENDA,,PACHUCA,HIDALGO,13048090085,22/01/2007,"II,III"
BURGOS MARTINEZ MARIA DE LOURDES,SAN JOSE FARMACIAS,FARMACIA,5 DE FEBRERO NO. 1,CENTRO,,TULA DE ALLENDE,HIDALGO,13076090029,25/01/2007,"I,II,III"
GONZALEZ ALVARADO LAURA ARMINDA,DERMOFARMACIA,FARMACIA,"TRIGUEROS NO. 401 -A ESQ. 
COVARRUBIAS",CENTRO,,PACHUCA,HIDALGO,13048110002,08/02/2007,"II,III"
DE ITA APUD MARIA DEL PILAR,FARMACIA DE LOS ANGELES,FARMACIA,GUERRERO SUR NO. 3 A,CENTRO,,APAN,HIDALGO,13008090010,12/02/2007,"I,II,III"
LEON GARCIA JOSE LUIS,FARMACIA MEXICO,FARMACIA,"SERGIO BUTRON CASA NO. 47 LOCAL 
10",,,TLAHUELILPAN,HIDALGO,13070090003,16/02/2007,"II,III"
"TIENDAS COMERCIAL MEXICANA, S.A. DE C.V.",MEGA TULANCINGO,FARMACIA,"BLVD. MIGUEL HIDALGO CARRETERA 
MEXICO-TUXPAN KM.137.5",VALLE DEL SOL,43649,TULANCINGO DE BRAVO,HIDALGO,13077090042,07/12/2017,II Y III
PEREZ RAMIREZ JESUS,FARMACIA CEMYD,FARMACIA,AV. CORONA DEL ROSAL 50-A,5 DE MAYO,,HUEJUTLA DE REYES,HIDALGO,13028090015,09/03/2007,"I,II,III"
SERVICIOS DE SALUD DE DE HIDALGO,HOSPITAL GENERAL DEL ALTIPLANO,FARMACIA,"LIBRAMIENTO VIAL PROLG. CALLE 
HIDALGO S/N",AMPLIACION SAN RAFAEL,,APAN,HIDALGO,13008090011,20/03/2007,"I,II,III"
FARMACIA MARIA MAGDALENA S.A. DE C.V.,FARMACIA MARIA MAGDALENA S.A. DE C.V.,FARMACIA,PLAZA JUAREZ 1 - D,CENTRO,,ACTOPAN,HIDALGO,13003090004,14/10/2015,"I,II"
SERVICIOS DE SALUD DE HIDALGO,CENTRO DE SALUD RURAL-01 AGUA BLANCA DE ITURBIDE,FARMACIA,JUAREZ S/N,CENTRO,,AGUA BLANCA DE ITURBIDE,HIDALGO,13004090001,29/03/2007,"II,III"
SERVICIOS DE SALUD DE HIDALGO,CENTRO DE SALUD RURAL-01 HUEHUETLA,FARMACIA,FELIPE ANGELES S/N,CENTRO,,HUEHUETLA,HIDALGO,13027090001,30/03/2007,"II,III"
SERVICIOS DE SALUD DE HIDALGO,JURISDICCION SANITARIA NO. XIII OTOMI-TEPEHUA,FARMACIA,CARR. SAN BARTOLO - TENANGO S/N,TUTOAPA,,SAN BARTOLO TUTOTEPEC,HIDALGO,13053090002,30/03/2007,"I,II,III"
SERVICIOS DE SALUD DE HIDALGO,CENTRO DE SALUD RURAL-01 TENANGO DE DORIA,FARMACIA,16 DE ENERO S/N,CENTRO,,TENANGO DE DORIA,HIDALGO,13060090001,30/03/2007,"I,II,III"
INSTITUTO MEXICANO DEL SEGURO SOCIAL,FARMACIA UNIDAD DE MEDICINA FAMILIAR NO. 34,FARMACIA,BLVD. PLEASENTON NO. 1101,NUEVA TULANCINGO,,TULANCINGO DE BRAVO,HIDALGO,13077090043,11/04/2007,"II,III"
GOMEZ TREJO CLARA,FARMACIA  DE DESCUENTO MARIA MAGDALENA,FARMACIA,ZARAGOZA NO. 26,CENTRO,,ACTOPAN,HIDALGO,13003090003,06/11/2015,"I,II,III"
RAMIREZ ROJAS MA. DEL CARMEN,FARMACIA EL PASTILLERO DE TULANCINGO III,FARMACIA,AV. 21 DE MARZO NO. 913,INSURGENTES,,TULANCINGO DE BRAVO,HIDALGO,13077090011,17/04/2007,"I,II,III"
GALVEZ AGUILAR EVA,FARMACIA LA LUZ,FARMACIA,JESUS SILVA NO. 201,PERIODISTAS,,PACHUCA,HIDALGO,13048090139,30/04/2007,"I,II,III"
GONZALEZ ORTIZ JUANA,FARMACIA GUADALUPANA,FARMACIA,GLADIOLA NO. 14,MORELOS NORTE 9,,TECOZAUTLA,HIDALGO,13059090001,30/04/2007,"II,III"
SARABIA ANGELES ERIKA,FARMACIA DEL VALLE,FARMACIA,AV. EMILIANO ZAPATA NO. 14,CENTRO,,PROGRESO DE OBREGON,HIDALGO,13050090003,09/01/2015,"I,II,III"
LOPEZ ARTEAGA CARLOS,FARMACIA ARTEAGA,FARMACIA,AV. 6 NO. 132 MZA. D LT 24,PLUTARCO ELIAS CALLES,,PACHUCA,HIDALGO,13048090142,29/05/2007,"II,III"
SERVICIOS DE SALUD DE HIDALGO,HOSPITAL ILUSION DE TLANCHINOL,FARMACIA,UNIDAD DEPORTIVA S/N,UNIDAD DEPORTIVA,,TLANCHINOL,HIDALGO,13073090002,15/06/2007,"I,II,III"
TELLO MEJIA ALBERTO,FARMACIA DE OFERTAS EL PASTILLERO,FARMACIA,LUIS PONCE NORTE 106,CENTRO,,TULANCINGO DE BRAVO,HIDALGO,13077090044,29/06/2007,"I,II,III"
"COMERCIALIZADORA DE FARMACOS DE ACTOPAN, S.A. 
DE C.V.",FARMACIA JUAN PABLO,FARMACIA,"BLVD. LUIS DONALDO COLOSIO NO. 
212","ARBOLEDAS DE SAN 
JAVIER",,PACHUCA,HIDALGO,13048090143,23/04/2015,"I,II,III"
VAR SAN DE ACTOPAN S.A. DE C.V.,VAR SAN DE ACTOPAN S.A. DE C.V.,FARMACIA,PORFIRIO DIAZ S/N ESQ. 2 DE ABRIL,CENTRO,,ACTOPAN,HIDALGO,13003090018,20/07/2007,"I,II,III"
ROMERO LOPEZ MARIA DEL REFUGIO,FARMACIA ROMERO,FARMACIA,AV. DEL NORTE S/N,TLALMINULPA,,ATITALAQUIA,HIDALGO,13010090003,31/08/2007,"II,III"
TIENDAS COMERCIAL MEXICANA S.A. DE C.V.,BODEGA COMERCIAL MEXICANA SUC. ACTOPAN,FARMACIA,"CARR. MEXICO - LAREDO KM. 120 NO. 
118-A",,,ACTOPAN,HIDALGO,13003090019,03/09/2007,"II,III"
SERVICIOS DE SALUD DE HIDALGO,HOSPITAL INTEGRAL ATLAPEXCO,FARMACIA,LUIS PASTEUR NO. 265,VALE VERDE,,ATLAPEXCO,HIDALGO,13011090003,09/05/2017,"I,II,III"
INSTITUTO MEXICANO DEL SEGURO SOCIAL,FARMACIA IMSS,FARMACIA,"CARR. PACHUCA- LAS BOMBAS NO. 
402",FRACC. LA PAZ,,PACHUCA,HIDALGO,13048090141,03/09/2007,"I,II,III"
TIENDAS SORIANA S.A. DE C.V.,TIENDAS SORIANA S.A. DE C.V.,FARMACIA,AV. JUAREZ NO. 39,ATEMPA,,TIZAYUCA,HIDALGO,13069090012,03/09/2007,"II,III"
CLINICA HOSPITAL ISSSTE PACHUCA,CLINICA HOSPITAL ISSSTE PACHUCA,FARMACIA,CARR. MEXICO-PACHUCA KM 86.5,ISSSTE,,PACHUCA,HIDALGO,13048090062,05/10/2007,"I,II,III"
TIENDAS SORIANA S.A. DE C.V.,MERCADO SORIANA VILLAS,FARMACIA,BLVD. NUEVO HIDALGO KM. 7 +100,RANCHO LAS COLONIAS,,PACHUCA,HIDALGO,13048090147,11/10/2007,"I,II,III"
HOSPITAL GENERAL DE PETROLEOS MEXICANOS,HOSPITAL GENERAL DE PETROLEOS MEXICANOS,FARMACIA,ORIENTE S/N,"UNIDAD HABITACIONAL 
PEMEX",,TULA DE ALLENDE,HIDALGO,13076090014,11/10/2007,"I,II,III"
"INSTITUTO DE SEGURIDAD Y SERVICIOS SOCIALES DE 
LOS TRABAJADORES DEL ESTADO",HOSPITAL GENERAL DRA. COLUMBA RIVERO OSORIO,FARMACIA,CARR. MEXICO-PACHUCA KM 86.5,ISSSTE,,PACHUCA,HIDALGO,13048090148,22/10/2015,"I,II,III, V,T,S,A,H"
NUEVA WAL MART DE MEXICO S. DE R.L. DE C.V.,"MI BODEGA AURRERA TLAXCOAPAN, HIDALGO",FARMACIA,AV. DEL TRABAJO S/N,CENTRO,,TLAXCOAPAN,HIDALGO,13074090004,24/01/2008,"II,III"
HERNÁNDEZ GONZLALEZ HECTOR FELIPE,FARMACIA SAN AGUSTIN,FARMACIA,AV. NIÑOS HEROES NO. 3,HUIZACHE,42160,HUIZACHE,HIDALGO,13052090003,16/01/2013,"II,III"
PONCE NIETO VERONICA,FARMACIA DE ESPECIALIDADES,FARMACIA,A. JUAREZ NO. 5,CENTRO,,FRANCISCO I. MADERO,HIDALGO,13023090004,28/04/2008,"I,II,III"
GUERRERO MORALES OLGA MARIA,FARMACIA DEL CENTRO,FARMACIA,NICOLAS FLORES S/N,CENTRO,,JACALA DE LEDEZMA,HIDALGO,13031090002,02/05/2008,"II,III"
OCAMPO VARGAS RAFAEL,FARMACIA TULA,FARMACIA,"MANUEL ROJO DEL RIO Y 5 DE 
FEBRERO S/N",CENTRO,,TULA DE ALLENDE,HIDALGO,13076090031,22/05/2008,"I,II"
HERNANDEZ GONZALEZ ALAN,FARMACIA LOS ANGELES,FARMACIA,FRANCISCO I. MADERO S/N,CENTRO,,MINERAL DEL MONTE,HIDALGO,13039090003,23/05/2008,"II,III"
SANCHEZ MERA EMILIA ELENI,FARMACIA SAN MARTIN,FARMACIA,AVENIDA REVOLUCION NO. 17,CENTRO,,SINGUILUCAN,HIDALGO,13057090003,28/06/2016,II Y III
"COMERCIALIZADORA FARMACEUTICA DE CHIAPAS S.A DE 
C.V",FARMACIAS DEL AHORRO,FARMACIA,AV. FEDERALISMO 1500,"PARQUE DE 
POBLAMIENTO",,PACHUCA,HIDALGO,13048090149,01/09/2017,"II,III"
TIENDAS SORIANA S.A. DE C.V.,TIENDAS SORIANA S.A DE C.V SUCURSAL MINERAL DE LA REFORMA,FARMACIA,"BLVD. LUIS DONALDO COLOSIO KM. 
7.7","FRACC. COLINAS DE 
PALTA",,MINERAL DE LA REFORMA,HIDALGO,13051090007,23/06/2008,"I,II,III"
GRUPO FARMACEUTICO ACTOPAN S.A. DE C.V.,GRUPO FARMACEUTICO ACTOPAN S.A. DE C.V.,FARMACIA,CONSTITUCION NO. 152-C,CHAPULTEPEC,,ACTOPAN,HIDALGO,13003090014,18/07/2008,"I,II,III"
INSTITUTO MEXICANO DEL SEGURO SOCIAL,UNIDAD DE MEDICINA FAMILIAR NO. 3,FARMACIA,FRANCISCO I. MADERO NO. 3,CENTRO,,CUAUTEPEC DE HINOJOSA,HIDALGO,13016090004,28/07/2008,"II,III"
SPINOLA ARIETA VERONICA,FARMACIA SANTA MARINA,FARMACIA,CARRERAS S/N,SAN MIGUEL REGLA,,HUASCA DE OCAMPO,HIDALGO,13024090001,30/07/2008,"II,III"
FARMACIA GUADALAJARA S.A. DE C.V.,FARMACIA GUADALAJARA S.A. DE C.V.,FARMACIA,LEANDRO VALLE NO. 103,CENTRO,,TULA DE ALLENDE,HIDALGO,13076090032,04/09/2008,"II,III"
GONZALEZ GUARNEROS LINA MERCEDES,FARMACIA EL PASTILLERO DE ACATLAN,FARMACIA,CARR. TULANCINGO - HUASCA KM. 11,ALMLOYA,,ACATLAN,HIDALGO,13001090001,10/09/2008,"I,II"
PUERTO GARCIA MA. TERESA,FARMACIA YARY,FARMACIA,AV. CORREGIDORA NO. 12,CENTRO,,EMILIANO ZAPATA,HIDALGO,13021090003,01/10/2008,"I,II"
JUAREZ ENRIQUEZ JUAN FERNANDO,FARMASERVICIOS DE DIOS,FARMACIA,"AV. REFORMA S/N ESQ. GOMEZ 
FARIAS",CENTRO,,MIXQUIAHUALA DE JUAREZ,HIDALGO,13041090010,01/10/2008,"II,III"
PUERTO IBARRA ADRIANA,FARMACIA NIÑO DOCTOR,FARMACIA,CORREGIDORA NO. 42-B,CENTRO,,EMILIANO ZAPATA,HIDALGO,13021090004,04/11/2008,"II,III"
NUEVA WAL MART DE  MEXICO DE RL DE C.V.,FARMACIA WAL MART PLAZA PACHUCA,FARMACIA,"BLVD. LUIS DONALDO COLOSIO NO. 
2009 MZ. 1 FRACC. 1","EXHACIENDA DE 
COSCOTITLAN",42086,PACHUCA,HIDALGO,13048090151,25/01/2017,"II,III"
NUEVA WAL MART DE MEXICO S. DE R.L. DE C.V.,FARMACIA BODEGA AURRERA EL MANANTIAL,FARMACIA,AV. CAMINO A LAS PARTIDAS NO. 2,"RANCHO DON ANTONIO 
SECCION III",,TIZAYUCA,HIDALGO,13069090014,29/07/2013,"I,II,III, V,T,S,A,H"
MEDICNA INTEGRAL B Y G S.A. DE C.V.,FARMACIA VITAE,FARMACIA,PERIFERICO SUR NO. 5,LAS HACIENDAS,,CD. SAHAGUN,HIDALGO,13061090006,03/12/2008,"I,II,III"
SERVICIOS DE SALUD DE HIDALGO,HOSPITAL GENERAL TULA,FARMACIA,CARR. TULA-TEPEJI KM. 1.5,EL CARMEN,,TULA DE ALLENDE,HIDALGO,13076090017,11/05/2016,"I,II,III"
SERVICIO INTEGRAL DE FARMACIA S.A. DE C.V.,FARMACIA LA CRUZ BLANCA,FARMACIA,PLAZA JUAREZ NO. 15,CENTRO,,IXMIQUILPAN,HIDALGO,13030090015,12/01/2009,"I,II,III"
TIENDAS SORIANA. S.A. DE C.V.,TIENDAS SORIANA. S.A. DE C.V.,FARMACIA,"AVENIDA INSURGENTES ORIENTE NO. 
150",EL FITZHI,42300,IXMIQUILPAN,HIDALGO,13030090016,15/08/2018,"II,III,B,T,S,A,V"
"COMERCIALIZADORA DE FARMACOS DE ACTOPAN S.A. 
DE C.V.",FARMACIA JUAN PABLO,FARMACIA,DR. JESUS DEL ROSAL NO. 43,SAN ANTONIO,,IXMIQUILPAN,HIDALGO,13030090014,21/01/2015,"II,III  V,T,S,A,H Y DISP. MED."
PEMORE S.A DE C.V.,FARMACIAS AHUACATLAN,FARMACIA,GUERRERO SUR NO. 20,CENTRO,,APAN,HIDALGO,13008090012,23/04/2009,"II,III"
NUEVA WAL MART DE MEXICO S.A. DE C.V.,FARMACIA MI BODEGA AURRERA CUAUTEPEC,FARMACIA,PROGRESO NO. 403,JUAREZ,43740,CUAUTEPEC DE HINOJOSA,HIDALGO,13016090006,06/02/2019,"I, II, III, B(T,A Y S O.A, V)"
"COMERCIALIZADORA DE FARMACOS DE ACTOPAN, S.A. 
DE C.V.",FARMACIA JUAN PABLO,FARMACIA,HIDALGO NO. 201,CENTRO,,PACHUCA,HIDALGO,13048090152,01/06/2009,"II,III"
SERVICIOS DE SALUD DE HIDALGO,,FARMACIA,ESQ. HEROES DE NACOZARY,MORELOS,,PACHUCA,HIDALGO,13048090153,12/06/2009,"II,III"
SERVICIOS DE SALUD DE HIDALGO,ALMACEN JURISDICCIONAL DE JURISDICCION NO. 3 TULA,FARMACIA,AV. REFORMA NO. 100,APEPECHOCA,,TULA DE ALLENDE,HIDALGO,13076090033,12/06/2009,"II,III"
SERVICIOS DE SALUD DE HIDALGO,"ALMACEN JURISDICCIONAL NO. 10, HUEJUTLA",FARMACIA,LA LOMITA NO. 1,LA LOMITA,,HUEJUTLA DE REYES,HIDALGO,13028090017,25/06/2009,"II,III"
SERVICIOS DE SALUD DE HIDALGO,"FARMACIA JURISDICCION SANITARIA NO. IX MOLANGO, HGO",FARMACIA,FCO. I. MADERO NO. 6,BARRIO SANTA CRUZ,,MOLANGO DE ESCAMILLA,HIDALGO,13042090001,25/06/2009,"I,II,III"
FARMACIA GUADALAJARA S.A. DE C.V.,FARMACIAS GUADALAJARA,FARMACIA,AV. SANTA CECILIA NO. 91,LA PROVIDENCIA,,MINERAL DE LA REFORMA,HIDALGO,13051090009,30/06/2009,"I,II"
JIMENEZ GUERRERO MARIA DE LOS ANGELES,FARMACIA DE LA SALUD,FARMACIA,AV. PEDRO MA. ANAYA NO. 2,CENTRO,,HUICHAPAN,HIDALGO,13029090009,03/07/2009,"II,III"
SERVICIOS DE SALUD DE HIDALGO,"ALMACEN JURISDICCIONAL  NO. IV, HUICHAPAN",FARMACIA,AV. JOSE MARIA RIVERA S/N,BARRIO SAN MATEO,,HUICHAPAN,HIDALGO,13029090010,03/07/2009,"I,II,III"
VITE ORTEGA JOEL,MAYAMI,FARMACIA,AV. JUAREZ S/N,BARRIO SAN JUAN,,CALNALI,HIDALGO,13014090001,21/07/2009,"II,III"
SERVICIOS DE SALUD DE DE HIDALGO,ALMACEN DE LA JURISDICCIION SANITARIA NO. 11 APAN,FARMACIA,ZARAGOZA NO. 2,DINA,,TEPEAPULCO,HIDALGO,13061090010,27/07/2009,"II,III"
SERVICIOS DE SALUD DE HIDALGO,FARMACIA JURISDICCION NO. 2 TULANCINGO,FARMACIA,PROLONGACION BENITO JUAREZ S/N,CALTENGO,,TULANCINGO DE BRAVO,HIDALGO,13077090047,27/07/2009,"II,III"
LICONA VELO MAGDA ARACELI GUADALUPE,FARMACIA KRUP,FARMACIA,LEONA VICARIO NO. 15,CENTRO,,MIXQUIAHUALA DE JUAREZ,HIDALGO,13041090011,22/09/2009,"II,III"
ISLAS VELAZQUEZ MARTHA,FARMACIA JARDIN,FARMACIA,VENUSTIANO CARRANZA NO. 53-A Y B,CENTRO,,CUAUTEPEC DE HINOJOSA,HIDALGO,13016090001,12/10/2009,"I,II,III"
ZAMUDIO CHAVEZ NAVA YOLANDA,FARMACIA SAN MATEO,FARMACIA,ANTONIO MAGOS S/N,CENTRO,,HUICHAPAN,HIDALGO,13029090001,12/10/2009,"I,II,III"
ZAMUDIO CHAVEZ NAVA YOLANDA,FARMACIA SAN AMTEO (SUCURSAL),FARMACIA,JORGE ROJO LUGO,CENTRO,,HUICHAPAN,HIDALGO,13029090002,12/10/2009,"I,II,III"
"SAMBORN HERMANOS, S.A.",FARMACIA SAMBORN'S PLAZA Q MINERAL DE LA REFORMA,FARMACIA,AV. LUIS DONALDO COLOSIO KM. 7.7,"FRACC. COLINAS DE 
PALTA",,MINERAL DE LA REFORMA,HIDALGO,13051090010,12/10/2009,"II,III"
ENEDINA SERRANO FALCON,FARMACIA 24 HORAS,FARMACIA,PRIVADA DE GUERRERO NO. 3,NOXTONGO,42850,TEPEJI DEL RIO DE OCAMPO,HIDALGO,13063090003,07/11/2016,"I,II,III"
SERVICIOS DE SALUD DE HIDALGO,ALMACEN JURISDICCIONAL ACTOPAN,FARMACIA,5 DE MAYO NO. 185,CHAPULTEPEC,,ACTOPAN,HIDALGO,13003090021,26/10/2009,"I,II,III"
SERVICIOS DE SALUD DE HIDALGO,FARMACIA JURISDICCIONAL TIZAYUCA,FARMACIA,CALZADA JULIAN VILLAGRAN NO. 32,BARRIO NACOZARI,,TIZAYUCA,HIDALGO,13069090015,26/10/2009,"I,II,III"
"FARMACIA GUADALAJARA, S.A. DE C.V.",FARMACIA GUADALAJARA S.A. DE C.V.,FARMACIA,AV. LAZARO CARDENAS NO. 108,CENTRO,,TULANCINGO DE BRAVO,HIDALGO,13077090048,26/10/2009,"II,III"
SERVICIOS DE SALUD DE HIDALGO,ALMACEN JURISDICCIONAL JS NO. 8 METZTITLAN,FARMACIA,AV. LOS PINOS NO. 1,LOS PINOS,,ZACUALTIPAN DE LOS ANGELES,HIDALGO,13081090006,03/11/2009,"I,II,III"
CLINICAL TRIALS MEXICO S.A DE C.V.,FARMACIAS PROFESIONALES,FARMACIA,ARISTA NO. 117,CENTRO,,PACHUCA,HIDALGO,13048090156,06/11/2009,"I,II"
NUEVA WAL MART DE  MEXICO DE RL DE C.V.,FARMACIA BODEGA AURRERA PACHUCA,FARMACIA,EVERARDO AMRQUEZ NO. 101,PERIODISTAS,,PACHUCA,HIDALGO,13048090029,11/01/2010,"I,II"
TORRES RODRIGUEZ MARTINA,FARMAHORRO APAN,FARMACIA,GUERRERO SUR NO 3,CENTRO,,APAN,HIDALGO,13008090013,21/01/2010,"II,III"
FARMACIA ISSSTE NO. 105,FARMACIA ISSSTE NO. 105,FARMACIA,CARR. MEXICO-PACHUCA KM 86.5,ISSSTE,,PACHUCA,HIDALGO,13048090073,30/01/15,"I,II,III"
SUPERISSSTE,SEMICENTRO COMERCIAL SUPERISSSTE NO. 30,FARMACIA,BLVD. FELIPE ANGELES KM. 87.8 S/N,VENTA PRIETA,,PACHUCA,HIDALGO,13048090112,09/02/2010,"II,III"
MENDOZA SALAZAR MELISSA,"FARMACIA, PERFUMERIA Y  REGALOS SAN CHARBEL",FARMACIA,MORELOS NO. 47,CENTRO,,EMILIANO ZAPATA,HIDALGO,13021090005,15/02/2010,"II,III"
TORRES RODRIGUEZ MARTINA,FARMACIA DE AHORRO ANGELES,FARMACIA,BLVD. VALLE DE SAN JAVIER NO. 606,VALLE DE SAN JAVIER,,PACHUCA,HIDALGO,13048090157,15/02/2010,"II,III"
NUEVA WAL MART DE MEXICO S.A. DE C.V.,FARMACIA MI BODEGA AHORRERA HUICHAPAN,FARMACIA,AVENIDA JAVIER ROJO GOMEZ NO.230,ABUNDIO MARTINEZ,,HUICHAPAN,HIDALGO,13029090011,25/02/2010,"II,III"
SERVICIOS DE SALUD DE HIDALGO,HOSPITAL BASICO COMUNITARIO DE HUEHUETLA,FARMACIA,"CARR. HUEHUETLA - TULANCINGO 
KM.1",LINDAVISTA,,HUEHUETLA,HIDALGO,13027090002,01/03/2010,"II,III"
"MEDICA QUIRURGICA Y ESPECIALIDADES SANTA MARIA 
S.A DE C.V",MEDICA QUIRURGICA Y ESPECIALIDADES SANTA MARIA S.A. DE C.V.,FARMACIA,CARRETERA HUAPALCALCO NO. 511,CALTENGO,,TULANCINGO DE BRAVO,HIDALGO,13077090049,16/03/2010,"II,III"
SERVICIOS DE SALUD DE HIDALGO,CENTRO ESTATAL DE ATENCION INTEGRAL DE LAS ADFICCIONES,FARMACIA,"BLVD. LUIS DONALDO COLOSIO NO. 
100",FRACC.  COLOSIO I,,PACHUCA,HIDALGO,13048090158,26/05/2010,"I,II"
FARMACIA GUADALAJARA S.A. DE C.V.,FARMACIA GUADALAJARA S.A. DE C.V.,FARMACIA,FERNANDO DE ALBA IXTLIXOCHITL,ABCDARIO,,TEPEAPULCO,HIDALGO,13061090011,11/06/2010,"I,II,III"
RODRIGUEZ RAMIREZ JONATHAN,FARMACIA EL PASTILLERO DE ATOTONILCO,FARMACIA,REPUBLICA DEL SALVADOR S/N,CENTRO,,ATOTONILCO DE TULA,HIDALGO,13013090003,05/07/2010,"I,II,III"
AGUILAR ALANIS SANDRO ARGEL,FARMACIA LOMA BLANCA,FARMACIA,VASCO DE QUIROGA NO. 116,JALPA,,TULA DE ALLENDE,HIDALGO,13076090034,05/07/2010,"I,II"
PEREZ JIMENEZ MA. DE LOS ANGELES,FARMACIA FARMAOFERTAS,FARMACIA,PORTAL UNIO NO. 3,CENTRO,,HUICHAPAN,HIDALGO,13029090012,28/07/2010,"I,II,III"
SERVICIOS DE SALUD DE HIDALGO,FARMACIA UNEME EC PACHUCA,FARMACIA,LOTE 7 Y 17,"NUEVA LUIS DONALDO 
COLOSIO",,PACHUCA,HIDALGO,13048090159,28/07/2010,"II,III"
MONTIEL QUIROZ ENRIQUE,FARMACIA ENYAR,FARMACIA,TOLLANZINGO S/N,BARRIO TLALA,,CALNALI,HIDALGO,13014090003,12/08/2010,"II,III"
"INSTITUTO DE SEGURIDAD Y SERVICIOS SOCIALES DE 
LOS TRABAJADORES DEL ESTADO",CLINICA HOSPITAL ISSSTE IXMIQUILPAN,FARMACIA,CONOCIDO,EL NITH,,IXMIQUILPAN,HIDALGO,13030090004,17/08/2010,"I,II,III"
"FARMACIA GUADALAJARA, S.A. DE C.V.",FARMACIA GUADALAJARA S.A. DE C.V.,FARMACIA,NOGAL NO. 110,"JARDINES DEL 
NAPATECO",,TULANCINGO DE BRAVO,HIDALGO,13077090050,19/08/2010,"I,II,III"
COMERCIALIZADORA DE FARMACOS JOSOFO S.A. DE C.V.,MI FARMACIA DE LA MORENA,FARMACIA,22 DE MAYO,LA MORENA,,TULANCINGO DE BRAVO,HIDALGO,13077090051,19/08/2010,"I,II,III"
SERVICIOS DE SALUD DE HIDALGO,UNIDAD ESPECIALIZADA VILLA OCARANZA,FARMACIA,CARR. MEXICO-PACHUCA KM.  62.5,SAN MIGUEL EYECALCO,,TOLCAYUCA,HIDALGO,13075090002,01/09/2010,"I,II,III"
"INSTITUTO DE SEGURIDAD Y SERVICIOS SOCIALES DE 
LOS TRABAJADORES DEL ESTADO",CLINICA HOSPITAL ISSSTE HUEJUTLA,FARMACIA,CARR. MEXICO-TAMPICO KM. 213.5,LA LOMITA,,HUEJUTLA DE REYES,HIDALGO,13028090009,11/10/2010,"I,II"
ELYMAY S.A. DE C.V.,FARMACIAS DEL AHORRO,FARMACIA,AV. IGNACIO COMONFORT S/N,CENTRO,,TEPEJI DEL RIO DE OCAMPO,HIDALGO,13063090013,15/04/2014,"I,II,III"
NUEVA WAL MART DE  MEXICO DE RL DE C.V.,SAM'S CLUB,FARMACIA,AV. RIO DE LA AVENIDAS NO. 701,LA TERRAZAS,42098,PACHUCA,HIDALGO,13048090075,12/08/2019,"II,III"
"COMERCIALIZADORA FARMACEUTICA DE CHIAPAS, SAPI 
DE C.V.",FARMACIAS DEL AHORRO,FARMACIA,TORIBIO REYES NO. 2,JUAREZ,,HUEJUTLA DE REYES,HIDALGO,13028090018,26/10/2015,"II,III,V,T,S,A,H"
"INSTITUTO DE SEGURIDAD Y SERVICIOS SOCIALES DE 
LOS TRABAJADORES DEL ESTADO",CLINICA DE MEDICINA FAMILIAR MIXQUIAHUALA ISSSTE,FARMACIA,PLAN AYALA S/N,CENTRO,,MIXQUIAHUALA DE JUAREZ,HIDALGO,13041090012,08/12/2010,"II,III"
JIMENEZ BARRERA OSCAR EDUARDO,FARMASERVICIOS DE DIOS,FARMACIA,JORGE ROJO LUGO NO. 103,ABUNDIO MARTINEZ,,HUICHAPAN,HIDALGO,13029090013,09/12/2010,"II,III"
VALDIVIA SANCHEZ ADRIANA,FARMACIA VALDIVIA,FARMACIA,GUSTAVO ARVIZU NO. 8,CENTRO,,SAN FELIPE ORIZATLAN,HIDALGO,13046090001,21/12/2010,"I,II,III"
FARMACIA GUADALAJARA S.A. DE C.V.,FARMACIA GUADALAJARA S.A. DE C.V.,FARMACIA,"BLVD. SANTA CATARINA NO 1005 
LOCAL 10-18",VENTA PRIETA,,PACHUCA,HIDALGO,13048090160,11/01/2011,"II,III"
FARMACIA GUADALAJARA S.A. DE C.V.,FARMACIA GUADALAJARA S.A. DE C.V.,FARMACIA,PLAZA DE LA REFORMA NO 24,CENTRO SUR,,ACTOPAN,HIDALGO,13003090023,26/01/2011,"II,III"
NUEVA WAL MART DE MEXICO  S. de R.L. de C.V.,FARMACIA MI BODEGA AURRERA ACTOPAN,FARMACIA,PROLONGACION MORELOS NO. 92-A,EL CERRITO,,ACTOPAN,HIDALGO,13003090024,03/02/2011,"II,III"
"COMERCIALIZADORA FARMACEUTICA DE CHIAPAS SAPI 
DE C.V.",FARMACIA DEL AHORRO,FARMACIA,"BOULVARD LUIS DONALDO COLOSIO 
NO. 1902","AMPLIACCIÓN SANTA 
JULIA",,PACHUCA,HIDALGO,13048090162,10/08/2017,"II,III,T,V,S,A,H"
"SISTEMA PARA EL DESARROLLO INTEGRAL DE LA 
FAMILIA DEL ESTADO DE HIDALGO",HOPITAL DEL NIÑO DIF HIDALGO,FARMACIA,CARR. MEXICO-PACHUCA KM. 82,VENTA PRIETA,,PACHUCA,HIDALGO,13048090161,18/01/2017,"I, II Y III"
ROSAS NARANJO GERARDO,INSUMOS MEDICOS,FARMACIA,5 DE FEBRERO NO. 301,FRACC. DEL VILLAR,,TULANCINGO DE BRAVO,HIDALGO,13077090052,11/02/2011,
EDSON DO CRUZ MOTA,FARMASERVICIOS DE DIOS,FARMACIA,AV. JUAREZ NO. 12,CENTRO,,FRANCISCO I. MADERO,HIDALGO,13023090005,21/02/2011,"I,II,III"
ORTEGA MARTINEZ JULIO,CASA DEL DIABETICO,FARMACIA,GENERAL FELIPE ANGELES NO. 103,PERIODISTAS,,PACHUCA,HIDALGO,13048090066,03/03/2011,"I,II,III"
NUEVA WAL MART DE MEXICO S.A DE R.L. DE C.V.,FARMACIA MI BODEGA AURRERA APAN,FARMACIA,ALDAMA PONIENTE NO. 62,NIÑOS HEROES,,APAN,HIDALGO,13008090014,08/03/2011,"II,III"
LACAYO OLIVELIA GLORIA,FARMACIA NIÑO DE PRAGA,FARMACIA,FRANCISCO I. MADERO S/N,DENDHO,,ATITALAQUIA,HIDALGO,13010090004,08/03/2011,"II,III"
CRUZ VEGA MARIA ISABEL,FARMACIA DE DESCUENTO,FARMACIA,PROLONG. PALLADARES NO. 31,SAN ANTONIO,,IXMIQUILPAN,HIDALGO,13030090011,08/03/2011,"II,III"
"COMERCIALIZADORA PHARMACEUTICA DE CHIAPAS S.A. 
DE C.V.",FARMACIAS DEL AHORRO,FARMACIA,"AV. RIO DE LA AVENIDAS NO. 314 
LOCAL A",PERIODISTAS,,PACHUCA,HIDALGO,13048090092,06/07/2017,"II,III, V,T,H,B,A"
"COMERCIALIZADORA FARMACEUTICA DE CHIAPAS SAPI. 
DE C.V.",FARMACIAS DEL AHORRO,FARMACIA,MANUEL ROJO DEL RIO NO. 1 B,CENTRO,,TULA DE ALLENDE,HIDALGO,13076090022,09/01/2017,"II,III"
"COMERCIALIZADORA FARMACEUTICA DE CHIAPAS SAPI 
DE C.V.",FARMACIAS DEL AHORRO,FARMACIA,PROLONGACION ZARAGOZA S/N,CENTRO,,TULA DE ALLENDE,HIDALGO,13076090027,01/03/2018,"II,III"
"COMERCIALIZADORA FARMACEUTICA DE CHIAPAS SAPI 
DE C.V.",FARMACIAS DEL AHORRO,FARMACIA,"PLAZA DE LA REFORMA NO. 5 
CUARTEL 3",CENTRO,,ACTOPAN,HIDALGO,13003090022,27/03/2018,"II,III B,T,S, A,V"
"COMERCIALIZADORA FARMACEUTICA DE CHIAPAS,  SAPI 
DE C.V.",FARMACIAS DEL AHORRO,FARMACIA,LAZARO CARDENAS NO. 1-A,SAN ANTONIO,,IXMIQUILPAN,HIDALGO,13030090017,06/03/2018,"II,III"
"COMERCIALIZADORA PHARMACEUTICA DE CHIAPAS SAPI. 
DE C.V.",FARMACIAS DEL AHORRO,FARMACIA,"CARRETERA TULANCINGO, NO. 201",CANUTILLO,,PACHUCA DE SOTO,HIDALGO,13048090091,11/12/2017,"II,III"
"COMERCIALIZADORA PHARMACEUTICA DE CHIAPAS SAPI. 
DE C.V.",FARMACIAS DEL AHORRO,FARMACIA,CALZ. ARIZPE NO. 101,CENTRO,,PACHUCA,HIDALGO,13048090096,04/10/2017,"II,III,V,T,H,S,A,H"
"COMERCIALIZADORA PHARMACEUTICA DE CHIAPAS S.A. 
DE C.V.",FARMACIAS DEL AHORRO,FARMACIA,AV. JUAREZ NO. 901-B,REVOLUCION,,PACHUCA,HIDALGO,13048090101,04/10/2017,"II,III,V,T,H,S,A,H"
"COMERCIALIZADORA FARMACEUTICA DE CHIAPAS SAPI 
DE C.V.",FARMACIAS DEL AHORRO,FARMACIA,COSTITUCION NO. 100,CENTRO,,PACHUCA,HIDALGO,13048090102,09/03/2011,"II,III, V,T,H,A"
"COMERCIALIZADORA PHARMACEUTICA DE CHIAPAS S.A. 
DE C.V.",FARMACIAS DEL AHORRO,FARMACIA,AV. REVOLUCION NO. 601-A,PERIODISTAS,,PACHUCA,HIDALGO,13048090103,14/12/2017,"I,II,III"
"COMERCIALIZADORA FARMACEUTICA DE CHIAPAS S.A. 
DE C.V.",FARMACIAS DEL AHORRO,FARMACIA,AV. MADERO NO. 100-A,PERIODISTAS,,PACHUCA,HIDALGO,13048090154,10/08/2017,"II,III"
"COMERCIALIZADORA PHARMACEUTICA DE CHIAPAS SAPI 
DE C.V",FARMACIAS DEL AHORRO,FARMACIA,PLAN DE SAN LUIS  NO.250,CONSTITUCION,,PACHUCA,HIDALGO,13048090163,02/08/2017,"II,III, T,V,S,A,H"
"COMERCIALIZADORA FARMACEUTICA DE CHIAPAS SAPI 
DE C.V.",FARMACIA DEL AHORRO,FARMACIA,AV. REFORMA NORTE NO. 6,CENTRO,43900,APAN,HIDALGO,13008090016,03/11/2015,"II,III,V,T,S,A,H"
"COMERCIALIZADORA FARMACEUTICA DE CHIAPAS SAPI 
DE C.V.",FARMACIAS DEL AHORRO,FARMACIA,"CALZ. VALLE DE TULANCINGO NO. 
603, MANZANA 4 LOC. 12, 13 Y 14",VALLE DE SAN JAVIER,,PACHUCA,HIDALGO,13048090090,10/08/2017,"II,III"
LARA GALVAN JESUS ARMANDO,FARMACIA SANTA MARIA (FARMACURA),FARMACIA,HILARIO MENINDEZ NO. 22,CENTRO,,HUEJUTLA DE REYES,HIDALGO,13028090019,23/03/2011,"II,III"
"COMERCIALIZADORA FARMACEUTICA DE CHIAPAS SAPI 
DE C.V.",FARMACIAS DEL AHORRO,FARMACIA,"AV. REVOLUCION ESQ. VICENTE 
SEGURA NO. 1316",COLONIAL,,PACHUCA,HIDALGO,13048090165,28/08/2017,"II,III"
FRANZONI SANCHEZ HAYDEE,FARMACIA POPULAR,FARMACIA,JUAREZ SUR NO. 301-1,CENRO,,TULANCINGO DE BRAVO,HIDALGO,13077090053,28/03/2011,"I,II,III"
COLUMBA RODRIGUEZ PADRON,FARMACIA SAN LUIS,FARMACIA,OCAMPO ESQ. LIBERTAD,CENTRO,,TULANCINGO DE BRAVO,HIDALGO,13077090054,28/03/2011,"I,II,III"
"COMERCIALIZADORA FARMACEUTICA DE CHIAPAS, SAPI 
DE C.V.",FARMACIAS DEL AHORRO,FARMACIA,"ALFONSO CORONA DEL ROSAL NO. 
100","PARQUE URBANO 
PACHOACAN",,PACHUCA DE SOTO,HIDALGO,13048090164,10/08/2017,"II, III, T,V,S, A, H"
NUEVA WAL MART DE MEXICO S. DE R.L. DE C.V.,FARMACIA MI BODEGA AURRERA TEZONTEPEC DE ALDAMA,FARMACIA,AV. INSURGENTES NO. 31,PANUAYA,,TEZONTEPEC DE ALDAMA,HIDALGO,13067090005,18/05/2016,"II, III, T,S, A, H, V, E"
SERVICIOS DE SALUD DE HIDALGO,CENTRO ESTATAL DE A ATENCION GERIATRICA INTEGRAL,FARMACIA,MARIANO ARISTA NO. 707,NUEVA FCO. I. MADERO,,PACHUCA,HIDALGO,13048090168,15/04/2011,"II,III"
"NUEVA WALMART DE MEXICO, S.A. DE C.V.",FARMACIA MI BODEGA AURRERA ZIMAPAN,FARMACIA,"AV. HEROICO COLEGIO MILIITAR NO. 
26",CENTRO,,ZIMAPAN,HIDALGO,13084090010,15/04/2011,"I,II,III, V,T,S,A,H"
GONZALEZ MUNIVE MARIA BERENICE,FARMACIA PIMA,FARMACIA,"CARR. MEXICO- PACHUCA KM. 84 
BLVD. FELIPE ANGELES",VENTA PRIETA,,PACHUCA,HIDALGO,13048090170,12/05/2011,"I,II,III"
JUAREZ GARCIA MARIA FELIX,FARMACIA HIDALGO,FARMACIA,ZONA COMERCIAL 1 LOCAL 5,CENTRO,,TEPEAPULCO,HIDALGO,13061090012,27/05/2011,"I,II,III"
"COMERCIALIZADORA FARMACEUTICA DE CHIAPAS SAPI 
DE C.V.",FARMACIAS DEL AHORRO,FARMACIA,AV. 5 DE MAYO NO 15,CENTRO,,TULA DE ALLENDE,HIDALGO,13076090035,04/10/2017,"II,III,V,T,H,S,A,H"
BAPEVA S.A DE C.V.,BAPEVA S.A DE C.V.,FARMACIA,AV. DEL VENADO NO. 301,"FRACC. REAL DE LA 
PLATA",,PACHUCA,HIDALGO,13048090171,03/06/2011,"I,II,III"
BALDERAS VITAL LAURA YADIRA,FARMACIA VITAL,FARMACIA,"DEL RETORNO A NO. 5 MZA. C LOTE 1-
B CASA 5","INFONAVIT VENTA 
PRIETA",,PACHUCA,HIDALGO,13048090172,06/06/2011,"I,II,III"
"VIDA CV GROUP SERVICES, S.A DE C.V",FARMACIA LA MODERNA,FARMACIA,5 DE MAYO S/N,CENTRO,,TULA DE ALLENDE,HIDALGO,13076090036,12/02/2019,"II,III"
COMERCIALIZADORA DE FARMACOS JOSOFO S.A. DE C.V.,LA FARMACIA DEL HOSPITAL,FARMACIA,AV. LAZARO CARDENAS NO 203,CENTRO,,TULANCINGO DE BRAVO,HIDALGO,13077090055,06/06/2011,"II,III"
CONTROLADORA DE FARMACIAS S.A.P.I. DE C.V.,FARMACIA FARMATODO SUCURSAL ARROYO II,FARMACIA,AV. 21 DE MARZO SUR NO 104-2,CENTRO,,TULANCINGO DE BRAVO,HIDALGO,13077090056,14/07/2014,
ESCOBEDO AVALOS EVA,FARMACIA SAN MARTIN,FARMACIA,PLAZA CUAUHTEMOC S/N,CENTRO,,ALFAJAYUCAN,HIDALGO,13006090004,16/08/2011,"II,III"
"AUTOPHARMA, S.A. DE C.V.","AUTOPHARMA, S.A. DE C.V.",FARMACIA,"CARRETERA PACHUCA - MEXICO KM. 
82",VENTA PRIETA,,PACHUCA,HIDALGO,13048090173,15/09/2011,"I,II,III"
JOSE MIGUEL HERRERA RUIZ,FARMACIA ATOTONILCO,FARMACIA,RAMIRO ANGELES S/N,CENTRO,,CHAPULHUACAN,HIDALGO,13018090001,22/09/2011,"II,III"
"COMERCIALIZADORA FARMACEÚTICA DE CHIAPAS SAPI 
DE CV",FARMACIAS DEL AHORRO,FARMACIA,PLAZA DE LA CONSTITUCION S/N,CENTRO,,MIXQUIAHUALA DE JUAREZ,HIDALGO,13041090013,31/01/2018,"II,III, V,T,S,A,H"
MENDOZA ESPINO JONATHAN EFREN,FARMACIA OK!24,FARMACIA,AV. SAN JUDAS TADEO NO 126,CARBONERAS,,MINERAL DE LA REFORMA,HIDALGO,13051090011,26/09/2011,"I,II,III"
CARLOS ANTOLIN LUIS LUIS,FARMACIA DE LA SALUD,FARMACIA,BENITO JUAREZ 25 LOCAL 2,CENTRO,,HUICHAPAN,HIDALGO,13029090003,25/10/2011,"I,II,III"
SUPERISSSTE,SUPERISSSTE NO. 136,FARMACIA,CARR. PACHUCA HUEJUTLA KM. 216,CANTORES,,HUEJUTLA DE REYES,HIDALGO,13028090007,28/10/2011,"I,II"
"COMERCIALIZADORA FARMACEUTICA DE CHIAPAS, SAPI 
DE C.V.",FARMACIAS DEL AHORRO,FARMACIA,AV. DEL TRABAJO NO 7,CENTRO,,TLAXCOAPAN,HIDALGO,13074090005,02/08/2017,"II,III, T,V,S,A,H"
"EUROHERSA, S.A DE C.V.",FARMACIA HERSA,FARMACIA,AV. JUAREZ NO. 810,LA VILLITA,,PACHUCA,HIDALGO,13048090042,19/06/2015,"I,II,III, T,A,S, V"
"COORPORATIVO FARMACIAS MAS S,A DE C.V.","COORPORATIVO FARMACIAS MAS S,A DE C.V.",FARMACIA,AV. REVOLUCION NO. 1000,PERIODISTAS,,PACHUCA,HIDALGO,13048090095,19/01/2012,"I,II,III"
CORPORATIVOS FARMACIAS MAS. SA. DE C.V.,FARMACIA HERSA,FARMACIA,"AVENIDA FRANCISCO I. MADERO NO. 
403-A","EXHACIENDA DE 
GUADALUPE",42060,PACHUCA,HIDALGO,13048090118,31/07/2018,"II,III, B,T,S,A,V"
SERVICIOS DE SALUD DE HIDALGO,HOSPITAL GENERAL DE LA HUASTECA,FARMACIA,CARR. NAL.-MEXICO-TAMPICO KM. 210,EJIDO CHILILICO,,HUEJUTLA DE REYES,HIDALGO,13028090020,02/02/2012,"II,III"
NUEVA WAL MART DE MEXICO S.A DE R.L. DE C.V.,BODEGA AURRERA TELLEZ,FARMACIA,AV. CAMINO SANTA MATILDE NO. 13,JAGUET DE TELLEZ,,ZEMPOALA,HIDALGO,13083090001,02/02/2012,"II,III"
NUEVA WAL MART DE  MEXICO DE RL DE C.V.,FARMACIA BODEGA AURRERA PACHUQUILLA,FARMACIA,AV. CAMINO LA PROVIDENCIA NO. 201,PROVIDENCIA,,MINERAL DE LA REFORMA,HIDALGO,13051090012,03/02/2012,"I,II,III"
EDGAR GARCIA ALVA,FARMACIA VICTORIA,FARMACIA,MANUEL DE LA  COLINA NO. 206,BENITO JUAREZ,,TULANCINGO DE BRAVO,HIDALGO,13077090057,03/02/2012,"II,III"
"DISTRIBUIDORA MEDICA Y HOSPITALARIA QUIROZ S.A. DE 
C.V.",FARMACIA DE LA OFERTA SUC. PACHUCA,FARMACIA,DR. ALFONSO G. ALARCON NO 502,DOCTORES,,PACHUCA,HIDALGO,13048090173,04/04/2012,"I,II.III"
"COMERCIALIZADORA FARMACEUTICA DE CHIAPAS SAPI 
DE C.V.",FARMACIAS DEL AHORRO,FARMACIA,CRISTOBAL DEL CASTILLO NO. 1,CARROS,43790,TEPEAPULCO,HIDALGO,14061090013,04/10/2017,"II,III,V,T,H,S,A,H"
GRUPO MEYMOMI S DE RL DE CV,FARMACIA MEYPRE SUR,FARMACIA,CARR. MEXICO ACTOPAN MZA. 38,LA HERRADURA,42082,PACHUCA,HIDALGO,13048090175,23/10/2015,"I, II, III"
CENTRO COMERCIAL CRUZ AZUL. S.A DE C.V.,FARMACIA CRUZ AZUL,FARMACIA,"PROLONGACON INDEPENDENCIA NO. 
100",SAN MIGUEL VINDHO,,TULA DE ALLENDE,HIDALGO,13076090028,21/11/2012,"I,II,III"
NUEVA WALMART DE MEXICO S DE RL DE CV,FARMACIA MI BODEGA IXMIQUILPAN,FARMACIA,PLAZA JUAREZ NO. 9,CENTRO,,IXMIQUILPAN,HIDALGO,13030090013,13/02/2013,"I,II,III, V,T,S,A,H"
"PHARMACLUB, S.A. DE C.V.","PHARMA CLUB, S.A. DE .C.V GLORIETA REVOLUCION",FARMACIA,16 DE SEPTIEMBRE NO. 1,PERIODISTAS,42060,PACHUCA,HIDALGO,13048090177,08/03/2013,"I,II,III, V,T,S,A,H"
CRISTINA MUNDO BAUTISTA,FARMACIA SEÑOR DE CHALMA,FARMACIA,"CARRETERA FEDERAL PACHUCA CD. 
VALLES KM. 68.5",EL TEPHE,42300,IXMIQUILPAN,HIDALGO,13030090020,19/03/2013,"(I,II,III,V,T,S,A,H)"
"SUPERFARMACIA DE RIO VERDE, S.A. DE .C.V","SUPERFARMACIA DE RIO VERDE, S.A. DE .C.V",FARMACIA,REFORMA SUR NO. 4,CENTRO,43900,APAN,HIDALGO,13008090017,23/04/2013,"II,III"
"GRUPO JFARVOL, S.A. DE .C.V",FARMACIA HGO,FARMACIA,NICOLAS FLORES NO. 89,CENTRO,42700,MIXQUIAHUALA DE JUAREZ,HIDALGO,13041090015,22/05/2013,"(I,II,III,V,T,S,A,H)"
NADIA SANCHÉZ HERNÁNDEZ,FARMACIA FAS,FARMACIA,AV. DEL ROSARIO NO. 2,BARRIO DEL CALVARIO,,ZIMAPAN,HIDALGO,13084090012,22/05/2013,"II, III, V,T,S,A,H"
PETROLEOS MEXICANOS,CLINICA ATITALAQUIA,FARMACIA,AV. DEL BOSQUE NO. 2,"ANTONIO OSORIO DE 
LEON",42975,ATITALAQUIA,HIDALGO,13010090005,09/07/2013,"(I,II,III,V,T,S,A,H)"
NUEVA WALMART DE MEXICO S DE RL DE CV,FARMACIA MI BODEGA AURRERA TLAHUELILPAN,FARMACIA,AV. UNIVERSIDAD NO. 2 CENTRO,TLAHUELILPAN,42780,TLAHUELILPAN,HIDALGO,13070090004,01/10/2013,"I,II,III, V,T,S,A,H"
SALUCOM SA DE CV,FARMACIA ESPECIALIZADA LA PAZ,FARMACIA,VIADUCTO ROJO GOMEZ NO. 206,CESPEDES,42090,PACHUCA,HIDALGO,13048090178,22/10/2014,"I,II,II"
,FARMACIA FARMADESCUENTO S.A. DE C.V.,FARMACIA,UNIDAD DEPORTIVA S/N,UNIDAD DEPORTIVA,43150,TLANCHINOL,HIDALGO,13073090004,30/01/2014,"(I,II,III,V,T,S,A,H)"
,FARMACIA FARMADESCUENTO S.A. DE C.V.,FARMACIA,CARR. PACHUCA TULANCINGO 101-A,CD. DE LOS NIÑOS,42070,PACHUCA,HIDALGO,13048090179,31/01/2014,"(I,II,III,V,T,S,A,H)"
,FARMACIA FARMADESCUENTO S.A. DE C.V.,FARMACIA,LAZARO CARDENAS 200,CENTRO,43600,TULANCINGO DE BRAVO,HIDALGO,13077090060,01/02/2014,"(I,II,III,V,T,S,A,H)"
"FARMACEUTICA RAMY, S.A. DE C.V.",FARMAPRONTO TIZAYUCA,FARMACIA,AV. HIDALGO NO. 1,EL PEDREGAL,,TIZAYUCA,HIDALGO,13069090016,19/02/2018,"I,II,III"
,FARMACIA EL PASTILLERO DEL HOSPITAL,FARMACIA,LAZARO CARDENAS NO. 203 A,CENTRO,43600,TULANCINGO DE BRAVO,HIDALGO,13077090061,01/04/2014,"II,III"
"COMERCIALIZADORA FARMACEUTICA DE CHIAPAS SAPI 
DE CV.",FARMACIAS DEL AHORRO,FARMACIA,"IGNACIO COMONFORT ESQ. 
MELCHOR OCAMPO S/N",EL EDEN,42850,TEPEJI DEL RIO DE OCAMPO,HIDALGO,13063090013,21/01/2015,"II,III,V,T,H,S,A,H"
,FARMACIAS DEL AHORRO,FARMACIA,PLAZA JUAREZ NO. 11,CENTRO,42300,IXMIQUILPAN,HIDALGO,13030090021,24/04/2014,"(II,III,V,T,S,A,H)"
,FARMACIA DE CONSULTORIO MEDICO MUNICIPAL,FARMACIA,TEZOZOMOC NO. 82,SALVADOR ALLENDE,43997,TEPEAPULCO,HIDALGO,13061090014,09/06/2014,V
RUBEN RAMIREZ  ARROYO,FARMACIA MEDICA CAMPESTRE,FARMACIA,AV. HIDALGO NO. 165,"SAN PEDRO 
HUAQQUILPAN",42192,ZAPOTLAN DE JUAREZ,HIDALGO,13082090002,02/07/2014,"(II,III,V,T,S,A,H)"
NUEVA WALMART DE MÉXICO S DE RL DE CV,FARMACIA SAM'S CLUB ZONA PLATEADA,FARMACIA,BLVD. FELIPE ANGELES KM. 87.8 S/N,VENTA PRIETA,42083,PACHUCA,HIDALGO,13048090180,27/01/2015,"II, III,  V,T,S,A,H"
NELY SOLEDAD DE LA TORRE VARGAS,FARMACIA SAN FRANCISCO,FARMACIA,PLAZA DE LA CONSTITUCION NO. 5.,CENTRO,42730,PROGRESO DE OBREGON,HIDALGO,13050090004,21/01/2015,"II,III"
HISA FARMACEUTICA S.A DE C.V.,HISA FARMACEUTICA S.A DE C.V.,FARMACIA,SAN MIGUEL NUM. 7,EL TEZONTLE,42084,PACHUCA,HIDALGO,13048090181,13/01/2015,II Y III
FARMACIA GUADALAJARA S.A. DE C.V.,FARMACIA GUADALAJARA S.A. DE C.V.,FARMACIA,AV. DEL ENCINO NO. 1700,VILLAS DEL ALAMO,42184,MINERAL DE LA REFORMA,HIDALGO,13051090013,11/02/2015,"II, III,  V,T,S,A,H"
"MEDICA AZUL, S.A. DE C.V.",HOSPITAL GENERAL GUILLERMO ALVAREZ MACIAS,FARMACIA,"PROLONGACION INDEPENDENCIA NO. 
100",SAN MIGUEL VINDHO,42842,TULA DE ALLENDE,HIDALGO,13076090038,17/03/2015,"I,II,III,V,T,S,A,H"
OFELIA CIT SANCHEZ,FARMACIA DEL VALLE,FARMACIA,AV. INSURGENETES NO. 7,CENTRO,42760,TEZONTEPEC DE ALDAMA,HIDALGO,13067090004,27/03/2015,"I,II,III"
ILCE GABRIELA VAZQUEZ MARTINEZ,FARMACIA GABY,FARMACIA,"TIERRA Y LIBERTAD 102,",ROJO GOMEZ,42030,PACHUCA,HIDALGO,13048090183,28/05/2015,"II, III V, H"
HISA FARMACEUTICA S.A DE C.V.,HISA FARMACEUTICA S.A DE C.V.,FARMACIA,CIRCUITO GOBERNADORES S/N,"PARQUE DE 
POBLAMIENTO",42032,PACHUCA,HIDALGO,13048090184,28/05/2015,"II, III V, H"
FARMACIA GUADALAJARA S.A. DE C.V.,FARMACIA GUADALAJARA S.A. DE C.V.,FARMACIA,"BLVD. LUIS DONALDO COLOSIO NO. 
110",FRACC. COLOSIO,42080,PACHUCA,HIDALGO,13048090185,01/09/2015,"II,III B Y H"
FARMACIA COAHUILA SA DE CV,ZONA VITAL COAHUILA FARMACIA,FARMACIA,CAMINO REAL DE LA PLATANO. 200,ZONA PLATEADA,42084,PACHUCA,HIDALGO,13048090186,08/09/2015,"I,II,II"
"COMERCIALIZADORA FARMACEUTICA DE CHIAPAS SAPI 
DE C.V.",FARMACIAS DEL AHORRO,FARMACIA,"AVENIDA EMILIANO ZAPATA ESQUINA 
LIBRAMIENTO LA JOYA NO. 121",PLAN DE AYALA,43600,TULANCINGO DE BRAVO,HIDALGO,13077090063,20/01/2016,II Y III
"DIGSA MEDICA,S.A. DE C.V.",FARMACIA DIGSA MEDICA,FARMACIA,"AQUILES SERDAN NO. 24 ESQ. JAVIER 
HERNANDEZ",CENTRO,42730,PROGRESO DE OBREGON,HIDALGO,13050090005,20/04/2016,"II,III"
"COMERCIALIZADORA FARMACÉUTICA DE CHIAPAS SAPI 
DE CV",FARMACIA DEL AHORRO,FARMACIA,"IGNACIO ALLENDE ESQUINA DORIA 
NO. 300",CENTRO,42000,PACHUCA,HIDALGO,13048090187,28/04/2016,"II Y III, B Y H"
NUEVA WALMART DE MEXICO S DE RL DE CV,FARMACIA BODEGA AURRERA TEPEJI DEL RIO,FARMACIA,AV. MELCHOR OCAMPO NO. 46,"SAN FRANCISCO 1RA. 
SECCIÓN",42854,TEPEJI DEL RIO DE OCAMPO,HIDALGO,13063090015,20/04/2016,"II, III, B,T,S,A,H"
ALEJANDRO PALAFOX HERNÁNDEZ,NOVODERNA FARMACIA DERMATOLOGICO,FARMACIA,CHURUBUSCO NO. 301-A,CENTRO,43600,TULANCINGO DE BRAVO,HIDALGO,13077090064,21/02/2017,II
PEMORE S.A. DE C.V.,FARMACIAS AHUACATLAN,FARMACIA,GUERRERO NORTE NO. 9,CENTRO,43900,APAN,HIDALGO,13008090018,08/09/2016,"II, III"
JUAN MANUEL TOLENTINO RAMÍREZ,SUPER FARMACIAS LOS ANGELES,FARMACIA,LIBERTAD ORIENTE NO. 303,CENTRO,43600,TULANCINGO DE BRAVO,HIDALGO,13077090065,08/09/2016,"II, III"
MARIA ELENA SALAS JIMENEZ,FARMACIA SEÑOR DE JALPAN,FARMACIA,DR. JESUS DEL ROSAL NO. 27,CENTRO,42300,IXMIQUILPAN,HIDALGO,13030090001,07/10/2016,"II, III"
ROGELIO AGUILAR CUATEPOTZO,FARMACIA MEDICA DE ESPECIALIDADES,FARMACIA,AVENIDA REVOLUCION NO. 304-C,PERIODISTAS,42060,PACHUCA,HIDALGO,13048090188,23/04/2018,"I, II, III,V,T,S,A,H"
"COMERCIALIZADORA FARMACEUTICA DE CHIAPAS SAPI 
DE CV.",FARMACIAS DEL AHORRO,FARMACIA,INDEPENDENCIA NO. 101,CENTRO,43600,TULANCINGO DE BRAVO,HIDALGO,13077090066,25/01/2017,"II, III, B,T,S,A,H"
INTERCONTINENTAL DE MEDICAMENTOS S.A. DE C.V.,INTERCONTINENTAL DE MEDICAMENTOS FARMACIA H.G.TULANCINGO,FARMACIA,AV.PAXTEPEC  NO.47,PAXTEPEC,43760,SANTIAGO TULANTEPEC,HIDALGO,13056090002,26/04/2017,"I,II,II,V,T,H,B,A"
INTERCONTINENTAL DE MEDICAMENTOS S.A. DE C.V.,INTERCONTINENTAL DE MEDICAMENTOS FARMACIA H.R. DEL VALLE DEL MEZQUITAL,FARMACIA,CARR. PACHUCA-IXMIQUILPAN KM 64,TAXADHO,42300,IXMIQUILPAN,HIDALGO,13030090019,26/04/2017,"I,II,II,V,T,H,B,A"
INTERCONTINENTAL DE MEDICAMENTOS S.A. DE C.V.,INTERCONTINENTAL DE MEDICAMENTOS FARMACIA H.G. PACHUCA,FARMACIA,"CARR. PACHUCA -TULANCINGO NO. 
101-A",CD. DELOS NIÑOS,42070,PACHUCA,HIDALGO,13048090189,26/04/2017,"I,II,II,V,T,H,B,A"
INTERCONTINENTAL DE MEDICAMENTOS S.A. DE C.V.,INTERCONTINENTAL DE MEDICAMENTOS FARMACIA H.I.JACALA,FARMACIA,JUVENTINO ROSAS S/N,CERRITO,42200,JACALA DE LEDEZMA,HIDALGO,13031090004,26/04/2017,"I,II,II,V,T,H,B,A"
INTERCONTINENTAL DE MEDICAMENTOS S.A. DE C.V.,INTERCONTINENTAL DE MEDICAMENTOS FARMACIA H.B.C. HUEHUETLA,FARMACIA,"CARR. HUEHUETLA-TULANCINGO 
KM.1",LINDA VISTA,43420,HUEHUETLA,HIDALGO,13027090004,26/04/2017,"I,II,II,V,T,H,B,A"
INTERCONTINENTAL DE MEDICAMENTOS S.A. DE C.V.,INTERCONTINENTAL DE MEDICAMENTOS FARMACIA H.I OTOMI-TEPEHUA,FARMACIA,"CARR. TULANCINGO SAN BARTOLO 
S/N",MAGDALENA,43440,SAN BARTOLO TUTOTEPEC,HIDALGO,13053090004,26/04/2017,"I,II,II,V,T,H,B,A"
INTERCONTINENTAL DE MEDICAMENTOS S.A. DE C.V.,INTERCONTINENTAL DE MEDICAMENTOS FARMACIA H.G.HUICHAPAN,FARMACIA,"16 DE ENERO, ESQ. JORGE LUGO 
BARRIO  ABUNDIO MARTINEZ S/N","BARRIO ABUNDIO 
MARTINEZ",42400,HUICHAPAN,HIDALGO,13029090015,26/04/2017,"I,II,II,V,T,H,B,A"
INTERCONTINENTAL DE MEDICAMENTOS S.A. DE C.V.,INTERCONTINENTAL DE MEDICAMENTOS FARMACIA H.I. CINTA LARGA,FARMACIA,"CARR. MIXQUIAHUALA- TULA KM. 2.8 
NO. 3000",SIN COLONIA,42700,MIXQUIAHUALA,HIDALGO,13041 090016,26/04/2017,"I,II,II,V,T,H,B,A"
INTERCONTINENTAL DE MEDICAMENTOS S.A. DE C.V.,INTERCONTINENTAL DE MEDICAMENTOS FARMACIA H.G. DEL ALTIPLANO APAN,FARMACIA,"LIBRAMIENTO VIAL, PROLONGACION 
CALLE HIDALGO S/N",AMPLIACION SAN RAFAEL,43000,APAN,HIDALGO,13008090019,26/04/2017,"I,II,II,V,T,H,B,A"
INTERCONTINENTAL DE MEDICAMENTOS S.A. DE C.V.,INTERCONTINENTAL DE MEDICAMENTOS FARMACIA H. OBSTETRICO PACHUCA,FARMACIA,"AV. PIRACANTOS, ESQ. CON AV. 
UNIVERSIDAD S/N",PIRACANTOS,42088,PACHUCA,HIDALGO,13048090190,26/04/2017,"I,II,II,V,T,H,B,A"
INTERCONTINENTAL DE MEDICAMENTOS S.A. DE C.V.,INTERCONTINENTAL DE MEDICAMENTOS FARMACIA H. PSIQUIATRICO VILLA OCARANZA,FARMACIA,"CARR. MEXICO- PACHUCA KM. 62 , S/N",SAN MIGUEL EYACALCO,42830,TOLCAYUCA,HIDALGO,13075090004,26/04/2017,"I,II,II,V,T,H,B,A"
INTERCONTINENTAL DE MEDICAMENTOS S.A. DE C.V.,INTERCONTINENTAL DE MEDICAMENTOS FARMACIA H.G. TULA,FARMACIA,"CARR. TULA TEPEJI KM. 1.5 
ENTRONQUE LIBRAMIENTO EL 
CARMEN JOROBAS S/N",EL CARMEN,42830,TULA DE ALLENDE,HIDALGO,13076090039,26/04/2017,"I,II,II,V,T,H,B,A"
INTERCONTINENTAL DE MEDICAMENTOS S.A. DE C.V.,INTERCONTINENTAL DE MEDICAMENTOS FARMACIA H.R. DE LA HUASTECA,FARMACIA,"CARR. NACIONAL  MEXICO- TAMPICO 
KM. 62.5 S/N",SIN COLONIA,43000,HUEJUTLA DE REYES,HIDALGO,13028090022,26/04/2017,"I,II,II,V,T,H,B,A"
INTERCONTINENTAL DE MEDICAMENTOS S.A. DE C.V.,INTERCONTINENTAL DE MEDICAMENTOS FARMACIA H. INTEGRAL ATLAPEXCO,FARMACIA,AV. LUIS PASTEUR NO. 265,DEL VALLE VERDE,43060,ATLAPEXCO,HIDALGO,13011090005,26/04/2017,"I,II,II,V,T,H,B,A"
INTERCONTINENTAL DE MEDICAMENTOS S.A. DE C.V.,INTERCONTINENTAL DE MEDICAMENTOS FARMACIA H.I. ILUSION DE TRANCHINOL,FARMACIA,DOMICILIO CONOCIDO S/N,"BARRIO UNIDAD 
DEPORTIVA",43150,TLANCHINOL,HIDALGO,13073090005,26/04/2017,"I,II,II,V,T,H,B,A"
INTERCONTINENTAL DE MEDICAMENTOS S.A. DE C.V.,INTERCONTINENTAL DE MEDICAMENTOS FARMACIA H.G. ACTOPAN,FARMACIA,CARLOS MAYORGA S/N,CHAPULTEPEC,42500,ACTOPAN,HIDALGO,13003090027,26/04/2017,"I,II,II,V,T,H,B,A"
SERVICIOS DE SALUD DE HIDALGO,HOSPITAL GENERAL TULANCINGO,FARMACIA,AVENIDA PAXTEPEC NO. 47,PAXTEPEC,43760,SANTIAGO TULANTEPEC,HIDALGO,13056090003,31/07/2018,"I,II, III"
INSTITUTO MEXICANO DEL SEGURO SOCIAL,UNIDAD DE MEDICINA FAMILIAR NO. 35 HIDALGO,FARMACIA,CUITLAHUAC NO. 401,"FRACCIONAMIENTO LA 
COLONIA",,MINERAL DE LA REFORMA,HIDALGO,13051090014,05/09/2017,"I,II,III,T,S,A,V"
"FARMACIAS DE ESPECIALIDADES DERMATOLÓGICAS DE 
MÉXICO, S.A. DE C.V.","FARMACIAS DE ESPECIALIDADES DERMATOLÓGICAS DE MÉXICO, S.A. DE C.V.",DROGUERÍA,MAGNOLIA NO. 700 - B,"NUEVA FRANCISCO 
1.MADERO",,PACHUCA DE SOTO,HIDALGO,13048110004,18/12/2017,"II Y III, B,T,S,V"
FARMACIA GUADALAJARA S.A DE C.V.,FARMACIA GUADALAJARA S.A DE C.V.,FARMACIA,"AVENIDA 21 DE MARZO NO: 
502",TEPEYAC,,TULANCINGO DE BRAVO,HIDALGO,13077090064,01/12/2017,"II, III, V,T,S,A"
CLÍNICA TRIALS MÉXICO S.A DE C.V.,FARMACIAS PROFESIONALES,FARMACIA,MAGNOLIA NO. 700 - A,"NUEVA FRANCISCO 
1.MADERO",,PACHUCA DE SOTO,HIDALGO,13048090191,01/12/2017,"II, III, T,S,A,V"
"ORGANIZACiÓN FARMACÉUTICA ABARROTERA. S.A. DE 
C.V.",ORGANIZACiÓN FARMACÉUTICA ABARROTERA. S.A. DE C.V.,FARMACIA,"BOULEVARD VALL: DE SAN 
JAVI:R NO. 103 - A","FRACCIONAMIENTO 
VALLE DE SAN 
JAVIER",,PACHUCA DE SOTO,HIDALGO,13048090192,14/12/2017,"I, II, III"
RENE MONSERRAT RAMíREZ OLVERA,FARMACIA EL FRAILE,FARMACIA,"PLAZA DE LA CONSTITUCiÓN 
NO. 2",CENTRO,,TEPEAPULCO,HIDALGO,13061090016,14/12/2017,"I, II, III"
COORPORATIVO FARMACIAS MAS S.A DE C.V.,COORPORATIVO FARMACIAS MAS S.A DE C.V.,FARMACIA,"CARRETERA PACHUCA-TULANCINGO 
NO. 101 INTERIOR A",CIUDAD DE LOS NIÑOS,,PACHUCA DE SOTO,HIDALGO,13048090193,11/02/2019,"II, III, B,T,S,A,V"
FARMACIA GUADALAJARA S.A. DE C.V.,FARMACIA GUADALAJARA S.A. DE C.V.,FARMACIA,CAMINO REAL DE LA PLATA S/N L+11,ZONA PLATEADA,42084,PACHUCA DE SOTO,HIDALGO,13048090194,11/04/2018,"II,III"
ALEJANDRO PALAFOX HERNÁNDEZ,NOVODERNA FARMACIA DERMATOLOGICO,FARMACIA,AVENIDA REVOLUCIÓN NO. 805,PERIODISTAS,42060,PACHUCA DE SOTO,HIDALGO,13048090195,16-abril.-18,II
"COMERCIALIZADORA FARMACEUTICA DE CHIAPAS SAPI 
DE CV.",FARMACIAS DEL AHORRO,FARMACIA,"CARRETERA-PACHUCA TULANCINGO 
KM. 3",ALAMO RUSTICO,42184,MINERAL DE LA REFORMA,HIDALGO,13051090015,22/06/2018,"II, III, B,T,S,A,V"
"COMERCIALIZADORA FARMACEUTICA DE CHIAPAS SAPI 
DE CV.",FARMACIAS DEL AHORRO,FARMACIA,"BLVD. LUIS DONALDO COLOSIO NO. 
2631",PRI CHACON,42182,MINERAL DE LA REFORMA,HIDALGO,13051090016,22/06/2018,"II, III, B,T,S,A,V"
"FARMACEUTICA RAMY, S.A. DE C.V.",FARMAPRONTO JUÁREZ,FARMACIA,"AVENIDA JUÁREZ NORTE NO. 5 
LOC. 1",CENTRO,43800,TIZAYUCA,HIDALGO,13069090018,22/06/2018,"I,II,III"
CARLOS IVAN CONTRERAS OVIEDO,PHARMA MEX,FARMACIA,"BOULEVARD SANTA CATARINA 
ESQUINA CARRETERA MÉXICO-
PACHUCA S/N","FRACCIONAMIENTO 
LA HERRADURA",42082,PACHUCA DE SOTO,HIDALGO,13048090189,02/07/2018,"I,II,III"
FARMACIA  GUADALAJARA S.A. DE C.V.,FARMACIA  GUADALAJARA S.A. DE C.V.,FARMACIA,"FRANCISCO I ,MADERO NO. 
208",PERIODISTAS,42060,PACHUCA DE SOTO,HIDALGO,13048090197,31/07/2018,"II,III, B,T,S,A,V"
FARMACIA  GUADALAJARA S.A. DE C.V.,FARMACIA  GUADALAJARA S.A. DE C.V.,FARMACIA,"FERNANDEZ DE LIZARDI NO. 
801","SAN ANTONIO 
BUENOS AIRES",42183,PACHUCA DE SOTO,HIDALGO,13048090198,02/07/2019,"II,III, B,T,S,A,V"
ELIZABETH SANCHEZ SALVADOR,FARMASERVICIOS DE DIOS,FARMACIA,FRANCISCO I MADERO NO 100,CENTRO,42950,TLAXCOAPAN,HIDALGO,13074090006,15/08/2018,"II,III, B,T,S,A,V"
FARMACIA GUADALAJARA S.A. DE C.V.,FARMACIA GUADALAJARA S.A. DE C.V.,FARMACIA,"CARRETERA PACHUCA - 
TULANCINGO KM. 351",TAXISTAS,42183,MINERAL DE LA REFORMA,HIDALGO,13051090017,04/07/2019,"II, III B, T, S, A,V"
PATRICIA PINEDA CORTEZ,COLPOMEXLAB,DROGUERÍA,"PROLONGACIÓN MAGNOLIA 
NO. 614-B","NUEVA FRANCISCO I 
MADERO",42070,PACHUCA DE SOTO,HIDALGO,13048110003,17/09/2018,"FORMULAS MAGISTRALES Y 
OFICINALES"
BIONOURISSO S. DE R.L. DE C.V.,BIONOURISSO COMPOUNDING PHARMACIES,DROGUERÍA,"CARRETERA MÉXICO-
PACHUCA NO. 1013 2DO. PISO","SAN ANTONIO EL 
DESMONTE",42083,PACHUCA DE SOTO,HIDALGO,13048110005,17/12/2018,"II, III, B,T,S,A,V FÓRMULAS 
MAGISTRALES Y OFICINALES"
"PHOENIX FARMACEITICA, S.A. DE C.V.","PHOENIX FARMACEITICA, S.A. DE C.V.",FARMACIA,"BOULEVARAD SAN MIGUEL 
NO. 202",EL TEZONTLE,42084,PACHUCA DE SOTO,HIDALGO,13048090199,23/01/2019,"II, III, B(T,A Y S O.A, V)"
"PHOENIX FARMACEITICA, S.A. DE C.V.","PHOENIX FARMACEITICA, S.A. DE C.V.",FARMACIA,"CIRCUITO GOBERNADRES NO. 
302","PARQUE DE 
POBLAMIENTO",42032,PACHUCA DE SOTO,HIDALGO,13048090200,23/01/2019,"II, III, B(T,A Y S O.A, V)"
ELDA RUBI RUIZ CASTAÑEDA,FARMACIA CON MINISUPER,FARMACIA,"AVENIDAL DEL PALMAR NO. 
207",SANTA JULIA,42032,PACHUCA DE SOTO,HIDALGO,13048090201,05/04/2019,"I, II, III, B(T,A Y S O.A, V)"
KARLA SANTILLAN MEDINA,FARMACIA STP,FARMACIA,CALLE 21 DE MARZO NO. 208,CENTRO,43600,TULANCINGO DE BRAVO,HIDALGO,13077090067,21/05/2019,"I, II, III, B(T,A Y S O.A, V)"
"ORGANIZACiÓN FARMACÉUTICA ABARROTERA. S.A. DE 
C.V.",ORGANIZACiÓN FARMACÉUTICA ABARROTERA. S.A. DE C.V.,FARMACIA,"CARRETERA ACTOPAN LOTE 154 
MANZANA 1","HACIENDA LA 
HERRADURA",42082,PACHUCA DE SOTO,HIDALGO,13048090202,12/08/2019,"I, II , III, B(T,A Y S O.A., V) Y H"
"FARMAPP, S.A. DE C.V.","FARMAPP, S.A. DE C.V.",FARMACIA,"BOULEVARD VALLE DE SAN 
JAVIER NO. 603 INT. B","FRACCIONAMIENTO 
VALLE DE SAN 
JAVIER",42086,PACHUCA DE SOTO,HIDALGO,13048090203,28-ago.-19,"I, II Y III"
"COMERCIALIZADORA FARMACEUTICA DE CHIAPAS SAPI 
DE CV.",FARMACIAS DEL AHORRO,FARMACIA,"CARRETERA MÉXICO - 
TUXPAN NO. 152","COLONIA SAN 
FRANCISCO 
HUATENGO",43660,TULANCINGO DE BRAVO,HIDALGO,13077090068,02/09/2019,"II, III B(T,A Y S O A Y V)"
"COMERCIALIZADORA FAMACEUTICA  DE CHIAPAS, SAPI 
DE C.V.",FARMACIAS DEL AHORRO,FARMACIA,"CARRETERA NACIONAL  
MÉXICO- TAMPICO KM. 215 NO. 
3","COLONIA SANTA 
IRENE",43000,HUEJUTLA DE REYES,HIDALGO,13028090023,25/11/2019,"II, III B(T,A Y S O A Y V)"
"FARMACIA GUADALAJARA, S.A. DE C.V.","FARMACIA GUADALAJARA, S.A. DE C.V.",FARMACIA,CALZADA VERACRUZ NO. 1200,SAN BARTOLO,42039,PACHUCA DE SOTO,HIDALGO,13048090204,15-ene-20,"II, III Y B (RA Y SOA Y V)"
"FARMACIA GUADALAJARA, S.A. DE C.V.","FARMACIA GUADALAJARA, S.A. DE C.V.",FARMACIA,"AVENIDA PRINCIPAL NO. 14 
INTERIOR A","SANTA MATILDE 
JAGÜEY DE TELLEZ",,ZEMPOALA,HIDALGO,13083090002,12-feb-20,"I, II, III Y B (RA Y SOA Y V)"
"ORGANIZACiÓN FARMACÉUTICA ABARROTERA. S.A. DE 
C.V.",ORGANIZACiÓN FARMACÉUTICA ABARROTERA. S.A. DE C.V.,FARMACIA,"AVENIDA FRANCISCO I MADERO NO. 
102",REAL DE MINAS,,PACHUCA DE SOTO,HIDALGO,13048090205,12/02/2020,"I, II , III, B(T,A Y S O.A., V)"
NUEVA WAL MART DE  MEXICO DE RL DE C.V.,FARMACIA BODEGA AURRERA SANTIAGO TULANTEPEC,FARMACIA,"CARRETERA TULANGINGO-SANTIAGO 
NO. 1108",COLONIA EXQUITLAN,,SANTIAGO TULANTEPEC,HIDALGO,13056090004,20/02/2020,"II , III, B(T,A Y S O.A., V)"
"ORGANIZACiÓN FARMACÉUTICA ABARROTERA. S.A. DE 
C.V.",ORGANIZACiÓN FARMACÉUTICA ABARROTERA. S.A. DE C.V.,FARMACIA,HERMENEGILDO GALEANA NO. 101,INSURGENTES,,TULANCINGO DE BRAVO,HIDALGO,13077090069,25/02/2020,"I, II , III, B(T,A Y S O.A., V)"
