ESTABLECIMIENTO,"GIRO (FARMACIA, 
BOTICA 
,DROGUERIA)",CALLE Y NO.,COLONIA,"CODIGO 
POSTAL","MUNICIPIO O 
DELEGACION",ENTIDAD,No. LICENCIA,"FECHA 
EXPEDICION","LINEAS DE 
COMERCIALIZACION 
AUTORIZADAS 
(ESTUPEFACIENTES), 
(PSICOTRÓPICOS  II, III), 
VACUNAS, TOXOIDES, 
SUEROS DE ORIGEN 
ANIMAL, ANTITOXINAS 
DE ORIGEN ANIMAL, 
HEMODERIVADOS)",
HOSPITAL DE ESPECIALIDADES MEDICAS,FARMACIA,"BAUDELIO GARCIA # 
16",CENTRO,,AHUALULCO,SAN LUIS POTOSI,24001090003,20/11/02,"II,III,V,T,S,A, H",
WAL MART CENTER ARBOLEDAS,FARMACIA,"AV. DE LAS 
AMERICAS # 302",ARBOLEDAS,,MATEHUALA,SAN LUIS POTOSI,24020090015,28/02/06,"II,III,V,T,S,A, H",
SANTA  MARIA,FARMACIA,"PLAZA JULIAN 
CARRILLO # 16",CENTRO,,AHUALULCO,SAN LUIS POTOSI,24001090005,13/09/06,"II, III,V,T,S,A,H",
UNIDAD DE MEDICINA FAMILIAR No.29 IMSS,FARMACIA,AV. SECUNDARIA S/N,ZINA CENTRO,,AQUISMON,SAN LUIS POTOSI,24003090001,22-jun.-04,"II, III,V,T,S,A,H",
HOSPITAL BASICO COMUNITARIO DE AQUISMON,FARMACIA,"LAS PALMAS S/N , 
CENTRO",CENTRO,,AQUISMON,SAN LUIS POTOSI,24003090002,22-mar.-10,"I,II,III,V,T,S,A,H",
FARMACIA FARELYS,FARMACIA,MORELOS # 42-A,SAN MIGUELITO,,"AXTLA DE 
TERRAZAS",SAN LUIS POTOSI,24053090005,16-oct.-13,"II,III,V,T,S,A, H",
"FARMACIA DEL HOSPITAL BASICO COMUNITARIO DE 
AXTLA DE TERRAZAS",FARMACIA,"LIBRAMIENTO 
NORTE  ADJUNTO AL 
COBACH 33",SANTA MARIA,,"AXTLA DE 
TERRAZAS",SAN LUIS POTOSI,24053090006,13-feb.-14,"II,III,V,T,S,A, H",
POPULAR,FARMACIA,JUAREZ # 20,CENTRO,,"AXTLA DE 
TERRAZAS",SAN LUIS POTOSI,24053090002,06-ene.-05,"I,II,III,V,T,S,A,H",
RIO RIVER FOUR,FARMACIA,"MIGUEL HIDALGO # 
253 NORTE",JALPILLA,,"AXTLA DE 
TERRAZAS",SAN LUIS POTOSI,24053090003,12-jul.-05,"I,II,III,V,T,S,A,H",
SUPERFARMAX,FARMACIA,"PONCIANO ARRIAGA 
# 9",CENTRO,,"AXTLA DE 
TERRAZAS",SAN LUIS POTOSI,240600036,14-feb.-95,"II,III,V,T,S,A, H",
FARMACIA NUEVA,FARMACIA,"PEDRO ANTONIO DE 
LOS SANTOS # 19",CENTRO,,CARDENAS,SAN LUIS POTOSI,24005090004,10-dic.-12,"II,III,V,T,S,A, H",
SUPERFARMACIA SAN FRANCISCO,FARMACIA,"ALVARO OBREGON 
No.91",CENTRO,,CARDENAS,SAN LUIS POTOSI,24005090010,20-jul.-15,"I,II,III,V,T,S,A,H",
SANTO DOMINGO,FARMACIA,AV. JUAREZ #83,CENTRO,,CARDENAS,SAN LUIS POTOSI,24005090003,25   02  2003,"II,III,V,T,S,A,H",
SANATORIO Y URGENCIAS MEDICAS DE CARDENAS,FARMACIA,"20 DE NOVIEMBRE # 
84,",CENTRO,,CARDENAS,SAN LUIS POTOSI,24005090007,13  09  2010,"I,II,III,V,T,S,A,H",
"FARMACIA DEL HOSPITAL COMUNITARIO DE CD. DEL 
MAIZ",FARMACIA,"MARIANO 
MOCTEZUMA S/N,",LA VILLA DE SAN JOSE,,CD. DEL MAIZ,SAN LUIS POTOSI,24010090043,23-ago.-13,"I,II,III,V,T,S,A.H",
SAN ANTONIO,FARMACIA,"BLVD. MIGUEL 
BARRAGAN # 23",CENTRO,,CD. DEL MAIZ,SAN LUIS POTOSI,24010090002,12  10   2011,"I,II,III,V,T,S,A,H",
CHARITO,FARMACIA,ZARAGOZA # 29-B,CD. DEL MAIZ,,CD. DEL MAIZ,SAN LUIS POTOSI,24010090004,18  05  2000,"I,II,III,V,T,S,A,H",
CENTRO MEDICO CD. DEL MAIZ,FARMACIA,"JUAN BARRAGAN # 
11, CENTRO",CENTRO,,CD. DEL MAIZ,SAN LUIS POTOSI,24010090006,07 12 2010,"I,II,III,V,T,S,A,H",
"F.I. DEL INSTITUTO DE SEGURIDAD Y SERVICIOS 
SOCIALES DE LOS TRABAJADORES DEL ESTADO",FARMACIA,"GENERAL ANAYA # 2,",BARRIO EL CALLEJON,,CD. DEL MAIZ,SAN LUIS POTOSI,24010090007,07   12   2010,"I,II,III,V,T,S,A,H",
SUPERFARMACIA DE DIOS,FARMACIA,JUAREZ # 56,CENTRO,,CD. DEL MAIZ,SAN LUIS POTOSI,"NO. SOL. 2404010085-
08",,"II,III,V,T,S,A.H",
FARMACIA DEL AHORRO SUC. JUAREZ,FARMACIA,JUAREZ SN,CENTRO,,CD. VALLES,SAN LUIS POTOSI,24013090042,09-nov.-15,"I, II,III,V,T,S,A.H",
FARMACIA INTERNA SANTA MARIA,FARMACIA,"NIÑOS HEROES # 
412",CENTRO,,CD. VALLES,SAN LUIS POTOSI,24013090045,09-nov.-12,"I,II,III,V,T,S,A.H",
FARMACIA MERCADO SORIANA VALLE ALTO,FARMACIA,"CARRETERA MEXICO-
LAREDO # 1353  
NORTE",VALLE ALTO,,CD. VALLES,SAN LUIS POTOSI,24013090046,18-ene.-13,"II,III,V,T,S,A.H",
FARMACIA GUADALAJARA  S.A DE C.V.,FARMACIA,"BLVD. MEXICO-
LAREDO  #  904-8  
SUR",MORALES,,CD. VALLES,SAN LUIS POTOSI,24013090047,11-feb.-13,"II,III,V,T,S,A.H",
FARMACIA GUADALAJARA  S.A DE C.V.,FARMACIA,"BLVD. MEXICO 
LAREDO 331",CENTRO,,CD. VALLES,SAN LUIS POTOSI,24013090048,06-may.-13,"II,III,V,T,S,A.H",
"FARMACIA INTERNA DEL HOSPITAL GENERAL DE 
ZONA N° 6 IMSS",FARMACIA,"CARRETERA 
NACIONAL 914",FRACC. 19 DE ENERO,,CD. VALLES,SAN LUIS POTOSI,24013090049,09-may.-13,"I,II,III,V,T,S,A.H",
"FARMACIA INTERNA UNIDAD DE MEDICINA FAMILIAR 
N° 48",FARMACIA,"CIRCUITO MIGULE A. 
ZAMUDIO S/N",ALEJANDRO PEÑA,,CD. VALLES,SAN LUIS POTOSI,24013090051,19-may.-14,"I,II,III,V,T,S,A.H",
FARMACENTRO,FARMACIA,"HEROE DE 
NACOZARI N° 79",CENTRO,,CD. VALLES,SAN LUIS POTOSI,24013090052,19-may.-14,"I, II,III,V,T,S,A.H",
FARMACIAS GUADALAJARA,FARMACIA,"EJERCITO 
MEXICANO N° 501",ALTAVISTA,,CD. VALLES,SAN LUIS POTOSI,24013090053,03-oct.-14,"I,II,III,V,T,S,A.H",
FARMACIAS GUADALAJARA,FARMACIA,"PEDRO ANTONIO DE 
LOS SANTOS # 420",CUAHUTEMOC,,CD. VALLES,SAN LUIS POTOSI,24013090054,11-nov.-14,"I,II,III,V,T,S,A.H",
FARMACIA FARMAPRONTO,FARMACIA,"VENUSTIANO 
CARRANZA N° 82",CENTRO,,CD. VALLES,SAN LUIS POTOSI,24013090055,13-nov.-14,"I,II,III,V,T,S,A.H",
"FARMACIA  INTERNA UNIDAD DE MEDICINA FAMILIAR 
No. 11",FARMACIA,"HEROES DE 
NACOZARI  S/N",C  E   NTRO,,CD. VALLES,SAN LUIS POTOSI,24013090056,19-dic.-14,"I,II,III,V,T,S,A.H","SE CANCELA, Y SE 
MODIFICA POR CAMBIO DE 
NOMBRE DE RAZON 
SOCIAL  26/107/19"
FARMACIA INTERNA HOSPITAL MEDISCIN,FARMACIA,"CARRETERA 
FEDERAL VALLES - 
TAMPICO # 1000",SAN ANGEL I,,CD. VALLES,SAN LUIS POTOSI,24013090057,17-sep.-15,"I, II,III,V,T,S,A.H",
FARMACIA SAN JOSE,FARMACIA,"VICENTE SALAZAR # 
1415",ALTAVISTA,,CD. VALLES,SAN LUIS POTOSI,24013090058,09-dic.-15,"I, II,III,V,T,S,A.H",
SUPERFARMACIA ISSSTE No. 46,FARMACIA,GALEANA # 111,CENTRO,,CD. VALLES,SAN LUIS POTOSI,24013090004,04-jun.-10,"I, II,III,V,T,S,A.H",
METROPOLITANO,FARMACIA,JUAREZ # 800,OBRERA,,CD. VALLES,SAN LUIS POTOSI,24013090010,10-jun.-99,"II,III,S,A",
FARMACIA INTERNA DEL HOSPITAL GENERAL,FARMACIA,"CARR . MEXICO-
LAREDO  SUR KM 7",OXITIPA,,CD. VALLES,SAN LUIS POTOSI,24013090011,22-feb.-03,"I, II,III,V,T,S,A.H",
"FARMACIA INSTITUTO MEXICANIO DEL SEGURO 
SOCIAL",FARMACIA,"BLVD. MEXICO - 
LAREDO NTE. # 34 
NTE.",,,CD. VALLES,SAN LUIS POTOSI,24013090012,22-feb.-03,"I, II,III,V,T,S,A.H",
"TIENDAS CHEDRAHUI, S.A. DE C.V.",FARMACIA,"PEDRO A. DE LOS 
SANTOS  # 55",CUAUHTEMOC,,CD. VALLES,SAN LUIS POTOSI,24013090014,22-feb.-03,"II,III,V,T,S,A.H",
FARMACIA DE LA LUZ,FARMACIA,"FCO. I. MADERO # 
108",CENTRO,,CD. VALLES,SAN LUIS POTOSI,24013090016,22-feb.-03,"II,III,V,T,S,A.H",
"SANATORIO SAN JOSE DE VALLES, S.A. DE C.V.",FARMACIA,"VICENTE C. SALAZAR 
# 1415",ALTAVISTA,,CD. VALLES,SAN LUIS POTOSI,24013090017,23-oct.-03,"I, II,III,V,T,S,A.H",
HOSPITAL ISSSTE,FARMACIA,"FRONTERA Y 30 DE 
MAYO # 1509",ALTAVISTA,,CD. VALLES,SAN LUIS POTOSI,24013090019,08-oct.-03,"I, II,III,V,T,S,A.H",
VET. LA BACTERIANA,FARMACIA,AV. JUAREZ # 203,ZONA CENTRO,,CD. VALLES,SAN LUIS POTOSI,24013090025,11-ago.-04,VACUNAS,
FARMACIA SORIANA,FARMACIA,"CARR. MEXICO - 
LAREDO # 2200",LOMAS DE YUEJAT,,,SAN LUIS POTOSI,24013090027,11-oct.-04,"II,III,V,T,S,A.H",
FARMACIAS BENAVIDES SUCURSAL VALLES,FARMACIA,"HIDALGO # 212,",CENTRO,,CD. VALLES,SAN LUIS POTOSI,24013090030,10-abr.-07,"I, II,III,V,T,S,A.H",
FARMACIA BODEGA AURRERA CIUDAD VALLES,FARMACIA,"BLVD. MEXICO - 
LAREDO # 621",CENTRO,,CD. VALLES,SAN LUIS POTOSI,24013090032,18-ene.-06,"II,III,V,T,S,A.H",
"DROGUERIA Y FARMACIA EL FENIX, S.A. DE C.V.",FARMACIA,ABVLV. HDI.D LAALZGAOR O#  228,ZONA CENTRO,,CD. VALLES,SAN LUIS POTOSI,24013090033,05-oct.-06,"II,III,V,T,S,A.H",
FARMACIA SANTA TERESA,FARMACIA,"CARDENAS # 712-C  
COL. FCO. I.","FRANCISCO I. 
MADERO",,CD. VALLES,SAN LUIS POTOSI,24013090035,14-feb.-07,"II,III,V,T,S,A.H",
"FARMACIAS BENAVIDES, S.A.B. DE C.V.",FARMACIA,ABASOLO # 414,ZONA CENTRO,,CD. VALLES,SAN LUIS POTOSI,24013090036,10-abr.-07,"I, II,III,V,T,S,A.H",
LA LUZ,FARMACIA,CARRANZA # 82,ZONA CENTRO,,CD. VALLES,SAN LUIS POTOSI,24013090037,01-abr.-08,"I, II,III,V,T,S,A.H",
FARMACIA LA LUZ,FARMACIA,"BOULEVARD MEXICO 
LAREDO #703",ALTAVISTA,,CD. VALLES,SAN LUIS POTOSI,24013090038,02-abr.-08,"I, II,III,V,T,S,A.H",
UNIDAD DE ESPECIALIDADES MEDICAS (UNEME),FARMACIA,"ZACATECAS # 525, 
FRACC. ROSAS DEL 
T.",ROSAS DEL TEPEYAC,,CD. VALLES,SAN LUIS POTOSI,24013090040,26-feb.-08,"I, II,III,V,T,S,A.H",
FARMACIA SAMS ROTONDA,FARMACIA,"MONTERREY # 110, 
TIPZEN",TIPZEN,,CD. VALLES,SAN LUIS POTOSI,24013090043,29-abr.-11,"II,III,V,T,S,A.H",
FARMACIAS BENAVIDES SUC MIRADOR VALLES,FARMACIA,"GLORIETA HIDALGO 
# 811",MIRADOR,,CD. VALLES,SAN LUIS POTOSI,24013090044,04-oct.-11,"II,III,V,T,S,A.H",
FARMACIA DE LA INMACULADA,FARMACIA,BENITO JUAREZ # 37,CENTRO,,CERRITOS,SAN LUIS POTOSI,24008090004,19-jul.-16,"I,II,III,V,T,S,A.H",
"FARMACIA DEL HOSPITAL RURAL # 41 IMSS 
OPORTUNIDADES",FARMACIA,"VENUSTIANO 
CARRANZA # 33",GUDALUPE,,CERRITOS,SAN LUIS POTOSI,24008090006,03-jul.-14,"I, II,III,V,T,S,A.H",
FARMACIA INTERNA DEL IMSS UMF # 23,FARMACIA,"CARRILLO PUERTO 
S/N",GUADALUPE,,CERRITOS,SAN LUIS POTOSI,24008090007,08-dic.-14,"I,II,III,V,T,S,A.H",
FARMACIA SA FRANISCO DE CERRITOS,FARMACIA,"MIGUEL HIDALGO # 
12",BARRIO SAN ANTONIO,,CERRITOS,SAN LUIS POTOSI,24008090010,26-mar.-14,I II III V T S A H,
FARMACIAS AHUACATLAN,FARMACIA,"INDEPENDENCIA  # 6-
A",CENTRO,,CERRITOS,SAN LUIS POTOSI,24008090011,14-may.-14,"I,II,III,V,T,S,A.H",
FARMACIA SAN ANTONIO,FARMACIA,BENITO JUAREZ # 13,C   ENTRO,,CERRITOS,SAN LUIS POTOSI,24008090005,28-may.-12,"II,III,V,T,S,A.H",
DIVINA PROVIDENCIA,FARMACIA,"PASAJE 
MATAMOROS # 8",CENTRO,,CERRITOS,SAN LUIS POTOSI,24008090007,21  10  2004,"I,II,III,V,T,S,A,H",
ANABELL MARTINEZ ISORDIA,FARMACIA,"PEDRO A. DE LOS 
SANTOS  SECC. III # 7",CENTRO,,CERRITOS,SAN LUIS POTOSI,24008090008,05  10  2006,"II,III,V,T,S,A,H",
SAN FRANCISCO,FARMACIA,HIDALGO # 19,CENTRO,,CERRITOS,SAN LUIS POTOSI,24008090010,07  04  2009,"I,II,III,V,T,S,A,H",
LIZZY,FARMACIA,ZARAGOZA # 8,CENTRO,,CERRITOS,SAN LUIS POTOSI,24008090013,21  09  2010,"II,III,V,T,S,A,H",
F.I. DE LA CLINICA MATERNO INFANTIL DE CERRITOS,FARMACIA,"ALLENDE # 27, 
SANTA CRUZ",SANTA CRUZ,,CERRITOS,SAN LUIS POTOSI,24008090015,08-jun.-12,"I,II,III,V,T,S,A,H",
"HOSPITAL RURAL ""S"" # 15 IMSS",FARMACIA,"CAR. ESTACION 
FFCC Y RAUL  S/N, 
CLAVELLINA",CLAVELINAS,,CHARCAS,SAN LUIS POTOSI,24015090001,25/03/99,"I,II,III,V,T,S,A.H",
U.M.F. ISSSTE  CHARCAS,FARMACIA,"INDEPENDENCIA # 
105  CLAVELLINAS",CLAVELLINAS,,CHARCAS,SAN LUIS POTOSI,24015090006,13/06/07,"I,II,III,V,T,S,A,H",
LUX,FARMACIA,"CENTENARIO  Y 
ALLENDE S/N",EL REFUGIO,,"CIUDAD 
FERNANDEZ",SAN LUIS POTOSI,24011090003,26  02  2003,"I,II,III,V,T,S,A.H",
MERIDA,FARMACIA,"ZENON FERNANDEZ 
# 149",,,"CIUDAD 
FERNANDEZ",SAN LUIS POTOSI,24011090004,26 02 2003,"I,II,III,V,S,H",
JATHSI,FARMACIA,CENTENARIO # 83,EL REFUGIO,,"CIUDAD 
FERNANDEZ",SAN LUIS POTOSI,24011090006,10  01  2006,"II, III, V,T,S,A,H",
DEL REFUGIO,FARMACIA,CENTENARIO # 62,BARRIO SEGUNDO,,"CIUDAD 
FERNANDEZ",SAN LUIS POTOSI,24011090007,06 09 2001,"II,III,V,T,S,A, H",
LIZZY,FARMACIA,CENTENARIO # 509,BARRIO PRIMERO,,"CIUDAD 
FERNANDEZ",SAN LUIS POTOSI,24011090007,08 11 2010,"I, II, III, T,S,H",
DEL VALLE,FARMACIA,"AV. CENTENARIO 
#650",BARRIO PRIMERO,,"CIUDAD 
FERNANDEZ",SAN LUIS POTOSI,24024090030,21 11 2006,"I,II,III,V,T,S,A,H",
FARMACIA DEL AHORRO,FARMACIA,"BLVD. MEXICO 
LAREDO SUR ESQ. 
PROGRESO # 729",MIRADOR,,CD. VALLES,SAN LUIS POTOSI,24013090050,31-ene.-14,"II,III,V,T,S,A.H",
FARMACIA DEL AHORRO SUC. VICENTE SALAZAR,FARMACIA,"BOULEVARD MEXICO 
LAREDO # 700",MOCTEZUMA,,CD. VALLES,SAN LUIS POTOSI,24013090059,14-abr.-16,"II,III,V,T,S,A.H",
FARMACIA  GUADALAJARA S.A DE C.V.,FARMACIA,"VICENTE GUERRERO 
# 6",CENTRO,,EBANO,SAN LUIS POTOSI,24016090015,19-dic.-14,"II,III,V,T,S,A.H",
"FARMACIA  INTERNA DEL HOSPITAL BASICO 
COMUNITARIO DE EBANO",FARMACIA,"PRIVADA PACIENCIA  
S/N",18 DE MARZO,,EBANO,SAN LUIS POTOSI,24016090016,14-jul.-16,"I,II,III,V,T,S,A.H",
FARMACIA AHUACATLAN,FARMACIA,REFORMA S/N,CENTRO,,EBANO,SAN LUIS POTOSI,24016090017,19-jul.-16,"II,III,V,T,S,A.H",
FARMACIA HOSPITAL GENERAL EBANO,FARMACIA,"PROF. RAFAEL RMZ. 
# 103",20 DE NOVIEMBRE,,EBANO,SAN LUIS POTOSI,24016090002,31-mar.-03,"I,II,III,V,T,S,A.H",
"FARMACIA DEL HOSPITAL GENERAL SUBZONA CON 
MEDICINA FAMILIAR",FARMACIA,"CARR. TAMPICO 
BARRA DE NAV. KM 
109",ZONA CENTRO,,EL NARANJO,SAN LUIS POTOSI,24058090002,21-feb.-03,"I,II,III,V,T,S,A.H",
SUPER FARMACIA DE DIOS,FARMACIA,HIDALGO # 226,ZONA CENTRO,,EL NARANJO,SAN LUIS POTOSI,24058090004,10-jul.-09,"I,II,III,V,T,S,A.H",
UMF # 22  IMSS,FARMACIA,"PROL. EMILIANO 
ZAPATA S/N",CENTRO,,GUADALCAZAR,SAN LUIS POTOSI,24017090001,20/11/02,"I,II,III,V,T,S,A.H",
HIDALGO,FARMACIA,"HIDALGO # 3  
CENTRO",CENTRO,,GUADALCAZAR,SAN LUIS POTOSI,24017090002,10/10/05,"II,III,V,T,S,A,H",
MADERO,FARMACIA,"FRANCISCO I. 
MADERO # 109",CENTRO,,MATEHUALA,SAN LUIS POTOSI,2402090011,06/05/05,"I,II,III,V,T,S,A,H",
SORIANA,FARMACIA,"AV. MARIANO 
MATAMOROS # 515",CENTRO,,MATEHUALA,SAN LUIS POTOSI,2402090012,13/07/05,"I,II,III,V,T,S,A,H",
"FARMACIA  INTERNA DEL HOSPITAL GENERAL DE 
MATEHUALA",FARMACIA,"CARRETERA A LA 
PAZ  KM. 3 # 601",,,MATEHUALA,SAN LUIS POTOSI,2402090024,19-dic.-14,"I,II,III,V,T,S,A.H",
"FARMACIA  EXTERNA DEL HOSPITAL GENERAL DE 
MATEHUALA",FARMACIA,"CARRETERA A LA 
PAZ  KM. 3 # 601",,,MATEHUALA,SAN LUIS POTOSI,2402090025,19-dic.-14,"I,II,III,V,T,S,A.H",
REX DE MATEHUALA,FARMACIA,"FCO. I. MADERO # 
101 CENTRO",CENTRO,4560,MATEHUALA,SAN LUIS POTOSI,24020090002,21/11/02,"I,II,III,V,T,S,A,H",
"HOSPITAL RURAL ""S"" # 14 IMSS",FARMACIA,"CAR. CENTRAL  KM. 
617 / 22 DE MAYO",22 DE MAYO,,MATEHUALA,SAN LUIS POTOSI,24020090003,21/11/02,"I,II,III,V,T,S,A,H",
U.M. FAMILIAR # 10 IMSS,FARMACIA,IGNACIO RMZ. # 10,CENTRO,,MATEHUALA,SAN LUIS POTOSI,24020090007,13/06/03,"II,III,V,T,S,A.H",
FARMACIAS BENAVIDES S.A.B. DE C.V. (MATEHUALA),FARMACIA,HIDALGO # 423,CENTRO,,MATEHUALA,SAN LUIS POTOSI,24020090009,19-jul.-16,"II,III,V,T,S,A.H",
GUADALAJARA,FARMACIA,MORELOS # 611,CENTRO,,MATEHUALA,SAN LUIS POTOSI,24020090013,12/09/05,"I,II,III,V,T,S,A,H",
BODEGA  AURRERA BMATEHUALA,FARMACIA,"HIDALGO # 413-18  
SUR",CENTRO,,MATEHUALA,SAN LUIS POTOSI,24020090016,24/03/06,"I,II,III,V,T,S,A,H",
"FARMACIA CLINICA HOSPITAL MATEHUALA DEL 
ISSSTE",FARMACIA,MATAMOROS # 48,CENTRO,,MATEHUALA,SAN LUIS POTOSI,24020090017,08-dic.-14,"I,II,III,V,T,S,A.H",
FARMACIA DEL AHORRO SUC. MATEHUALA,FARMACIA,"GONZALEZ ORTEGA 
# 1",CENTRO,,MATEHUALA,SAN LUIS POTOSI,24020090021,21-dic.-15,"II,III,V,T,S,A.H",
FARMACIADERMASOL,FARMACIA,"JUAREZ # 326-a 
NORTE",CENTRO,,MATEHUALA,SAN LUIS POTOSI,24020090027,18-ene.-16,"II,III,V,T,S,A.H",
FARMACIA GUADALAJARA,FARMACIA,"MIGUEL HIDALGO # 
316",CENTRO,,MATEHUALA,SAN LUIS POTOSI,24020090022,12-oct.-12,"II,III,V,T,S,A.H",
LA LUZ,FARMACIA,MADERO # 2,CENTRO,,MATLAPA,SAN LUIS POTOSI,24037090002,15-jun.-00,"II,III,V,T,S,A.H",
MAGALI,FARMACIA,"PRIV. DAMIAN 
CARMONA # 16",CENTRO,,MEXQUITIC,SAN LUIS POTOSI,240100138,22/09/95,********,
INTERNA  U.M.F. # 42 / IMSS,FARMACIA,"CERRADA DE LA 
REPUBLICA S/N",CENTRO,,MOCTEZUMA,SAN LUIS POTOSI,24022090002,20/02/03,"I,II,III,V,T,S,A,H",
SANTA ANITA,FARMACIA,BRAVO # 15,CENTRO,,MOCTEZUMA,SAN LUIS POTOSI,24022090005,23/11/04,"I,II,III,V,T,S,A,H",
COLON,FARMACIA,COLON # 20,CENTRO,,MOCTEZUMA,SAN LUIS POTOSI,24022090006,15/11/05,"II,III,V,T,S,A,H",
DEL REFUGIO,FARMACIA,"JARDIN HIDALGO # 
190",CENTRO,,RAYON,SAN LUIS POTOSI,24023090001,26  02   2003,"I,II,III,V,T,S,A.H",
DE LA LUZ,FARMACIA,"JARDIN HIDALGO # 
140",CENTRO,,RAYON,SAN LUIS POTOSI,24023090002,06 10 2000,"I,II,III,V,T,S,A.H",
"FARMACIA INTERNA DE LA CLINICA SAN IGNACIO S.A. 
DFAER CM.VA.CIA INTERNA DEL HOSPITAL GENERAL DE",FARMACIA,"IGNACIO ZARAGOZA 
#610",CENTRO,,RIO VERDE,SAN LUIS POTOSI,24024090046,08-jun.-15,"I,II,III,V,T,S,A.H",
SUBZONA #9 IMSS,FARMACIA,MOLLINEDO #29,CENTRO,,RIO VERDE,SAN LUIS POTOSI,24024090047,20-jul.-15,"I,II,III,V,T,S,A.H",
FARMACIA DEL AHORRO SUC. RIOVERDE CENTRO,FARMACIA,"PLAZA 
CONSTITUCION S/N 
LETRA B",CENTRO,,RIOVERDE,SAN LUIS POTOSI,24024090036,09-nov.-15,"I, II,III,V,T,S,A.H",
FARMACIA DEL AHORRO SUC. JONGUITUD,FARMACIA,"BLVD. CARLOS 
JONGUITUD  
BARRIOS # 209",CENTRO,,RIOVERDE,SAN LUIS POTOSI,24024090045,19-dic.-14,"I,II,III,V,T,S,A.H",
FARMACIAS MED,FARMACIA,MORELOS # 200,CENTRO,,RIOVERDE,SAN LUIS POTOSI,24024090048,11-nov.-15,"I, II,III,V,T,S,A.H",
MODERNA,FARMACIA,COLON # 105,,,RIOVERDE,SAN LUIS POTOSI,24024090002,25 02 2003,"II,III,V,T,S,A,H",
DE DIOS,FARMACIA,"CENTENARIO  Y 
FRONTERA # 1037",,,RIOVERDE,SAN LUIS POTOSI,24024090003,25  02  2003,"II,III,V,T,S,A,H",
MOLLINEDO,FARMACIA,MOLLINEDO # 428-A,CENTRO,,RIOVERDE,SAN LUIS POTOSI,24024090006,25  02 2003,"I,II,III,V,T,S,A.H",
CENTRO MEDICO DE RIOVERDE,FARMACIA,"VICENTE GUERRERO 
# 35",CENTRO,,RIOVERDE,SAN LUIS POTOSI,24024090009,25 02 2003,"I,II,III,V,T,S,A,H",
DEL PUENTE,FARMACIA,HIDALGO # 55,PUENTE DEL CARMEN,,RIOVERDE,SAN LUIS POTOSI,24024090011,26 02 2003,"II, III, V,T.S,A,H",
DE OFERTAS,FARMACIA,REYES # 102,CENTRO,,RIOVERDE,SAN LUIS POTOSI,24024090013,26/01 2003,"II,III,V,T,S,A,H",
SAN LUIS,FARMACIA,"PABLO  VERASTEGUI 
# 126",CENTRO,,RIOVERDE,SAN LUIS POTOSI,24024090016,26  02 2003,"II,III,V,T,S,A,H",
HOSPITAL GENERAL SSA,FARMACIA,"CARR. RIOVERDE -
SAN CIRO ESQ GAMA",CENTRO,,RIOVERDE,SAN LUIS POTOSI,24024090020,26  02 2003,"I, II, III, V,T",
RIO,FARMACIA,ITURBIDE # 205,CENTRO,,RIOVERDE,SAN LUIS POTOSI,24024090023,10  11 2009,"I,II,III,V,T,S,A,H",
SANTA CATARINA,FARMACIA,DR.  ISLAS # 101,CENTRO,,RIOVERDE,SAN LUIS POTOSI,24024090027,26  02 2003,"I, II, III, V,T,A,H",
PATRIA,FARMACIA,"DR. GABRIEL MTZ. # 
18-A",RIOVERDE,,RIOVERDE,SAN LUIS POTOSI,24024090027,18 05 2000,"I, II, III, V,S,A",
SAN JOSE,FARMACIA,CENTENARIO # 4,CENTRO,,RIOVERDE,SAN LUIS POTOSI,24024090028,26  02 2003,"I, II, III, V,T,H",
ITURBIDE  16-2,FARMACIA,ITURBIDE # 16-2,CENTRO,,RIOVERDE,SAN LUIS POTOSI,24024090029,06 10 2000,"II,III,V,T,S,H",
SANTA ELENA,FARMACIA,MOLLINEDO # 424,CENTRO,,RIOVERDE,SAN LUIS POTOSI,24024090030,06  10  2000,"II,III,V,T,S,H",
CRUZ ROSA,FARMACIA,"MORELOS # 1000LOC 
1",CENTRO,,RIOVERDE,SAN LUIS POTOSI,24024090031,06  09 2001,"II,III,V,T",
MEDIA LUNA,FARMACIA,"VICENTE GUERRERO 
# 219-1",CENTRO,,RIOVERDE,SAN LUIS POTOSI,24024090031,26 02 2008,"I,II,III,V,T,S,A,H",
IMSS,FARMACIA,MOLLINEDO # 29,CENTRO,,RIOVERDE,SAN LUIS POTOSI,24024090032,02 11 2001,********,
BODEGA AURRERA,FARMACIA,"IGNACIO GAMA SUR 
# 727  CENTRO",CENTRO,,RIOVERDE,SAN LUIS POTOSI,24024090033,26 07  2007,"I,II,III,V,T,S,A,H",
AHUACATLAN,FARMACIA,MOCTEZUMA # 100,CENTRO,,RIOVERDE,SAN LUIS POTOSI,24024090035,03  04  2008,"I,II,III,V,T,S,A,H",
FARMACIAS DEL AHORRO,FARMACIA,"PLAZA 
CONSTITUCION L B,",CENTRO,,RIOVERDE,SAN LUIS POTOSI,24024090036,10  04  2008,"I,II,III,V,T,S,A,H",
AHUACATLAN,FARMACIA,"DR. GABRIEL 
MARTINEZ # 1B 
ANTES PLAZA 
CONSTITUCION # 1-B",CENTRO,,RIOVERDE,SAN LUIS POTOSI,24024090037,01 08 2011,"II,III,V,T,S,A,H",
FARMACIA INTERNA DEL ISSSTE,FARMACIA,"EJERCITO NACIONAL 
# 100,",FRACC NOYOLA,,RIOVERDE,SAN LUIS POTOSI,24024090038,07  07   2010,"I,II,III,V,T,S,A,H",
SANTA CATARINA,FARMACIA,FLOR DE MAYO # 200,CENTRO,,RIOVERDE,SAN LUIS POTOSI,24024090039,31  08  2010,"II,III,V,T,S,A,H",
ESPECIALIDADES MEDICAS DE RIOVERDE,FARMACIA,"BOSQUE # 108, 
CENTRO",CENTRO,,RIOVERDE,SAN LUIS POTOSI,24024090041,29   10   2010,"I,II,III,V,T,S,A.H",
MORELOS,FARMACIA,MORELOS # 43,CENTRO,,RIOVERDE,SAN LUIS POTOSI,24024090042,08  11 2010,"I, II, III, V,T,S,H",
"FARMACIA INTERNA DE LA UNEME (UNIDAD DE 
ESPECIALIDADES MEDICAS)",FARMACIA,"V. CARRANZA ESQ 
SAN MIGUEL S/N",,,RIOVERDE,SAN LUIS POTOSI,24024090042,30  03  2011,"II,III,V,T,S,A,H",
F.I. DE CRUZ ROJA MEXICANA,FARMACIA,"ESQ. GAMA Y 
JIMENEZ S/N,",CENTRO,,RIOVERDE,SAN LUIS POTOSI,24024090043,29   04   2011,"II, III, V,T,S,A,H",
XCARET,FARMACIA,ABASOLO # 308-A,***,,RIOVERDE,SAN LUIS POTOSI,240400114,27 07 95,****,
SAN ANTONIO,FARMACIA,"PLAZA SAN ANTONIO 
Y 5 DE MAYO",*****,,RIOVERDE,SAN LUIS POTOSI,240400265,15   05  96,*****,
DEL REFUGIO,FARMACIA,CENTENARIO  # 62,*****,,RIOVERDE,SAN LUIS POTOSI,240400266,15  05  96,******,
FARMACIA BODEGA AURRERA SALINAS DE HGO,FARMACIA,INSURGENTES # 564,S  A   N JUAN,,SALINAS HIDALGO,SAN LUIS POTOSI,24025090034,06-may.-13,"II,III,V,T,S,A.H",
FARMACIA LA ORIGINAL,FARMACIA,"JARDIN HIDALGO # 
15",CENTRO,,SALINAS HIDALGO,SAN LUIS POTOSI,24025090035,21-dic.-15,"II,III,V,T,S,A.H",
MARIN,FARMACIA,"PASAJE HIDALGO # 4-
B",CENTRO,,SALINAS HIDALGO,SAN LUIS POTOSI,24025090003,0/09/2002,"I,II,III,V,T,S,A.H",
SANTA CRUZ,FARMACIA,ITURBIDE # 6,CENTRO,,SALINAS HIDALGO,SAN LUIS POTOSI,24025090005,09/09/02,"I,II,III,V,T,S,A.H",
UMF N° 16 IMSS,FARMACIA,"FRANCISCO VILLA # 
7",CENTRO,,SALINAS HIDALGO,SAN LUIS POTOSI,24025090008,16/12/02,"I,II,III,V,T,S,A.H",
DEL REFUGIO,FARMACIA,"JARDIN HIDALGO  # 
22",CENTRO,,SALINAS HIDALGO,SAN LUIS POTOSI,24025090009,10/11/03,"II,III,V,T,S,A,H",
SAN JOSE,FARMACIA,FCO. I. MADERO  # 4,CENTRO,,SALINAS HIDALGO,SAN LUIS POTOSI,24025090010,02/09/05,"II,III,V,T,S,A, H",
HOSPITAL  BASICO COMUNITARIO,FARMACIA,"BLVD SALINAS # 4, 
FRACC LA CURVA 
S/N",CENTRO,,SALINAS HIDALGO,SAN LUIS POTOSI,24025090011,15/12/05,"I, II,III,V,T, S, A, H",
GUADALUPE,FARMACIA,ALLENDE # 6,CENTRO,,SALINAS HIDALGO,SAN LUIS POTOSI,24025090012,24/10/06,"II,III,V,T,S,A, H",
SAN JOSE,FARMACIA,HIDALGO # 42,****,,"SAN CIRO DE 
ACOSTA",SAN LUIS POTOSI,240400267,15  05   96,****,
FARMACIA GUADALAJARA S.A. DE C.V.,FARMACIA,MATEHUALA # 170,LOMAS 1A SECC,,SAN LUIS POTOSI,SAN LUIS POTOSI,24024090360,12-ago.-15,"II,III,V,T,S,A.H",
FARMACIA  CENTRAL GUADALAJARA,FARMACIA,"HIMNO NACIONAL # 
120 LOCAL 9",VIRREYES,,SAN LUIS POTOSI,SAN LUIS POTOSI,24028090171,18-ene.-16,"II,III,V,T,S,A.H",
"FARMACIA INTERNA CLINICA DE ESPECIALIDADES 
MEDICAS TANGAMANGA",FARMACIA,TATANACHO° 506,NIÑOS HEROES,,SAN LUIS POTOSI,SAN LUIS POTOSI,24028090262,21-nov.-14,"I,II,III,V,T,S,A.H",
FARMACIA LA PAZ,FARMACIA,"VENUSTIANO 
CARRANZA # 2360-A",P   O  LANCO,,SAN LUIS POTOSI,SAN LUIS POTOSI,24028090272,25-jun.-13,"I,II,III,V,T,S,A.H",
"FARMACIA INTRAHOSPITALARIA  (HOSPITAL STAR 
MEDICA SAN LUIS POTOSI)",FARMACIA,"GRAL. MARIANO 
ARISTA # 735",TEQUISQUIAPAN,,SAN LUIS POTOSI,SAN LUIS POTOSI,24028090302,25-ene.-13,"II,III,V,T,S,A.H",
"FARMACIA INTERNA UNIDAD QUIRURGICA 
AMBULATORIA",FARMACIA,"CUMBRES DE 
ACUTZINGO # 160",CUMBRE DE SAN LUIS,,SAN LUIS POTOSI,SAN LUIS POTOSI,24028090322,23-nov.-12,"I,II,III,V,T,S,A.H",
FARMACIA INTERNA HOSPITAL DEL NIÑO Y LA MUJER,FARMACIA,"ANTONIO ROCHA 
CORDERO # 2510","SAN JUAN DE 
GUADALUPE",,SAN LUIS POTOSI,SAN LUIS POTOSI,24028090323,27-nov.-12,"I,II,III,V,T,S,A.H","se cambio numero de 
licencia por modificacion de 
razon social  27/09/19"
"FARMACIA INTERNA QUIROFANO MEDICENTRO DEL 
PARQUE",FARMACIA,"JESUS GOYTORTUA 
# 106   5° PISO",TANGAMANGA,,SAN LUIS POTOSI,SAN LUIS POTOSI,24028090325,18-ene.-13,"I,II,III,V,T,S,A.H",
FARMACIA HOSPITAL STAR MEDICA SAN LUIS,FARMACIA,"MARIANO ARISTA 
730",TEQUISQUIAPAN,,SAN LUIS POTOSI,SAN LUIS POTOSI,24028090327,11-feb.-13,"I,II,III,V,T,S,A",
FARMACIA GUADALAJARA  S.A DE C.V.,FARMACIA,"RICARDO B. ANAYA 
1717",RICARDO B. ANAYA,,SAN LUIS POTOSI,SAN LUIS POTOSI,24028090328,21-mar.-13,"II,III,V,T,S,A.H",
FARMACIA GUADALAJARA  S.A DE C.V.,FARMACIA,TOPACIO 505,JARDINES DEL SUR,,SAN LUIS POTOSI,SAN LUIS POTOSI,24028090329,21-mar.-13,"II,III,V,T,S,A.H",
"FARMACIA DEL HOSPITAL MILITAR REGIONAL DE SAN 
LUIS POTOSI",FARMACIA,"ONTAÑON Y 
MORELOS S/N",SAN SEBASTIAN,,SAN LUIS POTOSI,SAN LUIS POTOSI,24028090330,04-abr.-13,"I, II,III,V,T,S,A.H",
FARMACIA INTERNA UGO SANATORIO,FARMACIA,MUÑOZ # 520,TEQUISQUIAPAN,,SAN LUIS POTOSI,SAN LUIS POTOSI,24028090331,25-abr.-13,"I,II,III,V,T,S,A.H",
SAN JUAN SUPER FARMACIA,FARMACIA,"CAPITAN CALDERA # 
470",LAS AGUILAS,,SAN LUIS POTOSI,SAN LUIS POTOSI,24028090332,14-oct.-13,"II,III,V,T,S,A.H",
GRUPO EMEQUR S.A DE C.V.,FARMACIA,PALMIRA # 600 L-7,PRIV. DEL PEDRAL,,SAN LUIS POTOSI,SAN LUIS POTOSI,24028090333,09-ago.-13,"I,II,III,V,T,S,A.H",
FARMACIA INTERNA MUNICIPIO DE SAN LUIS POTOSI,FARMACIA,"ZENON FERNANDEZ 
#  896","JARDINES DEL 
ELOSTMAADSI ODEL  BARRIO",,SAN LUIS POTOSI,SAN LUIS POTOSI,24028090334,17-oct.-13,"II,III,V,T,S,A.H",
FARMACIA GUADALAJARA,FARMACIA,"HERNAN CORTEZ # 
293","DEL RIO SANTIAGO 
DEL RIO",,SAN LUIS POTOSI,SAN LUIS POTOSI,24028090336,08-nov.-13,"II,III,V,T,S,A.H",
FARCIA RYO,FARMACIA,"BENITO JUAREZ  # 
1210 INT 3",VALLE DORADO,,SAN LUIS POTOSI,SAN LUIS POTOSI,24028090337,13-nov.-13,"II,III,V,T,S,A.H",
FARMACIA DERMA PLASTIC,FARMACIA,"HIMNO NACIONAL # 
1220-A",COL. JARDIN,,SAN LUIS POTOSI,SAN LUIS POTOSI,24028090338,13-nov.-13,"II,III,V,T,S,A.H",
"PROVEEDORA FARM. RAMIREZ (HOSPITAL DE LA 
SALUD)",FARMACIA,"BENITO JUAREZ # 
1210 INT. 7",VALLE DORADO,,SAN LUIS POTOSI,SAN LUIS POTOSI,24028090340,26-feb.-14,II III V T S A H,
FARMACIA  GUADALAJARA,FARMACIA,"AV. PROL. MUÑOZ # 
490",EL CORTIJO,,SAN LUIS POTOSI,SAN LUIS POTOSI,24028090342,26-may.-14,"II,III,V,T,S,A.H",
FARMACIA  GUADALAJARA,FARMACIA,"AV. INDUSTRIAS #  
3880",ESPAÑOL,,SAN LUIS POTOSI,SAN LUIS POTOSI,24028090343,03-jun.-14,"I, II,III,V,T,S,A.H",
FARMACIA DEL AHORRO  (SUC. CALLE 8),FARMACIA,UNIVERSIDAD # 1845,S AN LUIS,,SAN LUIS POTOSI,SAN LUIS POTOSI,24028090344,10-jun.-14,"I, II,III,V,T,S,A.H",
FARMACIA  GUADALAJARA,FARMACIA,"PEDRO MORENO # 
1055",BARRIO SANTIAGO,,SAN LUIS POTOSI,SAN LUIS POTOSI,24028090345,03-jul.-14,"II,III,V,T,S,A.H",
GASTROFARMA,FARMACIA,"BENIGNO ARRIAGA # 
500",MODERNA,,SAN LUIS POTOSI,SAN LUIS POTOSI,24028090346,10-jul.-14,"II,III,V,T,S,A.H",
ONCO PHARMA,FARMACIA,"VENUSTIANO 
CARRANZA N° 2380",POLANCO,,SAN LUIS POTOSI,SAN LUIS POTOSI,24028090347,21-ago.-14,"I,II,III,V,T,S,A.H",
PROVEEDORA FARMACEUTICA RAMIREZ S.A DE C.V.,FARMACIA,ARISTA # 730-6,MODERNA,,SAN LUIS POTOSI,SAN LUIS POTOSI,24028090348,05-sep.-14,"I,II,III,V,T,S,A.H",
FARMACIAS GUADALAJARA,FARMACIA,"VENUSTIANO 
CARRANZA N° 1315",TEQUISQUIAPAN,,SAN LUIS POTOSI,SAN LUIS POTOSI,24028090349,03-oct.-14,"I,II,III,V,T,S,A.H",
AXIOMA CENTRO MEDICO,FARMACIA,MUÑOZ # 465,TEQUISQUIAPAN,,SAN LUIS POTOSI,SAN LUIS POTOSI,24028090350,08-oct.-14,"I,II,III,",
FARMACIA SORIANA SUPER PLAZA MUÑOZ,FARMACIA,PROL. MUÑOZ # 225,MUÑOZ,,SAN LUIS POTOSI,SAN LUIS POTOSI,24028090351,15-oct.-14,"I,II,III,V,T,S,A.H",
FARMACIA BENAVIDES,FARMACIA,"HIMNO NACIONAL # 
4301",HIMNO NACIONAL,,SAN LUIS POTOSI,SAN LUIS POTOSI,24028090352,30-oct.-14,"I,II,III,V,T,S,A.H",
FARMACIA PSIQUITRIA SAN LUIS POTOSI,FARMACIA,SIERRA LEONA # 387,LOMAS 3A SECCION,,SAN LUIS POTOSI,SAN LUIS POTOSI,24028090353,11-nov.-14,"I,II,III,V,T,S,A.H",
FFAARRMMAACCIIAA  M INI T PEIERLNA CONSULTORIO DE,FARMACIA,"ANTONIO AGUILAR 
#150","BUROCRATAS DEL 
ESTADO",,SAN LUIS POTOSI,SAN LUIS POTOSI,24028090354,03-dic.-14,"II,III,V,T,S,A.H",
"ESPECIALIDAD EN CIRUGIA  PLASTICA Y 
RECONSTRUCTIVA",FARMACIA,"ANTONIO AGUILAR # 
180","BUROCRATAS DEL 
ESTADO",,SAN LUIS POTOSI,SAN LUIS POTOSI,24028090355,04-feb.-15,"I,II,III,V,T,S,A.H",
"FARMACIA  INTERNA MATERNIDAD DR. JESUS N. 
NOYOLA",FARMACIA,MUÑOZ # 255,T  E   QUISQUIAPAN,,SAN LUIS POTOSI,SAN LUIS POTOSI,24028090356,13-feb.-15,"I,II,III,V,T,S,A.H",
FARMACIA Y DROGUERIA SANNUS,FARMACIA,"MONTES BLANCOS 
#180 LOCAL 9-10A",LOMAS 2a. SECCION,,SAN LUIS POTOSI,SAN LUIS POTOSI,24028090357,20-jul.-15,"I,II,III,V,T,S,A.H",
FARMACIA GUADALAJARA S.A. DE C.V.,FARMACIA,"AV. ROSA BLANCA 
#110",EL ROSEDAL,,SAN LUIS POTOSI,SAN LUIS POTOSI,24028090358,18-may.-15,"II,III,V,T,S,A,H",
FARMACIA GUADALAJARA S.A. DE C.V.,FARMACIA,"AV. DE LOS 
CULTIVOS #190","HACIENDA LOS 
MORALES",,SAN LUIS POTOSI,SAN LUIS POTOSI,24028090359,22-may.-15,"II,III,V,T,S,A,H",
"FARMACIA INTERNA CIRUGIA PLASTICA ESTETICA Y 
RECONSTRUCTIVA",FARMACIA,"AGUSTIN VERA # 
1291",POLANCO,,SAN LUIS POTOSI,SAN LUIS POTOSI,24028090362,22-ene.-16,"I, II,III,V,T,S,A.H",
FARMACIA DEL AHORRO SUC. FERNADO TORRES,FARMACIA,"FERNANDO TORRES 
# 820, 830",VIRREYES,,SAN LUIS POTOSI,SAN LUIS POTOSI,24028090363,29-feb.-16,"II,III,V,T,S,A.H",
FARMACIA VITAPHARMA,FARMACIA,VIVEROS # 482 L1,GARITA DE JALISCO,,SAN LUIS POTOSI,SAN LUIS POTOSI,24028090364,29-feb.-16,"I, II,III,V,T,S,A.H",
CENTRAL QUIRURGICA AMBULATORIA SAN JOSE,FARMACIA,"HIMNO NACIONAL # 
2045",TANGAMANGA,,SAN LUIS POTOSI,SAN LUIS POTOSI,24028090365,17-mar.-16,"I, II,III,V,T,S,A.H",
MI FARMACIA MEDICA ESPECIALIZADA,FARMACIA,"BENITO JUAREZ # 
1210 LOCAL 8",VALLE DORADO,,SAN LUIS POTOSI,SAN LUIS POTOSI,24028090366,31-may.-16,"I,II,III,V,T,S,A.H",
FARMACIA INTERNA CLINICA SINAI,FARMACIA,"RICARDO B. ANAYA # 
1818",RICARDO B. ANAYA,,SAN LUIS POTOSI,SAN LUIS POTOSI,24028090367,02-jun.-16,"I,II,III,V,T,S,A.H",
FARMACIAS GUADALAJARA,FARMACIA,"PEDRO MONTOYA # 
330",CENTRO,,SAN LUIS POTOSI,SAN LUIS POTOSI,24028090368,15-jun.-16,"I,II,III,V,T,S,A.H",
FARMACIAS GUADALAJARA,FARMACIA,"SAN JOSE DEL 
BARRO # 480-D","RESIDENCIAL EL 
CIELO",,SAN LUIS POTOSI,SAN LUIS POTOSI,24028090369,24-jun.-16,"I,II,III,V,T,S,A.H",
FARMACIA HOSPITAL DE LAS AMERICAS SAN LUIS,FARMACIA,"FRAY DIEGO DE LA 
MAGDALENA # 310-A",DEL VALLE,,SAN LUIS POTOSI,SAN LUIS POTOSI,24028090370,14-jul.-16,"I,II,III,V,T,S,A.H",
FARM. NUESTRA SRA. DE LOS ANGELES,FARMACIA,"ADOLFO LOPEZ 
MATEOS # 372",SAUCITO,,SAN LUIS POTOSI,SAN LUIS POTOSI,2401000002,26-oct.-00,******,
SANTA MARIA,FARMACIA,GUAJARDO # 378,CENTRO,,SAN LUIS POTOSI,SAN LUIS POTOSI,240100272,15/15/1996,****,
CLINICA DE LA LUZ,FARMACIA,"RICARDO B. ANAYA 
#2028",RICARDO B. ANAYA,,SAN LUIS POTOSI,SAN LUIS POTOSI,24028090004,12-dic.-02,"II,III,V,T,S,A,H",
HOSPITAL CENTRAL   IGNACIO MORONES,FARMACIA,CARRANZA # 2395,ZONA UNIVERSITARIA,,SAN LUIS POTOSI,SAN LUIS POTOSI,24028090005,*****,"I,II,III,T,V,S,A,H",
IMSS  Z.2,FARMACIA,"MELCHOR OCAMPO 
Y BENIGNO ARRIAGA",MODERNA,,SAN LUIS POTOSI,SAN LUIS POTOSI,24028090010,22-feb.-08,"I,II,III,V,T,S,A,H",
IMSS  Z.1,FARMACIA,"NICOLAS ZAPATA # 
203",CENTRO,,SAN LUIS POTOSI,SAN LUIS POTOSI,24028090011,02-abr.-08,"I,II,III,V,T,S,A,H",
IMSS UMF # 7,FARMACIA,PATRIA # 170,MORALES,,SAN LUIS POTOSI,SAN LUIS POTOSI,24028090012,02-abr.-08,"I,II,III,V,T,S,A,H",
BODEGA AURRERA,FARMACIA,"NICOLAS ZAPATA 
ESQ. TOMASA 
ESTEVEZ No.300",LOS ANGELES,,SAN LUIS POTOSI,SAN LUIS POTOSI,24028090019,13-dic.-02,"I,II,III,V,T,S,A,H",
ACEROS SAN LUIS,FARMACIA,EJE #114 INTERIOR,ZONA INDUSTRIAL,,SAN LUIS POTOSI,SAN LUIS POTOSI,24028090023,13-dic.-02,"II,III,V,T,S,A,H",
MAR CHARBEL HOSP.,FARMACIA,"RICARDO B. ANAYA # 
1710,",R.B. ANAYA,,SAN LUIS POTOSI,SAN LUIS POTOSI,24028090032,17-dic.-02,"I,II,III,V,T,S,A,H",
DROGUERIA Y FARMACIA EL FENIX SA DE CV,FARMACIA,EJE VIAL #755,CENTRO,,SAN LUIS POTOSI,SAN LUIS POTOSI,24028090060,08-ene.-03,"II,III,V,T,S,A,H",
GUADALAJARA,FARMACIA,"HIMNO NACIONAL # 
1030",JARDIN,,SAN LUIS POTOSI,SAN LUIS POTOSI,24028090070,10-ene.-03,"II,III,V,T,S,A,H",
GUADALAJARA,FARMACIA,MUÑOZ # 355,TEQUISQUIAPAN,,SAN LUIS POTOSI,SAN LUIS POTOSI,24028090072,10-ene.-03,"II,III,V,T,S,A,H",
GUADALAJARA,FARMACIA,"MARIANO 
ESCOBEDO # 605 
CENTRO",CENTRO,,SAN LUIS POTOSI,SAN LUIS POTOSI,24028090074,11-may.-07,"II,III,V,T,S,A,H",
GUADALAJARA,FARMACIA,"RUTILO TORRES # 
620",VALLE DORADO,,SAN LUIS POTOSI,SAN LUIS POTOSI,24028090076,13-ene.-03,"II,III,V,T,S,A,H",
GUADALAJARA,FARMACIA,CARRANZA # 100,CENTRO,,SAN LUIS POTOSI,SAN LUIS POTOSI,24028090077,13-ene.-03,"II,III,V,T,S,A,H",
INST. ASISTENCIAL BETANIA,FARMACIA,MUÑOZ # 255,TEQUISQUIAPAN,,SAN LUIS POTOSI,SAN LUIS POTOSI,24028090084,13-ene.-03,"II,III,T",
KORAL,FARMACIA,FLEMING # 730,PROGRESO,,SAN LUIS POTOSI,SAN LUIS POTOSI,24028090086,21-oct.-05,"II,III,V,T,S,A,H",
NUEVA CENTRAL CARRANZA,FARMACIA,"VENUSTIANO 
CARRANZA # 2376",POLANCO,,SAN LUIS POTOSI,SAN LUIS POTOSI,24028090096,15-ene.-03,"I,II,III,V,T,S,A,H",
GUADALAJARA,FARMACIA,"CAR. A 
GUADALAJARA # 101-
A",LOMAS 3° SECC.,,SAN LUIS POTOSI,SAN LUIS POTOSI,24028090118,23-mar.-99,"I,II,III,V,T,S,A,H",
SANBORNS HERMANOS,FARMACIA,"DIAGONAL SUR # 
1300",TANGAMANAGA,,SAN LUIS POTOSI,SAN LUIS POTOSI,24028090124,20-mar.-07,"I,II,III,V,T,S,A,H",
SORIANA,FARMACIA,"SALVADOR NAVA # 
435",CENTRAL,,SAN LUIS POTOSI,SAN LUIS POTOSI,24028090139,21-ene.-03,"I,II,III,V,T,S,A,H",
SAMS CLUB,FARMACIA,"SALVADOR NAVA # 
3135-A",COLINAS DEL PARQUE,,SAN LUIS POTOSI,SAN LUIS POTOSI,24028090142,21-ene.-03,"II,III,V,T,S,A,H",
WAL- MART,FARMACIA,"SALVADOR NAVA # 
3135-A",COLINAS DEL PARQUE,,SAN LUIS POTOSI,SAN LUIS POTOSI,24028090147,21-ene.-03,"II,III,V,T,S,A,H",
GUADALAJARA,FARMACIA,"CORDILLERA 
HIMALAYA # 905 / 
906, LOMAS 4°",LOMAS 4A SEC.,,SAN LUIS POTOSI,SAN LUIS POTOSI,24028090150,12-may.-03,"II,III,V,T,S,A,H",
GUADALAJARA,FARMACIA,ALHONDIGA # 12-C,CENTRO,,SAN LUIS POTOSI,SAN LUIS POTOSI,24028090153,20-ago.-03,"II,III,V,T,S,A,H",
GUADALAJARA,FARMACIA,ZARAGOZA # 515,CENTRO,,SAN LUIS POTOSI,SAN LUIS POTOSI,24028090154,21-abr.-08,"I,II,III,V,T,S,A,H",
TIENDAS COMERCIAL MEXICANA,FARMACIA,"SALVADOR NAVA 
ESQ. MANUEL J. 
CLOUTHIER",TANGAMANGA,,SAN LUIS POTOSI,SAN LUIS POTOSI,24028090156,10-oct.-03,"II,III,V,T,S,A,H",
IMSS HOSP. GRAL DE ZONA # 50,FARMACIA,"AV. TANGAMANGA # 
205","PRADOS SAN 
VICENTE 1° SEC.",,SAN LUIS POTOSI,SAN LUIS POTOSI,24028090157,13-oct.-03,"I,II,III,V,T,S,A,H",
BODEGA AURRERA,FARMACIA,"SIMON DIAZ #3255,",SIMON DIAZ,,SAN LUIS POTOSI,SAN LUIS POTOSI,24028090159,14-ene.-04,"II,III,V,T,S,H",
TIENDAS SORIANA,FARMACIA,AV. DE LA PAZ # 220,SANTIAGO,,SAN LUIS POTOSI,SAN LUIS POTOSI,24028090168,25-may.-06,"II,III,V,T,S,A,H",
GUADALAJARA,FARMACIA,RIO TANQUIAN # 123,LOMAS 1° SECC.,,SAN LUIS POTOSI,SAN LUIS POTOSI,24028090169,30-jun.-04,"II,III,V,T,S,A,H",
ALAMITOS REPUBLICA/ FARM. MERCADO REP.,FARMACIA,"16 DE SEPTIEMBRE 
NO.269",CENTRO,,SAN LUIS POTOSI,SAN LUIS POTOSI,24028090176,23/06/200,"I,II,III,V,T,S,A,H",
BENAVIDES,FARMACIA,"CORDILLERA 
HIMALAYA NO.500",LOMAS 4A SEC,,SAN LUIS POTOSI,SAN LUIS POTOSI,24028090176,09-abr.-07,"I,II,III,V,T,S,A,H",
FARMACIA DEL AHORRO SUC. EJE VIAL,FARMACIA,TANGAMANGA # 290,CENTRO,,SAN LUIS POTOSI,SAN LUIS POTOSI,24028090177,22-mar.-11,"I,II,III,V,T,S,A,H",
"CRUZ ROJA MEXICANA DELEGACIONAL SAN LUIS 
POTOSI",FARMACIA,"CALZADA DE 
GUADALUPE # 540,","BARRIO SAN 
MIGUELITO",,SAN LUIS POTOSI,SAN LUIS POTOSI,24028090180,12-nov.-04,"I,II,III,V,T,S,A,H",
GUADALAJARA,FARMACIA,"AV. CHAPULTEPEC # 
428",COLINAS DEL PARQUE,,SAN LUIS POTOSI,SAN LUIS POTOSI,24028090183,23-nov.-04,"I,II,III,V,T,S,A,H",
FARMACIAS HEB,FARMACIA,"AV. HIMNO 
NACIONAL # 100",VIRREYES,,SAN LUIS POTOSI,SAN LUIS POTOSI,24028090184,03-dic.-04,"I,II,III,V,T,S,A,H",
FARMACIA MEXICANA,FARMACIA,"MANUEL JOSE 
OTHON # 180",CENTRO,,SAN LUIS POTOSI,SAN LUIS POTOSI,24028090189,10-feb.-05,"I,II,III,V,T,S,A,H",
GUADALAJARA,FARMACIA,"MARIANO JIMENEZ # 
380",ALAMITOS,,SAN LUIS POTOSI,SAN LUIS POTOSI,24028090193,23-mar.-01,"II,III,V,T,S,A,H",
"COSTCO DE MEXICO, SA",FARMACIA,"CHAPULTEPEC #200,",COLINAS DEL PARQUE,,SAN LUIS POTOSI,SAN LUIS POTOSI,24028090194,06-jun.-01,"II,III,V,T,S,A,H",
FARMACIA DEL AHORRO SUC. CALLEJON DEL CODO,FARMACIA,"CALLEJON DEL 
CODO # 13",CENTRO,,SAN LUIS POTOSI,SAN LUIS POTOSI,24028090196,22-mar.-11,"I,II,III,V,T,S,A,H",
FARMACIAS DEL AHORRO SUC. HIMNO NACIONAL,FARMACIA,"HIMNO NACIONAL # 
910","JARDINES DEL 
ESTADIO",,SAN LUIS POTOSI,SAN LUIS POTOSI,24028090197,22-mar.-11,"I,II,III,V,T,S,A,H",
FARMACIA DEL AHORRO SUC. LOS PRADOS,FARMACIA,"JULIO BETANCOURT 
# 975",PRADOS DE SAN LUIS,,SAN LUIS POTOSI,SAN LUIS POTOSI,24028090198,22-mar.-11,"I,II,III,V,T,S,A,H",
FARMACOS ESPECIALIZADOS,FARMACIA,"VENUSTIANO 
CARRANZA # 777",MODERNA,,SAN LUIS POTOSI,SAN LUIS POTOSI,24028090201,11-ago.-05,"I,II,III,V,T,S,A,H",
FARMACIA DEL AHORRO SUC. CARRANZA,FARMACIA,CARRANZA # 2236,POLANCO,,SAN LUIS POTOSI,SAN LUIS POTOSI,24028090202,22-mar.-11,"I,II,III,V,T,S,A,H",
FARMACIA DEL AHORRO SUC. MUÑOZ,FARMACIA,PROL. MUÑOZ # 504,LOS REYES,,SAN LUIS POTOSI,SAN LUIS POTOSI,24028090206,22-mar.-11,"I,II,III,V,T,S,A,H",
SUPERAMA LOMAS,FARMACIA,"CORDILLERA  DE 
LOS ALPES # 710",LOMAS DE SAN LUIS,,SAN LUIS POTOSI,SAN LUIS POTOSI,24028090207,11-nov.-05,"I,II,III,V,T,S,A,H",
ISSSTE FARMACIA PEDRO BARCENAS HIRIART,FARMACIA,"SALVADOR NAVA 
ESQ. LUNA",CAPRICORNIO,,SAN LUIS POTOSI,SAN LUIS POTOSI,24028090209,02-dic.-05,"I,II,III,V,T,S,A,H",
GUADALAJARA,FARMACIA,OLIVOS # 105,"RINCONADA DE LOS 
OLIVOS",,SAN LUIS POTOSI,SAN LUIS POTOSI,24028090210,02-feb.-06,"I,II,III,V,T,S,A,H",
GUADALAJARA,FARMACIA,"VASCO DE QUIROGA 
# 735","INDUSTRIAL  
AVIACION",,SAN LUIS POTOSI,SAN LUIS POTOSI,24028090211,02-feb.-06,"I,II,III,V,T,S,A,H",
BODEGA AURRERA REFORMA,FARMACIA,AV. REFORMA # 600,CENTRO,,SAN LUIS POTOSI,SAN LUIS POTOSI,24028090213,10-feb.-06,"I,II,III,V,T,S,A,H",
FARMACIAS DEL AHORRO SUC. PEDRO MORENO,FARMACIA,"PEDRO MORENO # 
939",LOS ANGELES,,SAN LUIS POTOSI,SAN LUIS POTOSI,24028090214,22-mar.-11,"I,II,III,V,T,S,A,H",
WAL MART  MUÑOZ,FARMACIA,PROL. MUÑOZ # 400,SANTIAGO DEL RIO,,SAN LUIS POTOSI,SAN LUIS POTOSI,24028090216,20-mar.-06,"I,II,III,V,T,S,A,H",
FARMACIA WAL MART,FARMACIA,"CARR.  57 ESQ. 
CALLE ROMA",PROVIDENCIA,,SAN LUIS POTOSI,SAN LUIS POTOSI,24028090217,20-mar.-06,"I,II,III,V,T,S,A,H",
FARMACIA BODEGA AURRERA,FARMACIA,"ACCESO NORTE # 
390",ESPAÑA,,SAN LUIS POTOSI,SAN LUIS POTOSI,24028090218,31-mar.-06,"I,II,III,V,T,S,A,H",
FARMACIAS DEL AHORRO SUC. ZAPATA,FARMACIA,ZAPATA # 371,RURAL ATLAS,,SAN LUIS POTOSI,SAN LUIS POTOSI,24028090219,22-mar.-11,"I,II,III,V,T,S,A,H",
FARMACIAS DEL AHORRO SUC. SALK.,FARMACIA,AV. SALK # 210,PROGRESO,,SAN LUIS POTOSI,SAN LUIS POTOSI,24028090220,22-mar.-11,"I,II,III,V,T,S,A,H",
SORIANA,FARMACIA,"AV. BENITO  JUAREZ 
# 2005 ANCLA 1","ESTRELLA DE 
ORIENTE",,SAN LUIS POTOSI,SAN LUIS POTOSI,24028090223,22-sep.-06,"I,II,III,V,T,S,A,H",
FARMACIA DEL AHORRO SUC. LOS BRAVO,FARMACIA,BRAVO # 190-A,CENTRO,,SAN LUIS POTOSI,SAN LUIS POTOSI,24028090224,22-mar.-11,"I,II,III,V,T,S,A,H",
DEL AHORRO SUC REFORMA,FARMACIA,"HIDALGO # 660   
CENTRO",CENTRO,,SAN LUIS POTOSI,SAN LUIS POTOSI,24028090225,22-mar.-11,"I,II,III,V,T,S,A,H",
ASILO PARA ANCIANOS DR. NICOLAS AGUILAR,FARMACIA,"CAMINO A LA PRESA 
KM 1",LOMAS LOS FILTROS,,SAN LUIS POTOSI,SAN LUIS POTOSI,24028090226,11-jul.-06,"I,II,III,V,T,S,A,H",
DEL AHORRO SUC. CAMPESTRE,FARMACIA,"AV. DEL PARQUE # 
320",CAMPESTRE,,SAN LUIS POTOSI,SAN LUIS POTOSI,24028090227,22-mar.-11,"I,II,III,V,T,S,A,H",
GUADALAJARA,FARMACIA,"AV DEL SAUCE # 
1234",PONCIANO ARRRIGA,,SAN LUIS POTOSI,SAN LUIS POTOSI,24028090228,14-ago.-06,"I,II,III,V,T,S,A,H",
BODEGA AURRERA,FARMACIA,"CARR.A ZACATECAS 
# 335",EL ROSEDAL,,SAN LUIS POTOSI,SAN LUIS POTOSI,24028090230,21-ago.-06,"I,II,III,V,T,S,A,H",
SISOSRSITAEN  AFARM. INTERNA / UMF DR. ARTURO,FARMACIA,"AV. MANUEL J. 
CLOUHTIER # 229-A",TANGAMANGA,,SAN LUIS POTOSI,SAN LUIS POTOSI,24028090231,18-sep.-06,"I,II,III,V,T,S,A,H",
AGUILLON,FARMACIA,AV.SCOP # 1120,BUROCRATA,,SAN LUIS POTOSI,SAN LUIS POTOSI,24028090233,26-sep.-06,"I,II,III,V,T,S,A,H",
GUADALAJARA,FARMACIA,"AV. INDUSTRIAS # 
1050",VALLE DORADO,,SAN LUIS POTOSI,SAN LUIS POTOSI,24028090234,27-sep.-06,"II,III,V,T,S,A,H",
DEL AHORRO,FARMACIA,"RUTILO TORRES # 
455-A",CENTRAL,,SAN LUIS POTOSI,SAN LUIS POTOSI,24028090235,22-mar.-11,"I,II,III,V,T,S,A,H",
FARMACIAS DEL AHORRO SUC. FIESTA,FARMACIA,"HIMNO NACIONAL # 
4343",HIMNO NACIONAL,,SAN LUIS POTOSI,SAN LUIS POTOSI,24028090236,22-mar.-11,"I,II,III,V,T,S,A,H",
BOTICA TEO,FARMACIA,"GRAL. I. MARTINEZ # 
1300",TEQUISQUIAPAN,,SAN LUIS POTOSI,SAN LUIS POTOSI,24028090239,25-oct.-06,"I,II,III,V,T,S,A,H",
BOTICA TEO,FARMACIA,"GRAL. I. MARTINEZ # 
1300",TEQUISQUIAPAN,,SAN LUIS POTOSI,SAN LUIS POTOSI,24028090239,29-may.-12,"II,III,V,T,S,A.H",
FARMACIA FLORES SALAS,FARMACIA,"MELCHOR OCAMPO 
# 1042 INT A",TEQUISQUIAPAN,,SAN LUIS POTOSI,SAN LUIS POTOSI,24028090241,18-dic.-06,"I,II,III,V,T,S,A,H",
"FARMACIA INTRAHOSPITLARIA CENTRO MEDICO 
POTOSI",FARMACIA,"ANTONIO AGUILAR 
#155,","BUROCRATAS DEL 
ESTADO",,SAN LUIS POTOSI,SAN LUIS POTOSI,24028090242,20-feb.-07,"I,II,III,V,T,S,A,H",
SOCIEDAD DE BENEFICENCIA ESPAÑOLA,FARMACIA,"VENUSTIANO 
CARRANZA # 1090",TEQUISQUIAPAN,,SAN LUIS POTOSI,SAN LUIS POTOSI,24028090245,30-mar.-07,"I,II,III,V,T,S,A,H",
DROGUERIA BENAVIDES SA DE CV,FARMACIA,"MARIANO JIMENEZ 
#1140,","JARDINES DEL 
ESTADIO",,SAN LUIS POTOSI,SAN LUIS POTOSI,24028090246,11-abr.-07,"I,II,III,V,T,S,A,H",
CHEDRAUI,FARMACIA,"AV. NEREO RGZ. 
BARRAGAN # 450",DEL VALLE,,SAN LUIS POTOSI,SAN LUIS POTOSI,24028090247,22-may.-07,"I,II,III,V,T,S,A,H",
CLINICA DEL PARQUE / FARMACIA S/N SIN NOMBRE,FARMACIA,"MANUEL J. 
CLOUTHIER # 350",GARITA DE JALISCO,,SAN LUIS POTOSI,SAN LUIS POTOSI,24028090249,11-jul.-07,"I,II,III,V,T,S,A,H",
ENDOTEC,FARMACIA,"CAMINO A LA PRESA  
# 215 INT 5-F","LOMAS DE LOS 
FILTROS",,SAN LUIS POTOSI,SAN LUIS POTOSI,24028090251,01-ago.-07,"I,II,III,V,T,S,A,H",
FARMACIA ALMER,FARMACIA,"J. GUADALUPE 
TORRES 280,",EVLIL LPAASS EDOEL,,SAN LUIS POTOSI,SAN LUIS POTOSI,24028090253,23-ago.-07,"I,II,III,V,T,S,A,H",
HOSPITAL LOMAS SAN LUIS INTERNACIONAL,FARMACIA,"AV. PALMIRA # 600,",PEDREGAL,,SAN LUIS POTOSI,SAN LUIS POTOSI,24028090256,13-dic.-07,"I,II,III,V,T,S,A,H",
DIST. MED. Y HOSPITALARIA QUIROZ,FARMACIA,"PLAZA 
TANGAMANGA L-15,",TANGAMANGA,,SAN LUIS POTOSI,SAN LUIS POTOSI,24028090257,02-feb.-10,"I,II,III,V,T,S,A,H",
GIRASOLES,FARMACIA,"CORDILLERA 
ORIENTAL # 505",LA SIERRA,,SAN LUIS POTOSI,SAN LUIS POTOSI,24028090259,17-ene.-08,"I,II,III,V,T,S,A,H",
DEL AHORRO SUC SAUCITO,FARMACIA,"FRAY DIEGO DE LA 
MAGDALENA NO. 96",SAUCITO,,SAN LUIS POTOSI,SAN LUIS POTOSI,24028090263,22-mar.-11,"I,II,III,V,T,S,A,H",
LA PERLA DROGUERIA,FARMACIA,"CUAUHTEMOC # 600 
G-1",TEQUISQUIAPAN,,SAN LUIS POTOSI,SAN LUIS POTOSI,24028090264,09-mar.-09,"I,II,III,V,T,S,A,H",
NTRA. SRA. DE GUADALUPE,FARMACIA,CALLE 81 # 108,PRADOS 2 ° SECC.,,SAN LUIS POTOSI,SAN LUIS POTOSI,24028090265,10-feb.-09,"I,II,III,V,T,S,A,H",
IMSS MED. FAM # 45 FARM. INT.,FARMACIA,"SALVADOR NAVA # 
105",CENTRAL,,SAN LUIS POTOSI,SAN LUIS POTOSI,24028090269,11-jun.-09,"I,II,III,V,T,S,A,H",
FARMACOS ESPECIALIZADOS,FARMACIA,"CARRANZA # 2325 
LOC 25, 26",POLANCO,,SAN LUIS POTOSI,SAN LUIS POTOSI,24028090271,04-nov.-09,"I,II,III,V,T,S,A,H",
ESPECIALIDADES MEDICAS,FARMACIA,"CARRANZA # 2325 
LOCAL 20",POLANCO,,SAN LUIS POTOSI,SAN LUIS POTOSI,24028090271,04-nov.-09,"I,II,III,V,T,S,A,H",
FARMACIA LA PAZ,FARMACIA,"AV. V. CARRANZA # 
2360-A",POLANCO,,SAN LUIS POTOSI,SAN LUIS POTOSI,24028090272,07-dic.-09,"I,II,III,V,T,S,A,H",
SORIANA,FARMACIA,"AV. CHAPULTEPEC # 
1200",ALPES,,SAN LUIS POTOSI,SAN LUIS POTOSI,24028090273,07-dic.-09,"I,II,III,V,T,S,A,H",
DEL AHORRO (B. ANAYA),FARMACIA,"AV. RICARDO B. 
ANAYA # 1601-B",RICARO B. ANAYA,,SAN LUIS POTOSI,SAN LUIS POTOSI,24028090276,22-mar.-11,"I,II,III,V,T,S,A,H",
"HOSPITAL DE ESPECIALIDADES MEDICAS DE LA 
SALUD",FARMACIA,"AV. BENITO  JUAREZ 
# 1210, VALLE 
DORADO",VALLE DORADO,,SAN LUIS POTOSI,SAN LUIS POTOSI,24028090281,20-ene.-10,"I,II,III,V,T,S,A,H",
GUADALAJARA,FARMACIA,"RICARDO B. ANAYA # 
1480-A",PROVIDENCIA,,SAN LUIS POTOSI,SAN LUIS POTOSI,24028090282,16-feb.-10,"I,II,III,V,T,S,A,H",
"FARMACIA INTERNA DEL LABORATORIO DE 
FARMACOLOGIA",FARMACIA,"AV. SALVADOR NAVA 
# 6",UNIVERSITARIA,,SAN LUIS POTOSI,SAN LUIS POTOSI,24028090284,16-mar.-10,"I,II,III,V,T,S,A,H",
MI FARMACIA MEDICA,FARMACIA,"NIÑO ARTILLERO # 
140-B",UNIVERSITARIA,,SAN LUIS POTOSI,SAN LUIS POTOSI,24028090285,04-ene.-12,"I,II,III,V,T,S,A,H",
SAUCITO,FARMACIA,DEL SAUCE # 124,SAUCITO,,SAN LUIS POTOSI,SAN LUIS POTOSI,24028090286,15-abr.-10,"I,II,III,V,T,S,A,H",
URGENCIAS MEDICAS SANTA ANA,FARMACIA,5 DE MAYO # 1243,SAN MIGUELITO,,SAN LUIS POTOSI,SAN LUIS POTOSI,24028090287,14-may.-10,"I,II,III,V,T,S,A,H",
SUPER FARMACIA JB,FARMACIA,"PROL. NEREO RDZ. 
BARRAGAN # 1380-
A1",LOS REYITOS,,SAN LUIS POTOSI,SAN LUIS POTOSI,24028090289,01-jun.-10,"I,II,III,V,T,S,A,H",
DEL AHORRO SUC HIMALAYA,FARMACIA,"AV. REAL DEL 
POTOSI # 215",LOMAS 4° SECC.,,SAN LUIS POTOSI,SAN LUIS POTOSI,24028090290,22-mar.-11,"I,II,III,V,T,S,A,H",
CLINICA EDMUNDO ZARATE BORBOLLA,FARMACIA,"ROSALIO 
BUSTAMANTE # 185",DEL VALLE,,SAN LUIS POTOSI,SAN LUIS POTOSI,24028090291,13-ago.-10,"I,II,III,V,T,S,A,H",
"FARMACIA INTERNA DEL CEPEM (CENTRO POTOSINO 
DE ESPECIALIDADES MEDICAS)",FARMACIA,MUÑOZ # 465,TEQUISQUIAPAN,,SAN LUIS POTOSI,SAN LUIS POTOSI,24028090292,06-sep.-10,"I,II,III,V,T,S,A,H",
URGENCIAS MEDICAS SANTA MONICA,FARMACIA,AV. DEL SAUCE # 166,SAUCITO,,SAN LUIS POTOSI,SAN LUIS POTOSI,24028090293,13-sep.-10,"I,II,III,V,T,S,A,H",
MEDICA QUIRURGICA AMBULATORIA,FARMACIA,"CUAUHTEMOC # 
1655",JARDIN,,SAN LUIS POTOSI,SAN LUIS POTOSI,24028090294,06-dic.-10,"I,II,III,V,T,S,A.H",
FARMACIAS DEL AHORRO (PORTALES),FARMACIA,"V. CARRANZA # 345,",CENTRO,,SAN LUIS POTOSI,SAN LUIS POTOSI,24028090295,22-mar.-11,"I,II,III,V,T,S,A,H",
CLINICA MODERNA,FARMACIA,"MARIANO AVILA # 
925",MODERNA,,SAN LUIS POTOSI,SAN LUIS POTOSI,24028090296,14-dic.-10,"I,II,III,V,T,S,A,H",
PHARDERMA,FARMACIA,"NICOLAS ZAPATA # 
535-G",TEQUISQUIAPAN,,SAN LUIS POTOSI,SAN LUIS POTOSI,24028090297,23-feb.-11,"I,II,III,V,T,S,A,H",
DEL AHORRO SUC SANTOS DEGOLLADO,FARMACIA,"AV. SANTOS 
DEGOLLADO # 783","JARDINES DEL 
ESTADIO",,SAN LUIS POTOSI,SAN LUIS POTOSI,24028090298,22-mar.-11,"I,II,III,V,T,S,A,H",
DEL AHORRO,FARMACIA,"AV. INDUSTRIAS # 
1502",JARDINES DEL SUR,,SAN LUIS POTOSI,SAN LUIS POTOSI,24028090299,04-mar.-11,"I,II,III,V,T,S,A,H",
MEDICA DE NUESTRA SEÑORA DEL REFUGIO,FARMACIA,FRUTALES # 237,"RINCONADA DE LOS 
OLIVOS",,SAN LUIS POTOSI,SAN LUIS POTOSI,24028090303,25-jul.-11,"II,III,V,T,S,A,H",
SAMS CLUB,FARMACIA,"AV. BENITO JUAREZ 
# 1599",JAIME TORRES BODET,,SAN LUIS POTOSI,SAN LUIS POTOSI,24028090304,26-ago.-11,"II,III,V,T,S,A,H",
MEDICA ARISTA,FARMACIA,ARISTA # 931,TEQUISQUIAPAN,,SAN LUIS POTOSI,SAN LUIS POTOSI,24028090306,08-sep.-11,"I,II,III,V,T,S,A,H",
FARMACIA DEL AHORRO (MORELOS),FARMACIA,MORELOS # 100-A,CENTRO,,SAN LUIS POTOSI,SAN LUIS POTOSI,24028090307,27-sep.-11,"II,III,V,T,S,A,H",
DROGUERIA SIGMA,FARMACIA,REFORMA # 1525-10,CENTRO,,SAN LUIS POTOSI,SAN LUIS POTOSI,24028090308,14-oct.-11,"I,II,III,V,T,S,A,H",
CLINICA DOCTORES,FARMACIA,"MARIANO OTERO # 
425",TEQUISQUIAPAN,,SAN LUIS POTOSI,SAN LUIS POTOSI,24028090309,09-dic.-11,"I,II,III,V,T,S,A,H",
FARMACIA DEL AHORRO (CONSTITUCION),FARMACIA,SIMON DIAZ # 690,SANTA FE,,SAN LUIS POTOSI,SAN LUIS POTOSI,24028090311,04-ene.-12,"II,III,V,T,S,A,H",
FARMACIA DERMATOLOGICA,FARMACIA,"VENUSTIANO 
CARRANZA # 1935 
LOCAL B",TEQUISQUIAPAN,,SAN LUIS POTOSI,SAN LUIS POTOSI,24028090312,23-mar.-12,"II,III,V,T,S,A,H",
"CLINICA DE ESPECIALIDADES MEDICAS Y CIRUGIA 
AMBULATORIA SANTA CRUZ",FARMACIA,"VASCO DE QUIROGA 
# 611,",INDUSTRIAL AVIACION,,SAN LUIS POTOSI,SAN LUIS POTOSI,24028090313,23-abr.-12,"I,II,III,V,T,S,A,H",
FARMACIA DEL AHORRO (CALZADA DE GUADALUPE),FARMACIA,"AV. JUAREZ  #600,",NIÑOS HEROES,,SAN LUIS POTOSI,SAN LUIS POTOSI,24028090314,02-may.-12,"I,II,III,V,T,S,A,H",
FARMACIA ALKIMIA,FARMACIA,"ARISTA # 931-F,",TEQUISQUIAPAN,,SAN LUIS POTOSI,SAN LUIS POTOSI,24028090315,11-may.-12,"I,II,III,V,T,S,A,H",
GUADALAJARA,FARMACIA,"JUAN DEL JARRO # 
253",BARRIO DE SANTIAGO,,SAN LUIS POTOSI,SAN LUIS POTOSI,24028090316,23-may.-12,"I,II,III,V,T,S,A,H",
FARMACIA GUADALAJARA,FARMACIA,SABINOS # 830,ABASTOS INFONAVIT,,SAN LUIS POTOSI,SAN LUIS POTOSI,24028090317,23-may.-12,"I,II,III,V,T,S,A,H",
FARMACIA INTERNA DEL HOPSITAL OLIMED,FARMACIA,DE LOS OLIVOS 105,"RINCONADA DE LOS 
OLIVOS",,SAN LUIS POTOSI,SAN LUIS POTOSI,24028090318,11-jun.-12,"I,II,III,V,T,S,A,H",
"FARMACIA INTERNA UNIDAD DE CIRUGIA 
AMBULATORIA PARA EL MANEJO DEL PIE",FARMACIA,"FRAY DIEGO DE LA 
MAGDALENA # 530","JARDINES DE LA 
 RIVERA",,SAN LUIS POTOSI,SAN LUIS POTOSI,24028090319,03-sep.-12,"I,II,III,V,T,S,A,H",
FARMACIAS DEL AHORRO (LOMAS),FARMACIA,"CORDILLERA DE LOS 
ALPES # 976","VILLAS DEL 
PEDREGAL",,SAN LUIS POTOSI,SAN LUIS POTOSI,24028090320,18-sep.-12,"II,III,V,T,S,A.H",
FARMACIA SANBORN HERMANOS,FARMACIA,"BLVD. ANTONIO 
ROCHA CORDERO # 
700","LOMAS DEL 
TECNOLOGICO",,SAN LUIS POTOSI,SAN LUIS POTOSI,24028090321,07-nov.-12,"II,III,V,T,S,A.H",
FARMACIA GUADALAJARA S.A DE C.V.,FARMACIA,"CONSTITUCION # 
2280 LOCAL 1, 2 Y 3",CONSTITUCION,,SAN LUIS POTOSI,SAN LUIS POTOSI,24028090324,04-dic.-12,"II,III,V,T,S,A.H",
FARMACIAS RYO,FARMACIA,"AV. SALVADOR NAVA 
# 400",NUEVO PASEO,,SAN LUIS POTOSI,SAN LUIS POTOSI,24028090326,05-feb.-13,"II,III,V,T,S,A.H",
SAN JUAN SUPER FARMACIAS,FARMACIA,"AV. VILLA ANTIGUA # 
646-3",VILLA ANTIGUA,,SAN LUIS POTOSI,SAN LUIS POTOSI,24028090332,18 12 2013,II III V  T  S  A  H,
LASER SOLUTIONS,FARMACIA,"AV. REAL DE LOMAS 
# 1005  P-",LOMAS 4A SECC,,SAN LUIS POTOSI,SAN LUIS POTOSI,24028090339,31 01 2014,I II III V T S A H,
FARMACIA MIDETE Y RINDE MAS,FARMACIA,"CALLE VIVEROS # 
482  INT. 104-B",GARIA DE JALISCO,,SAN LUIS POTOSI,SAN LUIS POTOSI,24028090341,04/04/14,II  III V T S A H,
TIENDAS COMERCIAL MEXICANA,FARMACIA,"HIMNO NACIONAL # 
4005",HIMNO NACIONAL,,SAN LUIS POTOSI,SAN LUIS POTOSI,2402809152,20-ago.-03,"I,II,III,V,T,S,A,H",
BIO BOTICA,FARMACIA,"MARIANO AVILA # 
809-A",TEQUISQUIAPAN,,SAN LUIS POTOSI,SAN LUIS POTOSI,24028100002,18-abr.-05,"I,II,III,V,T,S,A,H",
CLINICA GALLELI,FARMACIA,"AV. DE LOS PINOS 
#237,","PRADERAS DEL 
MAUREL",,SAN LUIS POTOSI,SAN LUIS POTOSI,24035090003,18-dic.-02,"I,II,III,V,T,S,A,H",
DE LOS ANGELES,FARMACIA,"AV. JOSE DE GALVEZ 
#305-A",FORESTA,,SAN LUIS POTOSI,SAN LUIS POTOSI,24035090015,04-feb.-05,"I,II,III,V,T,S,A,H",
GUADALAJARA,FARMACIA,"CARR. A SOLEDAD # 
21650",LA RAZA,,SAN LUIS POTOSI,SAN LUIS POTOSI,24035090017,02-sep.-05,"II,III,V,T,S,A,H",
CACTUS,FARMACIA,"AV. CACTUS NO. 
1712,","QUINTAS DE LA 
HACIENDA I",,SAN LUIS POTOSI,SAN LUIS POTOSI,24035090027,19-mar.-09,"I,II,III,V,T,S,A,H",
"BODEGA AURRERA SOLEDAD DE GRACIANO 
SANCHEZ",FARMACIA,"AV. SAN PEDRO # 
1322,",SAN FRANCISCO,,SAN LUIS POTOSI,SAN LUIS POTOSI,24035090032,04-ene.-12,"II,III,V,T,S,A,H",
FARMACIA DEL AHORRO (JOSE DE GALVEZ),FARMACIA,"JOSE DE GALVEZ # 
200,",REFORMA,,SAN LUIS POTOSI,SAN LUIS POTOSI,24035090033,16-may.-12,"I,II,III,V,T,S,A,H",
FARMACIA GUADALUPANA,FARMACIA,HIDALGO # 12,CENTRO,,"SAN VICENTE 
TANCUAYALAB",SAN LUIS POTOSI,24034090002,17-feb.-14,II III V T S A H,
LA SALUD,FARMACIA,MORELOS # 273,CENTRO,,"SANTA MARIA DEL 
RIO",SAN LUIS POTOSI,24032090003,02/08/05,"II,III,V,T,S,A, H",
INTERNA  IMSS UMF # 19,FARMACIA,CARRANZA # 23,CENTRO,,"SANTA MARIA DEL 
RIO",SAN LUIS POTOSI,24032090007,13/11/03,"I,II,III,V,T,S,A.H",
SAN JOSE,FARMACIA,"JOSE MA. MORELOS 
Y PAVON # 110",CENTRO,,"SANTA MARIA DEL 
RIO",SAN LUIS POTOSI,24032090008,01/09/08,"I, II,III,V,T,S,A, H",
FARMACIAS DEL AHORRO,FARMACIA,"JARDIN HIDALGO Y 
MORELOS # 182,",CENTRO,,"SANTA MARIA DEL 
RIO",SAN LUIS POTOSI,24032090009,06/01/11,"I, II,III,V,T, S, A, H",
"FARMACIA TIENDAS CHEDARHUI, S.A DE C.V.",FARMACIA,"CARR. FED. 57 
TRAMO SLP - 
MATEHUALA KM 4",LA RAZA,,"SOLEDAD DE 
GRACIANO 
SANCHEZ",SAN LUIS POTOSI,24020090026,21-dic.-15,"II,III,V,T,S,A.H",
"FARMACIA  INTERNA  CLINICA PSIQUIATRICA DR 
EVERARDO NEUMANN PEÑA",FARMACIA,"KM 8.5 CARRETERA 
A MATEHUALA",,,"SOLEDAD DE 
GRACIANO 
SANCHEZ",SAN LUIS POTOSI,24035090001,23-feb.-15,"II,III,V,T,S,A.H",
FARMACENTRO,FARMACIA,CACTUS 1845,"QUINTAS DE LA 
HACIENDA",,"SOLEDAD DE 
GRACIANO 
SANCHEZ",SAN LUIS POTOSI,24035090029,07-oct.-13,"II,III,V,T,S,A.H",
FARMACIA PASTILLERO,FARMACIA,MIGUEL HIDALGO 4-A,CENTRO,,"SOLEDAD DE 
GRACIANO 
SANCHEZ",SAN LUIS POTOSI,24035090034,07-oct.-13,"II,III,V,T,S,A.H",
"FARMACIAS BENAVIDES SUC. SOLEDAD DE 
GRACIANO",FARMACIA,AV.SAN PEDRO #300,LAS PALMAS,,"SOLEDAD DE 
GRACIANO 
SANCHEZ",SAN LUIS POTOSI,24035090036,01-jun.-15,"II,III,V,T,S,A.H",
FARMACIA MERCADO SORIANA,FARMACIA,"AV. SAN PEDRO # 
1807",SAN FRANCISCO,,"SOLEDAD DE 
GRACIANO 
SANCHEZ",SAN LUIS POTOSI,24035090037,13-feb.-14,"II,III,V,T,S,A.H",
FARMACIA SORIANA PLAZA CITADINA,FARMACIA,"CARRETERA 
MATEHUALA #3600 
INT.56",CENTRO,,"SOLEDAD DE 
GRACIANO 
SANCHEZ",SAN LUIS POTOSI,24035090038,09-abr.-15,"II,III,V,T,S,A.H",
FARMACIA GUADALAJARA S.A. DE C.V.,FARMACIA,AV. SAN PEDRO 1827,"FRACC. SAN FCO. DE 
ASIS",,"SOLEDAD DE 
GRACIANO 
SANCHEZ",SAN LUIS POTOSI,24035090039,08-jun.-15,"II,III,V,T,S,A.H",
FARMACIAS GUADALAJARA,FARMACIA,"BENITO JUAREZ # 
122",CENTRO,,"SOLEDAD DE 
GRACIANO 
SANCHEZ",SAN LUIS POTOSI,24035090041,25.5.16,"II,III,V,T,S,A.H",
"FARMACIA INTERNA SALA DE URGENCIAS OLIMED 
ORIENTE",FARMACIA,"JOSE DE GALVEZ # 
101 INT J",REFORMA,,"SOLEDAD DE 
GRACIANO 
SANCHEZ",SAN LUIS POTOSI,24035090042,16.5.16,"I, II,III,V,T,S,A.H",
UMF # 5  IMSS,FARMACIA,"JUAREZ Y 
GUERRERO  S/N  
SOLEDAD",CENTRO,,"SOLEDAD DE 
GRACIANO 
SANCHEZ",SAN LUIS POTOSI,24035090021,05-oct.-06,"I,II,III,V,T,S,A,H",
EL PASTILLERO ANTES FARMACENTRO,FARMACIA,"MIGUEL HIDALGO #4-
A",CENTRO,,"SOLEDAD DE 
GRACIANO 
SANCHEZ",SAN LUIS POTOSI,24035090024,15-may.-07,"II,III,V,T,S,A,H",
SORIANA,FARMACIA,"CARRETERA 
CENTRAL Y 
GLORIETA JUAREZ",FIDEL VELAZQUEZ,,"SOLEDAD DE 
GRACIANO 
SANCHEZ",SAN LUIS POTOSI,24035090026,16-oct.-08,"I,II,III,V,T,S,A,H",
FARMACIA DE LA UMF SOLEDAD DE G.S.,FARMACIA,"VALLE DE JALPA 
ESQ. VALLE DE 
BELLAVISTA # 131",BELLAVISTA,,"SOLEDAD DE 
GRACIANO 
SANCHEZ",SAN LUIS POTOSI,24035090028,18/02/20010,"I,II,III,V,T,S,A,H",
FARMACENTRO QUINTAS,FARMACIA,AV. CACTUS # 1845,"QUINTAS DE LA 
HACIENDA",,"SOLEDAD DE 
GRACIANO 
SANCHEZ",SAN LUIS POTOSI,24035090029,16-mar.-10,"I,II,III,V,T,S,A,H",
HOSPITAL GENERAL DE SOLEDAD,FARMACIA,"AV. VALENTIN 
AMADOR # 1112","GENOVEVO RIVAS 
GUILLEN",,"SOLEDAD DE 
GRACIANO 
SANCHEZ",SAN LUIS POTOSI,24035090030,06-sep.-10,"I,II,III,V,T,S,A,H",
FARMACIA DEL AHORRO (SAN PEDRO),FARMACIA,"CARR. FED. 57, KM 
1456,",LAS PALMAS,,"SOLEDAD DE 
GRACIANO 
SANCHEZ",SAN LUIS POTOSI,24035090031,04-nov.-11,"II,III,V,T,S,A,H",
SANDRA FARMACIA,FARMACIA,"AV. SAN LUIS  # 1783-
A",SAN FELI´PE,,"SOLEDAD DE 
GRACIANO 
SANCHEZ",SAN LUIS POTOSI,24035090043,05.08.16,"II,III,V,T,S,A.H",
TIENDAS COMERCIAL MEXICANA,FARMACIA,"CARRETERA A 
RIOVERDE # 301",BUGAMBILIAS,,"SOLEDAD DE 
GRACIANO 
SANCHEZ",SAN LUIS POTOSI,24035090181,15-nov.-04,"I,II,III,V,T,S,A,H",
DE TODO,FARMACIA,"FRANCISCO Y 
MADERO SN",CENTRO,,TAMASOPO,SAN LUIS POTOSI,24036090001,26-mar.-99,"II,III,V,T,S,A,H",
FARMACIA UNIDAD DE MEDICINA FAMILIAR No. 12,FARMACIA,"KM 2  CARR. 
TAMASOPO - 
AGUABUENA",,,TAMASOPO,SAN LUIS POTOSI,24036090002,25-feb.-03,"I,II,III,V,T,S,A,H",
SN JOSE,FARMACIA,ALLENDE 10,CENTRO,,TAMASOPO,SAN LUIS POTOSI,24036090003,17-oct.-02,"II,III,V,T,S,A,H",
"FARMACIA DEL HOSPITAL BASICO COMUNITARIO DE 
TAMAZUNCHALE",FARMACIA,"CARR. A 
TAMAZUNCHALE - 
SAN MARTIN KM 6.5",RANCHO LA PITHAYA,,TAMAZUNCHALE,SAN LUIS POTOSI,24037090015,31-ene.-14,"I,II,III,V,T,S,A.H",
FARMACIA INT. CLINICA 3 AVES MARIAS,FARMACIA,MORELOS # 44-D,DEL CARMEN,,TAMAZUNCHALE,SAN LUIS POTOSI,24037090016,26-mar.-14,I II III V T S A H,
LA BOTICA DE TAMAZUNCHALE,FARMACIA,PLAZA JUAREZ # 33,CENTRO,,TAMAZUNCHALE,SAN LUIS POTOSI,24037090006,19-feb.-08,"I,II,III,V,T,S,A,H",
PLAZA,FARMACIA,AMADO NERVO # 9,CENTRO,,TAMAZUNCHALE,SAN LUIS POTOSI,24037090008,03-nov.-06,"II, III, V,T,S,A,H",
ISSSTE,FARMACIA,"KM. 5 CARR. TAMAZ - 
SAN MARTIN",ZACATIPAN,,TAMAZUNCHALE,SAN LUIS POTOSI,24037090010,14-jun.-10,"I,II,III,V,T,S,A,H",
PERPETUO SOCORRO,FARMACIA,AV. HIDALGO # 87,CENTRO,,TAMAZUNCHALE,SAN LUIS POTOSI,240600037,14-feb.-95,******,
EL SACRIFICIO,FARMACIA,FCO. I. MADERO # 15,BARRIO GUADALUPE,,TAMPACAN,SAN LUIS POTOSI,24038090001,04-dic.-02,"II,III,V,T",
FARMACIA SAN CARLOS,FARMACIA,"GUILLERMO PRIETA 
ESQ. COMONFORT 
S/N",CENTRO,,TAMUIN,SAN LUIS POTOSI,24040090010,01-ago.-13,"II,III,V,T,S,A.H",
FARMACIA MODERNA,FARMACIA,"PEDRO ANTONIO DE 
LOS SANTOS # 207",CENTRO,,TAMUIN,SAN LUIS POTOSI,24040090015,09-dic.-15,"II,III,V,T,S,A.H",
FARMACIAS GUADALAJARA,FARMACIA,"PEDRO ANTONIO DE 
LOS SANTOS # 101",VIVEROS,,TAMUIN,SAN LUIS POTOSI,24040090016,25.04.16,"II,III,V,T,S,A.H",
FARMACIA UNIDAD MEDICA FAMILIAR IMSS No.13,FARMACIA,"CARR. VALLES - 
TAMPICO KM 29",CENTRO,,TAMUIN,SAN LUIS POTOSI,24040090005,25-feb.-03,"II,III,V,T,S,A.H",
HOSPITAL BASICO COMUNITARIO DE TAMUIN,FARMACIA,"CUITLAHUAC ESQ. 
BOULEVARD 
ADOLFO LOPEZ 
MATEOS",PUEBLO NUEVO,,TAMUIN,SAN LUIS POTOSI,24040090009,22-mar.-10,"I,II,III,V,T,S,A.H",
FARMACIA MI BODEGA AURRERA TAMUIN,FARMACIA,LIBERTAD # 401,LINDAVISTA,,TAMUIN,SAN LUIS POTOSI,24040090010,11-sep.-12,"I,II,III,V,T,S,A.H",
FARMACIA POPULAR,FARMACIA,JARDIN HIDALGO 15,CENTRO,,TIERRA NUEVA,SAN LUIS POTOSI,24043090001,01/12/10,"I,II,III,V,T,S,A.H",
INTERNA  U.M.R.  # 40 / IMSS,FARMACIA,"CAR, SLP. CHARCAS 
KM 110",CENTRO,,VENADO,SAN LUIS POTOSI,24045090002,20/02/03,"I,II,III,V,T,S,A.H",
GUADALUPANA,FARMACIA,"INSURGENTES # 16 / 
15",CENTRO,,VILLA DE ARISTA,SAN LUIS POTOSI,24056090004,16/12/08,"II,III,V,T,S,A, H",
HOSPITAL BASICO COMUNITARIO DE VILLA DE ARISTA,FARMACIA,"CORDELIA # 8, 
CENTRO",CENTRO,,VILLA DE ARISTA,SAN LUIS POTOSI,2405609005,07/12/09,"I, II,III,V,T, S, A, H",
SAGRADO CORAZON,FARMACIA,ZARAGOZA # 86,CENTRO,,VILLA DE ARRIAGA,SAN LUIS POTOSI,2047000003,******,*******,
SANTA MARIA,FARMACIA,ZARAGOZA # 115,CENTRO,,VILLA DE ARRIAGA,SAN LUIS POTOSI,24046090001,09/09/02,"II,III,V,T,S,A, H",
FARMACIA DE LA SALUD,FARMACIA,TOMAS TAPIA # 22-A,CENTRO,,VILLA DE REYES,SAN LUIS POTOSI,24050090009,12-jul.-13,"I,II,III,V,T,S,A.H",
ROCHA,FARMACIA,JIMENEZ # 6,BARRIO ABASOLO,,VILLA DE REYES,SAN LUIS POTOSI,24050090001,05/11/10,"II,III,V,T,S,A, H",
SCORPIO,FARMACIA,"JULIAN DE LOS 
REYES # 7",CENTRO,,VILLA DE REYES,SAN LUIS POTOSI,24050090003,09/09/02,"II,III,V,T,S",
FARMACIA DEL CARMEN,FARMACIA,PLAZA JUAREZ # 18,CENTRO,,VILLA DE REYES,SAN LUIS POTOSI,24050090004,37508,"I,II,III,V,T,S,A.H",
LA GUADALUPANA,FARMACIA,ITURBIDE # 8-B,BARRIO SANTUARIO,,VILLA DE REYES,SAN LUIS POTOSI,24050090005,19/11/02,"I,II,III,V,T,S,A.H",
UNIDAD FAMILIAR # 20 IMSS,FARMACIA,"JAVIER MINA  ESQ. 
VILLERIAS",CENTRO,,VILLA DE REYES,SAN LUIS POTOSI,24050090008,19/11/02,"II,III,V,T",
DEL SAGRADO CORAZON,FARMACIA,TOMAS TAPIA # 19-A,BARRIO ABASOLO,,VILLA DE REYES,SAN LUIS POTOSI,2405009006,20/11/02,"I,II,III,V,T,S,A.H",
FARMACIA PAOLA,FARMACIA,"LAZARO CARDENAS 
# 18-A",CENTRO,,VILLA HIDALGO,SAN LUIS POTOSI,24051090001,06/07/09,"I, II,III,V,T, S, A, H",
DEL ANGEL,FARMACIA,COLON # 1-A,CENTRO,,VILLA JUAREZ,SAN LUIS POTOSI,24052090001,17 10/ 2007,"I,II,III,V,T,S,A,H)",
FARMACIA SANTA FE,FARMACIA,ESCOBEDO # 310,CENTRO,,XILITLA,SAN LUIS POTOSI,24054090004,30-jul.-15,"I,II,III,V,T,S,A.H",
"FARMACIA INTERNA DEL HOSPITAL BASICO 
COMUNITARIO DE XILITLA",FARMACIA,"CARR. FED. 120 
XILITLA –SAN JUAN 
DEL RIO KM. 2.60","SAN ANTONIO 
XALCUAYO II",,XILITLA,SAN LUIS POTOSI,24054090005,11-jul.-14,"II,III,V,T,S,A.H",
FARMACIA SAN AGUSTIN,FARMACIA,HIDALGO 203,CENTRO,,XILITLA,SAN LUIS POTOSI,24054090002,23-jun.-06,"I,II,III,V,T,S,A,H,",
SANTA FE,FARMACIA,ESCOBEDO # 310,CENTRO,,XILITLA,SAN LUIS POTOSI,24054090004,16-feb.-10,"I,II,III,V,T,S,A,H",
SAN JOSE,FARMACIA,OCAMPO # 19-C,CENTRO,,ZARAGOZA,SAN LUIS POTOSI,24055090001,20/11/02,"I,II,III,V,T,S,A.H",
UNIDAD FAMILIAR # 21,FARMACIA,"PLAZA DE SAN 
ANTONIO S/N",CENTRO,,ZARAGOZA,SAN LUIS POTOSI,24056090002,17/10/02,"I,II,III,V,T,S,A.H",
FARMACIA AXIOMA CENTRO MEDICO,FARMACIA,"FRAY DIEGO DE LA 
MAGDALENA # 530","JARDINES DE LA 
 RIVERA",78250,SAN LUIS POTOSI,SAN LUIS POTOSI,24028090371,26.09.16,"I,II,III,V,T,S,A.H",
SUPER FARMACIA SAN JUAN DE CERRITOS,FARMACIA,"VICENTE GUERRERO 
# 13",CENTRO,79402,CERRITOS,SAN LUIS POTOSI,24008090017,26.09.16,"I,II,III,V,T,S,A.H",
MUGUERZA SLP,FARMACIA,ARISTA # 931,TEQUISQUIAPAN,78250,SAN LUIS POTOSI,SAN LUIS POTOSI,24028090306,24.10.16,"I,II,III,V,T,S,A.H",
FARMACOS AUTOSERVICIOS,FARMACIA,"BENITO JUAREZ # 
1270 INT 7",VALLE DORADO,,SAN LUIS POTOSI,SAN LUIS POTOSI,24028090340,29.08.16,"II,III,V,T,S,A.H",
FARMACIA DEL AHORRO SUC DAMINA CARMONA,FARMACIA,AV. DE LA PAZ # 103,BARRIO DE SANTIAGO,,SAN LUIS POTOSI,SAN LUIS POTOSI,24028090372,31.10.16,"II,III,V,T,S,A.H",
DIXPERTIA S.A. DE C.V.,FARMACIA,CUAHUTEMOC # 335,MODERNA,78233,SAN LUIS POTOSI,SAN LUIS POTOSI,24028090373,11.11.16,"I,II,III,V,T,S,A.H",
FARMACIAS MED,FARMACIA,HIDALGO # 512,CENTRO,78700,MATEHUALA,SAN LUIS POTOSI,24020090028,20.12.16,"II,III,V,T,S,A.H",
FARMACIA SAN FRANCISCO DE CERRITOS,FARMACIA,HIDALGO  # 19,BARRIO SAN ANTONIO,79402,CERRITOS,SAN LUIS POTOSI,24008090010,9.1.17,"II,III,V,T,S,A.H",
PROFARMA,FARMACIA,"BOULEVARD POZOS 
# 201 H","SAN FRANCISCO DE 
POZOS",78421,SAN LUIS POTOSI,SAN LUIS POTOSI,24028090374,24.1.17,"II,III,V,T,S,A.H",
FARMACIA GUADALAJARA S.A DE C.V.,FARMACIA,"LIBRAMIENTO 
ORIENTE # 430",VILLAS DE FORESTA,78738,"SOLEDAD DE 
GRACIANO 
SANCHEZ",SAN LUIS POTOSI,24035090044,8.3.17,"II,III,V,T,S,A.H",
FARMACIA WAL MART SUPER CENTER EL PASEO,FARMACIA,"VICENTE RIVERA # 
450",EL PASEO,78320,SAN LUIS POTOSI,SAN LUIS POTOSI,24028090376,8.3.17,"II,III,V,T,S,A.H",
"SUPERMERCADOS INTERNACIONALES HEB S.A DE 
C.V.",FARMACIA,"AVENIDA BENITO 
JUAREZ # 1272",VALLE DORADO,78399,SAN LUIS POTOSI,SAN LUIS POTOSI,24028090377,15.317,"II,III,V,T,S,A.H",
FARMACIA GUADALAJARA S.A DE C.V.,FARMACIA,"CALZADA DE 
GUADALUPE # 4200",TEPEYAC,78384,SAN LUIS POTOSI,SAN LUIS POTOSI,24028090378,24.3.17,"II,III,V,T,S,A.H",
PROMEDIC,FARMACIA,"JUAN DE OÑATE # 
775",JARDIN,78270,SAN LUIS POTOSI,SAN LUIS POTOSI,24028090379,24.3.17,"II,III,V,T,S,A.H",
FARMACIA GUADALAJARA S.A DE C.V.,FARMACIA,"CARRETERA 
MATEHUALA #800",FRACC. LAS PALMAS,78143,"SOLEDAD DE 
GRACIANO 
SANCHEZ",SAN LUIS POTOSI,24035090045,12.4.17,"II,III,V,T,S,A.H",
FARMACIA  UMF 51 MARIA CECILILA,FARMACIA,"AV. POPOCATEPTL  
# 550","MARIA CECILIA 3ª. 
SECCION",78117,SAN LUIS POTOSI,SAN LUIS POTOSI,24 028 09 0380,24.5.17,"II,III,V,T,S,A.H",
FARMACIA FARELY’S,FARMACIA,"JOSE MARIA 
MORELOS # 42",SAN MIGUEL,79932,"AXTLA DE 
TERRAZAS",SAN LUIS POTOSI,24 053 09 0005,31.5.17,"II,III,V,T,S,A.H",
FARMACIA VAZRAD SAN LUIS,FARMACIA,"MARIANO OTERO # 
465",TEQUISQUIAPAN,78250,SAN LUIS POTOSI,SAN LUIS POTOSI,24 028 09 0381,11.7.17,"II,III,V,T,S,A.H",
DALACO S. DE R.L. DE C.V.,FARMACIA,"PROLONGACION 
MUÑOZ # 400 L2","LOMAS DEL BARRIO 
DE SANTIAGO",78170,SAN LUIS POTOSI,SAN LUIS POTOSI,24 028 09 0382,11.7.17,"II,III,V,T,S,A.H",
DALACO S. DE R.L. DE C.V,FARMACIA,"MANUEL J. 
CLOUTHIER # 263-A","FRACCIONAMIENTO 
TANGAMANGA",78269,SAN LUIS POTOSI,SAN LUIS POTOSI,24 028 09 0383,12.7.17,"II,III,V,T,S,A.H",
"PROVEEDOR FARMACEUTICO Y DERIVADOS 
MEDICOS SAN ANTONIO",FARMACIA,"MIGUEL BARRAGAN 
# 23",CENTRO,79300,CIUDAD DEL MAIZ,SAN LUIS POTOSI,24 010 09 0002,4.8.17,"II,III,V,T,S,A.H",
FARMACIAS MED,FARMACIA,"VENUSTIANO 
CARRANZA # 222",CENTRO,79000,SAN LUIS POTOSI,SAN LUIS POTOSI,24 013 09 0060,18.08.17,"II,III,V,T,S,A.H",
FARMACIA SAN JOSE,FARMACIA,"VICENTE C. SALAZAR 
# 1415",ALTAVISTA,79050,CD VALLES,SAN LUIS POTOSI,24 013 09 0058,22.08.17,"I,II,III,V,T,S,A.H",
DISTRIBUIDORA MEDICA HOSPITALARIA DE SAN LUIS P,OFATORMSIACIA,"PROLONGACION 
CORONEL ROMERO 
No. 2301-1",TIERRA BLANCA,78364,SAN LUIS POTOSI,SAN LUIS POTOSI,24 028 09 0384,19.09.17,"II,III,V,T,S,A.H",
FARMA MEDICA,FARMACIA,"CALLE LAS 
CASCADAS # 105-A","JARDINES DE LA 
RIVERA",78250,SAN LUIS POTOSI,SAN LUIS POTOSI,24 028 09 0385,10.10.17,"II,III,V,T,S,A.H",
COMERCIALIZADORA HEILSA S.A DE C.V.,FARMACIA,"BOULEVARD BENITO 
JUAREZ # 1210-3","FRACCIONAMIENTO 
VALLE DORADO",78399,SAN LUIS POTOSI,SAN LUIS POTOSI,24 028 09 0386,25.10.17,"II,III,V,T,S,A.H",
FARMACIAS FESA,FARMACIA,"ZENON 
FERNANDEZ  # 997",ALAMITOS,78280,SAN LUIS POTOSI,SAN LUIS POTOSI,24 028 09 0387,16.11.17,"I,II,III,V,T,S,A.H",
TIENDAS SORIANA S.A DE C.V,FARMACIA,"AV. SALVADOR  
NAVA S/N",TANGAMANGA,78269,SAN LUIS POTOSI,SAN LUIS POTOSI,24 028 09 0156,22.11.17,"II,III,V,T,S,A.H",
TIENDAS SORIANA S.A DE C.V,FARMACIA,"CARRETERA 
RIOVERDE # 301",BUGAMBILIAS,78436,SOLEDAD DE GRACIA,NSOAN S LAUNICSH PEOZT OSI,24 035 09 0181,22.11.17,"II,III,V,T,S,A.H",
TIENDAS SORIANA S.A DE C.V,FARMACIA,"AVENIDA HIMNO 
NACIONAL # 4005",HIMNO NACIONAL,78280,SAN LUIS POTOSI,SAN LUIS POTOSI,24 028 09 0152,27.11.17,"II,III,V,T,S,A.H",
FARMACIA SAN FRANCISCO DE CERRITOS,FARMACIA,"MIGUEL HIDALGO # 
19",BARRIO SAN ANTONIO,79402,CERRITOS,SAN LUIS POTOSI,24 008 09 0010,30.11.17,"I,II,III,V,T,S,A.H",
FARMAPRONTO PERIFERICO,FARMACIA,"RICARDO B. ANAYA 
# 2700","FRACC. LA LIBERTAD 
1ª. SECCION",78394,SAN LUIS POTOSI,SAN LUIS POTOSI,24 028 09 0388,30.11.17,"II,III,V,T,S,A.H",
FARMACIA GUADALAJARA S.A DE C.V.,FARMACIA,"FRANCISCO I. 
MADERO # 208 SUR",ZONA CENTRO,7900,CIUIDAD VALLES,SAN LUIS POTOSI,24 013 09 0061,11.12.17,"II,III,V,T,S,A.H",
FARMACIA SINERGYN,FARMACIA,ANAHUAC # 670,TEQUISQUIAPAN,78250,SAN LUIS POTOSI,SAN LUIS POTOSI,24 028 09 0389,19.12.17,"I,II,III,V,T,S,A.H",
FARMACIA HIDALGO,FARMACIA,NARVAEZ  #22,CENTRO,78870,GUADALCAZAR,SAN LUIS POTOSI,24 017 09 0010,19.12.17,"II,III,V,T,S,A.H",
FARMACIA  SAN SEBASTIAN.,FARMACIA,MANANTIALES  # 15,SAN SEBASTIAN,78920,VENADO,SAN LUIS POTOSI,24 045 09 0010,06.04.18,"II,III,V,T,S,A.H",
FARMACIA MI BODEGA AURRERA XILITLA,FARMACIA,"AV. 20 DE 
NOVIEMBRE  S/N",CENTRO,79900,XILITLA,SAN LUIS POTOSI,24 054 09 0006,25.01.18,"II,III,V,T,S,A.H",
SUPER  FARMACIAS SANTA MARIA,FARMACIA,"AVENIDA 
FRANCISCO I. 
MADERO # 27-A",CENTRO,78600,SALINAS,SAN LUIS POTOSI,24  025  09  0036,21.02.18,"II,III,V,T,S,A.H",
FARMACIAS CONTINENTALES,FARMACIA,"VENUSTIANO 
CARRANZA # 69",CENTRO,79000,CIUDAD VALLES,SAN LUIS POTOSI,24  013  09  0062,21.02.18,"II,III,V,T,S,A.H   BAJA 
PROPIETARIO 14/02/19",
FARMACIA GUADALAJARA S.A DE C.V.,FARMACIA,"CORDILLERA 
ORIENTAL S/N",LA SIERRA,78438,SAN LUIS POTOSI,SAN LUIS POTOSI,24 028 09 0390,21.03.18,"II,III,V,T,S,A.H",
FARMACIA GUADALAJARA S.A DE C.V.,FARMACIA,"AVENIDA DE LOS 
VALLES # 600",LA LIBERTAD,78438,SAN LUIS POTOSI,SAN LUIS POTOSI,24 028 09 0391,21.03.18,"II,III,V,T,S,A.H",
FARMACIA GUADALAJARA S.A DE C.V.,FARMACIA,CALLE 24  # 274,RANCHO LA LIBERTAD,78394,VILLA DE POZOS,SAN LUIS POTOSI,24 028 09 0392,28.03.18,"II,III,V,T,S,A.H",
FARMACIA INTERNA MATERNIDAD DR. JESUS N. NOYO,LFAA RMACIA,AV. MUÑOZ  # 255,TEQUISQUIAPAN,78258,SAN LUIS POTOSI,SAN LUIS POTOSI,24 028 09 0356,06.04.18,"I,II,III,V,T,S,A.H",
FARMACIA DEL AHORRO SUC. LOS BRAVO,FARMACIA,"CALLE LOS BRAVO # 
190",CENTRO,78000,SAN LUIS POTOSI,SAN LUIS POTOSI,24 028 09 0224,19.04.18,"II,III,V,T,S,A.H",
FARMACIA DEL AHORRO SUC. CONSTITUCION,FARMACIA,"CALLE SIMON DIAZ # 
690",SANTA FE,78350,SAN LUIS POTOSI,SAN LUIS POTOSI,24 028 09 0311,19.04.18,"II,III,V,T,S,A.H",
FARMACIA DEL AHORRO SUC. CALLE 8,FARMACIA,"AV. UNIVERSIDAD # 
1835",SAN LUIS,78310,SAN LUIS POTOSI,SAN LUIS POTOSI,24 028 09 0344,19.04.18,"II,III,V,T,S,A.H",
HOSPITAL RURAL 16 AXTLA DE TERRAZAS,FARMACIA,"LIBRAMIENTO AL 
COBACH  # 136",SANTA MARIA II,79930,"AXTLA DE 
TERRAZAS",SAN LUIS POTOSI,24 053 09 0007,25.04.18,"I,II,III,V,T,S,A.H",
FARMACIA GUADALAJARA S.A DE C.V,FARMACIA,"MARIANO ARISTA # 
203",ZONA CENTRO,78000,SAN LUIS POTOSI,SAN LUIS POTOSI,24 028 09 0077,09.05.18,"II,III,V,T,S,A.H",
:    FARMACENTRO,FARMACIA,"JARDIN HIDALGO # 2-
B",CENTRO,78421,VILLA DE POZOS,SAN LUIS POTOSI,24 028 09 0394,11.05.18,"II,III,V,T,S,A.H",
FARMACENTRO,FARMACIA,"CALLE 
INSURGENTES # 1",CENTRO,78422,LA PILA,SAN LUIS POTOSI,24 028 09 0393,11.05.18,"II,III,V,T,S,A.H",
DISTRIBUIDORA MEDICA HOSPITALARIA DE SAN LUIS P,OFATORMSIACIA,"TOMASA ESTEVES # 
815-B",ALAMITOS,78280,SAN LUIS POTOSI,SAN LUIS POTOSI,24 028 09 0384,11.05.18,"II,III,V,T,S,A.H",
FARMACIA DEL AHORRO SUC. SAN PEDRO,FARMACIA,"CARR.  FED.  57  #  
1450",LAS PALMAS,78435,SOLEDAD DE GRACIA,NSOAN S LAUNICSH PEOZT  OSI,24 035 09 0031,11.05.18,"II,III,V,T,S,A.H",
FARMACIA DEL AHORRO SUC. CAMPESTRE,FARMACIA,"AV. DEL PARQUE # 
320","FRACCIONAMIENTO 
CAMPESTRE SAN LUIS",78153,SAN LUIS POTOSI,SAN LUIS POTOSI,24 028 09 0227,11.05.18,"II,III,V,T,S,A.H",
FARMACENTRO MOCTEZUMA,FARMACIA,"PASAJE  
HERMENEGILDO 
GALEANA # 2",CENTRO,78900,MOCTEZUMA,SAN LUIS POTOSI,24 022 09 0010,15.06.18,"II,III,V,T,S,A.H",
FARMACIA UMF  43 CEDRAL,FARMACIA,JUAREZ # 33,ZONA CENTRO,78520,CEDRAL,SAN LUIS POTOSI,24 007 09 0010,14.06.18,"I,II,III,V,T,S,A.H",
FARMACENTRO  SOLEDAD,FARMACIA,"MIGUEL HIDALGO # 
410-A",CENTRO,78430,SOLEDAD DE GRACIA,NSOAN S LAUNICSH PEOZT OSI,24 035 09 0046,14.06.18,"II,III,V,T,S,A.H",
FARMACIA UMF 46 VANEGAS,FARMACIA,ZARAGOZA   S/N,CENTRO,78500,ZARAGOZA,SAN LUIS POTOSI,24 044 09 0010,14.06.18,"I,II,III,V,T,S,A.H",
FARMACENTRO   PASTILLERO,FARMACIA,"JARDIN HIDALGO # 4-
A",CENTRO,78430,SOLEDAD DE GRACIA,NSOAN S LAUNICSH PEOZT  OSI,24 035 09 0034,26.06.18,"II,III,V,T,S,A.H",
FARMACENTRO   LA PILA,FARMACIA,INSURGENTES # 1,C ENTRO,78422,LA PILA,SAN LUIS POTOSI,24 028 09 0393,26.06.18,"II,III,V,T,S,A.H",
FARMACENTRO  POZOS,FARMACIA,"JARDIN HIDALGO # 2-
B",CENTRO,78421,VILLA DE POZOS,SAN LUIS POTOSI,24 028 09 0394,26.06.18,"II,III,V,T,S,A.H",
SUPER FARMACIA MEDICA,FARMACIA,"FRANCISCO I. 
MADERO # 705",ZONA CENTRO,78000,SAN LUIS POTOSI,SAN LUIS POTOSI,24 028 09 0395,09.07.18,"I,II,III,V,T,S,A.H",
ROZAHO S.A DE C.V.,FARMACIA,"AVENIDA MUÑOZ # 
510",TEQUISQUIAPAN,78250,SAN LUIS POTOSI,SAN LUIS POTOSI,24 028 09 0396,09.07.18,"I,II,III,V,T,S,A.H",
FARMACENTRO   MOCTEZUMA,FARMACIA,"PASAJE 
HERMENEGILDO 
GALEANA # 2",CENTRO,78900,MOCTEZUMA,SAN LUIS POTOSI,24 022 09 0010,11.07.18,"II,III,V,T,S,A.H",
FARMACENTRO   CLINICA,FARMACIA,"MIGUEL HIDALGO # 
410-A",CENTRO,78430,SOLEDAD DE GRACIA,NSOAN S LAUNICSH PEOZT  OSI,24 035 09 0046,11.07.18,"II,III,V,T,S,A.H",
"FARMACIAS BENAVIDES, S.A.B. DE C.V.  SUCURSAL TO",RFRAER MVIASCTIAARA,"CHAPULTEPEC # 
1256","PRIVADAS DEL 
PEDREGAL",78295,SAN LUIS POTOSI,SAN LUIS POTOSI,24 028 09 0397,07.08.18,"II,III,V,T,S,A.H",
FARMACIA GUADALAJARA S.A DE C.V.,FARMACIA,"CALLE DE LA 
MONTAÑA # 117",FRACC. DEL BOSQUE,78394,VILLA DE POZOS,SAN LUIS POTOSI,24 028 09 0398,24.08.18,"II,III,V,T,S,A.H",
FARMACENTRO,FARMACIA,"CALLE  PLAZA 
JULIAN CARRILLO # 
16-A",CENTRO,78450,AHUALULCO,SAN LUIS POTOSI,24 001 09 0005,24.08.18,"II,III,V,T,S,A.H",
FARMACENTRO,FARMACIA,"CALLE  PLAZA  
PRINCIPAL # 7",BARRIO DE MEXICO,79500,VILLA DE REYES,SAN LUIS POTOSI,24 050 09 0010,24.08.18,"II,III,V,T,S,A.H",
FARMACENTRO,FARMACIA,"CALLE MIGUEL 
HIDALGO # 3",CENTRO,79440,CERRITOS,SAN LUIS POTOSI,24 008 09 0018,24.08.18,"II,III,V,T,S,A.H",
BODEGA AURERRA PERIFERICO ORIENTE,FARMACIA,"ANILLO PERIFERICO  
#2190",CRUZ COLORADA,78438,SOLEDAD DE GRACIA,NSOAN S LAUNICSH PEOZT  OSI,24 035 09 0047,07.09.18,"II,III,V,T,S,A.H",
FARMACENTRO  AHUALULCO,FARMACIA,"CALLE  PLAZA 
JULIAN CARRILLO # 
16-A",CENTRO,78450,AHUALULCO,SAN LUIS POTOSI,24 001 09 0005,12.09.18,"II,III,V,T,S,A.H",
FARMACENTRO  REYES,FARMACIA,PLAZA PRINCIPAL # 7,B  A  R RIO DE MEXICO,79500,VILLA DE REYES,SAN LUIS POTOSI,24 050 09 0010,12.09.18,"II,III,V,T,S,A.H",
FARMACENTRO  CERRITOS,FARMACIA,MIGUEL HIDALGO # 3,C   E  N TRO,79400,CERRITOS,SAN LUIS POTOSI,24 008 09 0018,25.09.18,"II,III,V,T,S,A.H",
CENTRO MÉDICO PAO,FARMACIA,"HÉROES 
POTOSINOS # 102",CENTRO,78700,MATEHUALA,SAN LUIS POTOSI,24 020 09 0002,9.10.18,"I,II,III,V,T,S,A.H",
FARMACIA SAN ANTONIO,FARMACIA,"BLVD. MIGUEL 
BARRAGÁN  #23",CENTRO,79300,CIUDAD VALLES,SAN LUIS POTOSI,24 010 09 0002,15.10.18,"I,II,III,V,T,S,A.H",
SUPER FARMACIA SANTA MARÍA,FARMACIA,"CALLE PLAZA 
HIDALGO # 1",CENTRO,78600,SALINAS,SAN LUIS POTOSI,24 025 09 0003,17.10.18,"I,II,III,V,T,S,A.H",
FARMACIA BODEGA AURRERA VENCEDOR,FARMACIA,"BULAVARD MEXICO 
LAREDO #934 SUR",MORALES,79080,CIUDAD VALLES,SAN LUIS POTOSI,24 013 09 0004,5.11.18,"II,III,V,T,S,A.H",
"HOSPITAL NUESTRA SEÑORA DE LOS ÁNGELES, S.C.",FARMACIA,"AV. ADOLFO LÓPEZ 
MATÉOS  # 372",SAUCITO,78110,SAN LUIS POTOSI,SAN LUIS POTOSI,24 028 09 0005,15.11.18,"I,II,III,V,T,S,A.H",
FARMACIA INTERNA DE LA CLINICA RIOVERDE,FARMACIA,"CALLA MOLLINEDO 
#402",CENTTRO,79610,RIOVERDE,SAN LUIS POTOSI,24 024 09 0006,19.12.18,"I,II,III,V,T,S,A.H",
FARMACIA HOMEOPATICA HAHNEMANN,"FARMACIA 
HOMEOPÁTICA","VALENTIN GAMA # 
520-A",DEL VALLE,78200,SAN LUIS POTOSI,SAN LUIS POTOSI,24 028 11 0007,21.12.18,"PRODUCTOS 
HOMEOPÁTICOS",
DALACO S. DE R.L. DE C.V,FARMACIA,"AV. BENITO JUÁREZ 
#1401-14",PROVIDENCIA,78390,SAN LUIS POTOSI,SAN LUIS POTOSI,24 028 09 0008,25.01.19,"I,II,III,V,T,S,A.H",
"PROVEEDORA FARMACÉUTICA RAMÍREZ S.A. DE C.V.  
(HOSPITAL ESPECIALIDADES MÉDICAS DE LA SALUD)",FARMACIA,"AV. BENITO JUÁREZ 
# 1210   LOCAL 7",VALLE  DORADO,78399,SAN LUIS POTOSI,SAN LUIS POTOSI,24 028 09 0011,13.02.19,"I,II,III,V,T,S,A.H",
"FARMACIAS ESPECIALIZADAS SUCURSAL SAN LUIS 
POTOSÍ 1",FARMACIA,"AV. VENUSTIANO 
CARRANZA # 777",MODERNA,78250,SAN LUIS POTOSI,SAN LUIS POTOSI,24 028 09 0201,22.02.19,"I,II,III,V,T,S,A.H",
"FARMACIAS ESPECIALIZADAS SUCURSAL SAN LUIS 
POTOSÍ 2",FARMACIA,"AV. VENUSTIANO 
CARRANZA # 2325 
LOCAL 20",POLANCO,78220,SAN LUIS POTOSI,SAN LUIS POTOSI,24 028 09 0271,22.02.19,"I,II,III,V,T,S,A.H",
FARMACIA INTERNA ENDOTEC.S.A. DE C.V.,FARMACIA,"AV. PASEO DE LOS 
DERECHOS 
HUMANOS  # 215 
LOCAL 3","LOMAS DE LOS 
FILTROS",78219,SAN LUIS POTOSI,SAN LUIS POTOSI,24 028 09 0014,13.02.19,"I,II,III,V,T,S,A.H",
FARMACIA HEILSA,FARMACIA,"CALLE MOCTEZUMA 
# 101",CENTRO,79610,RIOVERDE,SAN LUIS POTOSI,25 024 09 0015,04.03.19,"I,II,III,V,T,S,A.H",
DERMA PLASTIC,FARMACIA,"CALLE MARIANO 
ARISTA #900 INT. A",TEQUISQUIAPAN,78230,SAN LUIS POTOSI,SAN LUIS POTOSI,26 028 09 0016,04.03.19,"II,III,V,T,S,A.H",
FARMACIA GUADALAJARA S.A DE C.V.,FARMACIA,"PROL. PEDRO 
VALLEJO # 2060","BARRIO SAN JUAN DE 
GUADALUPE",78359,SAN LUIS POTOSI,SAN LUIS POTOSI,24 028 09 0017,14.03.19,"II,III,V,T,S,A.H",
FARMACIA DE LA CRUZ,FARMACIA,"FRANCISCO I 
MADERO No.108",ZONA CENTRO,79000,CIUDAD VALLES,SAN LUIS POTOSI,24 013 09 0018,26.03.19,"II,III,V,T,S,A.H",
FUNDACIÓN DOCTOR MENDOZA BARBOSA A.C.,FARMACIA,"AV. REAL DE LOMAS 
1015 PLANTA BAJA 
TORRE 2 No. 1015-A",LOMAS 4A SECC,78216,SAN LUIS POTOSI,SAN LUIS POTOSI,24 028 09 0019,02.04.19,"II,III,V,T,S,A.H",
ROYAL PRODUCTOS Y SERVICIOS S.A. DE C.V.,FARMACIA,"AV. CORDILLERA 
ORIENTAL No. 257",LOMAS 3A SECCION,78216,SAN LUIS POTOSI,SAN LUIS POTOSI,24 028 09 0020,16.04.19,"II,III,V,T,S,A.H",
FARMACIA EMMANUEL,FARMACIA,"CALLE BUSTAMANTE 
No. 611",CENTRO,78700,MATEHUALA,SAN LUIS POTOSI,24 020 09 0021,26.04.16,"II,III,V,T,S,A.H",
FARMACIA BODEGA AURRERA RIO ESPAÑITA,FARMACIA,"BOULEVARD RIO 
ESPAÑITA No. 1836","FRACC. JARDINES 
DEL SUR",78399,SAN LUIS POTOSI,SAN LUIS POTOSI,24 028 09 0022,14.05.19,"II,III,V,T,S,A.H",
"FARMACIAS BENAVIDES S.A.B. DE C.V. (SUC. CENTRO 
SAN LUIS)",FARMACIA,"PASCUAL M. 
HERNANDEZ No. 290",CENTRO,78000,SAN LUIS POTOSI,SAN LUIS POTOSI,24 028 09 0023,18.06.19,"II,III,V,T,S,A.H",
FARMACIA GUADALAJARA S.A DE C.V.,FARMACIA,"DAMIAN CARMONA 
No. 1215",BARRIO DE SANTIAGO,78049,SAN LUIS POTOSI,SAN LUIS POTOSI,24 028 09 0024,16/07/19,"II,III,V,T,S,A.H",
LASER SAN LUIS S.A DE C.V.,FARMACIA,"AV. VENUSTIANO 
CARRANZA No. 2055",JARDIN,78270,SAN LUIS POTOSI,SAN LUIS POTOSI,24 028 09 0025,22/07/19,"II,III,V,T,S,A.H",
"FAMCIA BENAVIDES S.A.B. DE C.V. /SUCURSAL TORRE 
VISTARA",FARMACIA,"BOULEVARD (BLVD.) 
CHAPULTEPEC # 
1256 LOCALES 1 Y 2","PRIVADAS DEL 
PEDREGAL",78295,SAN LUIS POTOSÍ,SAN LUIS POTOSI,24 028 09 0009,23/07/19,"II,III,V,T,S,A.H",
"FARMACIA BENAVIDES S.A.B. DE C.V. SUC. SAN LUIS 
POTOSI 3",FARMACIA,"AVENIDA (AV.) 
PROLON. MUÑOZ # 
1005",RETORNOS,78140,SAN LUIS POTOSÍ,SAN LUIS POTOSI,24 028 09 0010,23/07/19,"II,III,V,T,S,A.H",
FARMACIA GUADALAJARA S.A DE C.V.,FARMACIA,"AV. ADOLFO LÓPEZ 
MATEOS No. 435",FRACC. EL SAUCITO,78110,SAN LUIS POTOSI,SAN LUIS POTOSI,24 028 09 0026,25/07/19,"II,III,V,T,S,A.H",
FARMACIAS MEDIPRONTO,FARMACIA,"VENUSTIANO 
CARRANZA No. 82",ZONA CENTRO,79000,CIUDAD VALLES,SAN LUIS POTOSI,24 013 09 0027,26/07/19,"II,III,V,T,S,A.H",
DALACO S.A. R.L. DE C.V.,FARMACIA,"AV.VENUSTIANO 
CARRANZA No. 2310",POLANCO,78220,SAN LUIS POTOSI,SAN LUIS POTOSI,24028090028,08/08/19,"II,III,V,T,S,A.H",
FARMACIA BODEGA AURRERA RIO MEXQUITE,FARMACIA,"AVENIDA MEZQUITA 
No. 490","POTRERO DE 
ADENTRO",78433,"SOLEDAD DE 
GRACIANO 
SÁNCHEZ",SAN LUIS POTOSI,24035090029,12/08/19,"II,III,V,T,S,A.H",
DOSE  UP- DROGUERÍA,DROGUERIA,"CALLE VISTA 
HAvE.R VMEONSUAS TNIAo.N 1O9 0","JARDINES DE LA 
RIVERA",78250,SAN LUIS POTOSI,SAN LUIS POTOSI,24028090032,09/09/19,"I, II,III,V,T,S,A.H",
"DISTRIBUCIÓN ESPECIALIZADA DE MEDICAMENTOS 
S.A. DE C.V.",FARMACIA,"CARRANZA No. 1563-
2",TEQUISQUIAPAN,78250,SAN LUIS POTOSI,SAN LUIS POTOSI,24028090031,02/09/19,"I, II,III,V,T,S,A.H",
"GRUPO GUARPA S.C. DE R.L. DE C.V.UNIDAD 
QUIRURGICA AMBULATORIA",FARMACIA,"CALLE CUMBRES DE 
ACULTINZGO No. 160","CUMBRES DE SAN 
LUIS",78214,SAN LUIS POTOSI,SAN LUIS POTOSI,24028090033,27/09/19,"I, II,III,V,T,S,A.H",